entity_id,entity_name,entity_type,agency,state,road_class,metric,value,unit,original_value,original_unit,period_start,period_end,period_basis,estimate_type,statement_basis,data_as_of,published_at,source_id,citation_url,table_page,evidence_class,analytical_eligible,source_document_sha256,notes,entity,year,metric_name,metric_value,metric_category,source_type,asset_id,project_name,nh_number,project_stage,scheduled_completion_date,likely_completion_date,actual_completion_date,comparison_group,asset_owner_id,implementing_agency_id,operator_id,concessionaire_id,financing_entity_id,contractor_name,disclosure_as_of,estimate_vintage,reported_period
adb_52298_001,Maharashtra State Road Improvement Project / ADB52298-001,project,MPWD,Maharashtra,SH and MDR,project_government_funds_received_inr_crore,13.58,INR crore,135800.0,INR thousand,2024-04-01,2025-05-19,reporting_period,actual,project_cash_basis_receipts_payments,2025-05-19,2025-09-05,adb_state_road_projects,https://www.adb.org/sites/default/files/project-documents/52298/52298-001-apfs-en_3.pdf,PDF p3; Annexure1; Funds received from Government,borrower_audited_project_disclosure,True,d8d949023e38e46929f39edf948b642fcc670d34332e841ba186121d0b955ffd,"Cash-basis MPWD project accounts, Loan3911-IND; Government of India is borrower and ADB lender. Project finances are not whole-state debt or an SPV balance sheet. Printed INR'000 normalized by0.0001 to INR crore. Current period ends19May2025 rather than31March2025; cumulative flows overlap annual flows and must not be added. Amounts in thousands are rounded; minor component discrepancies are preserved, not reconciled by invented values. ADB Loan receipts, maintenance, financing-charge and resettlement source dashes have no numerical facts.",Maharashtra State Road Improvement Project / ADB52298-001,2025,project_government_funds_received_inr_crore,13.58,issuer_disclosed,issuer,,Maharashtra State Road Improvement Project,,,,,,project_cash_basis_receipts_payments|SH and MDR,,maharashtra_public_works_department,,,adb,,,,
adb_52298_001,Maharashtra State Road Improvement Project / ADB52298-001,project,MPWD,Maharashtra,SH and MDR,project_government_funds_received_inr_crore,137.3033,INR crore,1373033.0,INR thousand,2023-04-01,2024-03-31,fiscal_year,actual,project_cash_basis_receipts_payments,2024-03-31,2025-09-05,adb_state_road_projects,https://www.adb.org/sites/default/files/project-documents/52298/52298-001-apfs-en_3.pdf,PDF p3; Annexure1; Funds received from Government,borrower_audited_project_disclosure,True,d8d949023e38e46929f39edf948b642fcc670d34332e841ba186121d0b955ffd,"Cash-basis MPWD project accounts, Loan3911-IND; Government of India is borrower and ADB lender. Project finances are not whole-state debt or an SPV balance sheet. Printed INR'000 normalized by0.0001 to INR crore. Current period ends19May2025 rather than31March2025; cumulative flows overlap annual flows and must not be added. Amounts in thousands are rounded; minor component discrepancies are preserved, not reconciled by invented values. ADB Loan receipts, maintenance, financing-charge and resettlement source dashes have no numerical facts.",Maharashtra State Road Improvement Project / ADB52298-001,2024,project_government_funds_received_inr_crore,137.3033,issuer_disclosed,issuer,,Maharashtra State Road Improvement Project,,,,,,project_cash_basis_receipts_payments|SH and MDR,,maharashtra_public_works_department,,,adb,,,,
adb_52298_001,Maharashtra State Road Improvement Project / ADB52298-001,project,MPWD,Maharashtra,SH and MDR,project_government_funds_received_inr_crore,1725.3814,INR crore,17253814.0,INR thousand,2020-04-01,2025-05-19,project_cumulative,actual,project_cash_basis_receipts_payments,2025-05-19,2025-09-05,adb_state_road_projects,https://www.adb.org/sites/default/files/project-documents/52298/52298-001-apfs-en_3.pdf,PDF p3; Annexure1; Funds received from Government,borrower_audited_project_disclosure,True,d8d949023e38e46929f39edf948b642fcc670d34332e841ba186121d0b955ffd,"Cash-basis MPWD project accounts, Loan3911-IND; Government of India is borrower and ADB lender. Project finances are not whole-state debt or an SPV balance sheet. Printed INR'000 normalized by0.0001 to INR crore. Current period ends19May2025 rather than31March2025; cumulative flows overlap annual flows and must not be added. Amounts in thousands are rounded; minor component discrepancies are preserved, not reconciled by invented values. ADB Loan receipts, maintenance, financing-charge and resettlement source dashes have no numerical facts.",Maharashtra State Road Improvement Project / ADB52298-001,2025,project_government_funds_received_inr_crore,1725.3814,issuer_disclosed,issuer,,Maharashtra State Road Improvement Project,,,,,,project_cash_basis_receipts_payments|SH and MDR,,maharashtra_public_works_department,,,adb,,,,
adb_52298_001,Maharashtra State Road Improvement Project / ADB52298-001,project,MPWD,Maharashtra,SH and MDR,project_civil_works_expenditure_inr_crore,46.0306,INR crore,460306.0,INR thousand,2024-04-01,2025-05-19,reporting_period,actual,project_cash_basis_receipts_payments,2025-05-19,2025-09-05,adb_state_road_projects,https://www.adb.org/sites/default/files/project-documents/52298/52298-001-apfs-en_3.pdf,PDF p3; Annexure1; Civil Works,borrower_audited_project_disclosure,True,d8d949023e38e46929f39edf948b642fcc670d34332e841ba186121d0b955ffd,"Cash-basis MPWD project accounts, Loan3911-IND; Government of India is borrower and ADB lender. Project finances are not whole-state debt or an SPV balance sheet. Printed INR'000 normalized by0.0001 to INR crore. Current period ends19May2025 rather than31March2025; cumulative flows overlap annual flows and must not be added. Amounts in thousands are rounded; minor component discrepancies are preserved, not reconciled by invented values. ADB Loan receipts, maintenance, financing-charge and resettlement source dashes have no numerical facts.",Maharashtra State Road Improvement Project / ADB52298-001,2025,project_civil_works_expenditure_inr_crore,46.0306,issuer_disclosed,issuer,,Maharashtra State Road Improvement Project,,,,,,project_cash_basis_receipts_payments|SH and MDR,,maharashtra_public_works_department,,,adb,,,,
adb_52298_001,Maharashtra State Road Improvement Project / ADB52298-001,project,MPWD,Maharashtra,SH and MDR,project_civil_works_expenditure_inr_crore,121.5115,INR crore,1215115.0,INR thousand,2023-04-01,2024-03-31,fiscal_year,actual,project_cash_basis_receipts_payments,2024-03-31,2025-09-05,adb_state_road_projects,https://www.adb.org/sites/default/files/project-documents/52298/52298-001-apfs-en_3.pdf,PDF p3; Annexure1; Civil Works,borrower_audited_project_disclosure,True,d8d949023e38e46929f39edf948b642fcc670d34332e841ba186121d0b955ffd,"Cash-basis MPWD project accounts, Loan3911-IND; Government of India is borrower and ADB lender. Project finances are not whole-state debt or an SPV balance sheet. Printed INR'000 normalized by0.0001 to INR crore. Current period ends19May2025 rather than31March2025; cumulative flows overlap annual flows and must not be added. Amounts in thousands are rounded; minor component discrepancies are preserved, not reconciled by invented values. ADB Loan receipts, maintenance, financing-charge and resettlement source dashes have no numerical facts.",Maharashtra State Road Improvement Project / ADB52298-001,2024,project_civil_works_expenditure_inr_crore,121.5115,issuer_disclosed,issuer,,Maharashtra State Road Improvement Project,,,,,,project_cash_basis_receipts_payments|SH and MDR,,maharashtra_public_works_department,,,adb,,,,
adb_52298_001,Maharashtra State Road Improvement Project / ADB52298-001,project,MPWD,Maharashtra,SH and MDR,project_civil_works_expenditure_inr_crore,1493.4706,INR crore,14934706.0,INR thousand,2020-04-01,2025-05-19,project_cumulative,actual,project_cash_basis_receipts_payments,2025-05-19,2025-09-05,adb_state_road_projects,https://www.adb.org/sites/default/files/project-documents/52298/52298-001-apfs-en_3.pdf,PDF p3; Annexure1; Civil Works,borrower_audited_project_disclosure,True,d8d949023e38e46929f39edf948b642fcc670d34332e841ba186121d0b955ffd,"Cash-basis MPWD project accounts, Loan3911-IND; Government of India is borrower and ADB lender. Project finances are not whole-state debt or an SPV balance sheet. Printed INR'000 normalized by0.0001 to INR crore. Current period ends19May2025 rather than31March2025; cumulative flows overlap annual flows and must not be added. Amounts in thousands are rounded; minor component discrepancies are preserved, not reconciled by invented values. ADB Loan receipts, maintenance, financing-charge and resettlement source dashes have no numerical facts.",Maharashtra State Road Improvement Project / ADB52298-001,2025,project_civil_works_expenditure_inr_crore,1493.4706,issuer_disclosed,issuer,,Maharashtra State Road Improvement Project,,,,,,project_cash_basis_receipts_payments|SH and MDR,,maharashtra_public_works_department,,,adb,,,,
adb_52298_001,Maharashtra State Road Improvement Project / ADB52298-001,project,MPWD,Maharashtra,SH and MDR,project_utility_shifting_expenditure_inr_crore,0.8652000000000001,INR crore,8652.0,INR thousand,2024-04-01,2025-05-19,reporting_period,actual,project_cash_basis_receipts_payments,2025-05-19,2025-09-05,adb_state_road_projects,https://www.adb.org/sites/default/files/project-documents/52298/52298-001-apfs-en_3.pdf,PDF p3; Annexure1; Utility Shifting,borrower_audited_project_disclosure,True,d8d949023e38e46929f39edf948b642fcc670d34332e841ba186121d0b955ffd,"Cash-basis MPWD project accounts, Loan3911-IND; Government of India is borrower and ADB lender. Project finances are not whole-state debt or an SPV balance sheet. Printed INR'000 normalized by0.0001 to INR crore. Current period ends19May2025 rather than31March2025; cumulative flows overlap annual flows and must not be added. Amounts in thousands are rounded; minor component discrepancies are preserved, not reconciled by invented values. ADB Loan receipts, maintenance, financing-charge and resettlement source dashes have no numerical facts.",Maharashtra State Road Improvement Project / ADB52298-001,2025,project_utility_shifting_expenditure_inr_crore,0.8652000000000001,issuer_disclosed,issuer,,Maharashtra State Road Improvement Project,,,,,,project_cash_basis_receipts_payments|SH and MDR,,maharashtra_public_works_department,,,adb,,,,
adb_52298_001,Maharashtra State Road Improvement Project / ADB52298-001,project,MPWD,Maharashtra,SH and MDR,project_utility_shifting_expenditure_inr_crore,1.6694,INR crore,16694.0,INR thousand,2023-04-01,2024-03-31,fiscal_year,actual,project_cash_basis_receipts_payments,2024-03-31,2025-09-05,adb_state_road_projects,https://www.adb.org/sites/default/files/project-documents/52298/52298-001-apfs-en_3.pdf,PDF p3; Annexure1; Utility Shifting,borrower_audited_project_disclosure,True,d8d949023e38e46929f39edf948b642fcc670d34332e841ba186121d0b955ffd,"Cash-basis MPWD project accounts, Loan3911-IND; Government of India is borrower and ADB lender. Project finances are not whole-state debt or an SPV balance sheet. Printed INR'000 normalized by0.0001 to INR crore. Current period ends19May2025 rather than31March2025; cumulative flows overlap annual flows and must not be added. Amounts in thousands are rounded; minor component discrepancies are preserved, not reconciled by invented values. ADB Loan receipts, maintenance, financing-charge and resettlement source dashes have no numerical facts.",Maharashtra State Road Improvement Project / ADB52298-001,2024,project_utility_shifting_expenditure_inr_crore,1.6694,issuer_disclosed,issuer,,Maharashtra State Road Improvement Project,,,,,,project_cash_basis_receipts_payments|SH and MDR,,maharashtra_public_works_department,,,adb,,,,
adb_52298_001,Maharashtra State Road Improvement Project / ADB52298-001,project,MPWD,Maharashtra,SH and MDR,project_utility_shifting_expenditure_inr_crore,77.9156,INR crore,779156.0,INR thousand,2020-04-01,2025-05-19,project_cumulative,actual,project_cash_basis_receipts_payments,2025-05-19,2025-09-05,adb_state_road_projects,https://www.adb.org/sites/default/files/project-documents/52298/52298-001-apfs-en_3.pdf,PDF p3; Annexure1; Utility Shifting,borrower_audited_project_disclosure,True,d8d949023e38e46929f39edf948b642fcc670d34332e841ba186121d0b955ffd,"Cash-basis MPWD project accounts, Loan3911-IND; Government of India is borrower and ADB lender. Project finances are not whole-state debt or an SPV balance sheet. Printed INR'000 normalized by0.0001 to INR crore. Current period ends19May2025 rather than31March2025; cumulative flows overlap annual flows and must not be added. Amounts in thousands are rounded; minor component discrepancies are preserved, not reconciled by invented values. ADB Loan receipts, maintenance, financing-charge and resettlement source dashes have no numerical facts.",Maharashtra State Road Improvement Project / ADB52298-001,2025,project_utility_shifting_expenditure_inr_crore,77.9156,issuer_disclosed,issuer,,Maharashtra State Road Improvement Project,,,,,,project_cash_basis_receipts_payments|SH and MDR,,maharashtra_public_works_department,,,adb,,,,
adb_52298_001,Maharashtra State Road Improvement Project / ADB52298-001,project,MPWD,Maharashtra,SH and MDR,project_social_mitigation_expenditure_inr_crore,0.7633000000000001,INR crore,7633.0,INR thousand,2023-04-01,2024-03-31,fiscal_year,actual,project_cash_basis_receipts_payments,2024-03-31,2025-09-05,adb_state_road_projects,https://www.adb.org/sites/default/files/project-documents/52298/52298-001-apfs-en_3.pdf,PDF p3; Annexure1; Social Mitigation and gender aspects,borrower_audited_project_disclosure,True,d8d949023e38e46929f39edf948b642fcc670d34332e841ba186121d0b955ffd,"Cash-basis MPWD project accounts, Loan3911-IND; Government of India is borrower and ADB lender. Project finances are not whole-state debt or an SPV balance sheet. Printed INR'000 normalized by0.0001 to INR crore. Current period ends19May2025 rather than31March2025; cumulative flows overlap annual flows and must not be added. Amounts in thousands are rounded; minor component discrepancies are preserved, not reconciled by invented values. ADB Loan receipts, maintenance, financing-charge and resettlement source dashes have no numerical facts.",Maharashtra State Road Improvement Project / ADB52298-001,2024,project_social_mitigation_expenditure_inr_crore,0.7633000000000001,issuer_disclosed,issuer,,Maharashtra State Road Improvement Project,,,,,,project_cash_basis_receipts_payments|SH and MDR,,maharashtra_public_works_department,,,adb,,,,
adb_52298_001,Maharashtra State Road Improvement Project / ADB52298-001,project,MPWD,Maharashtra,SH and MDR,project_social_mitigation_expenditure_inr_crore,4.7250000000000005,INR crore,47250.0,INR thousand,2020-04-01,2025-05-19,project_cumulative,actual,project_cash_basis_receipts_payments,2025-05-19,2025-09-05,adb_state_road_projects,https://www.adb.org/sites/default/files/project-documents/52298/52298-001-apfs-en_3.pdf,PDF p3; Annexure1; Social Mitigation and gender aspects,borrower_audited_project_disclosure,True,d8d949023e38e46929f39edf948b642fcc670d34332e841ba186121d0b955ffd,"Cash-basis MPWD project accounts, Loan3911-IND; Government of India is borrower and ADB lender. Project finances are not whole-state debt or an SPV balance sheet. Printed INR'000 normalized by0.0001 to INR crore. Current period ends19May2025 rather than31March2025; cumulative flows overlap annual flows and must not be added. Amounts in thousands are rounded; minor component discrepancies are preserved, not reconciled by invented values. ADB Loan receipts, maintenance, financing-charge and resettlement source dashes have no numerical facts.",Maharashtra State Road Improvement Project / ADB52298-001,2025,project_social_mitigation_expenditure_inr_crore,4.7250000000000005,issuer_disclosed,issuer,,Maharashtra State Road Improvement Project,,,,,,project_cash_basis_receipts_payments|SH and MDR,,maharashtra_public_works_department,,,adb,,,,
adb_52298_001,Maharashtra State Road Improvement Project / ADB52298-001,project,MPWD,Maharashtra,SH and MDR,project_environmental_mitigation_expenditure_inr_crore,1.5262,INR crore,15262.0,INR thousand,2020-04-01,2025-05-19,project_cumulative,actual,project_cash_basis_receipts_payments,2025-05-19,2025-09-05,adb_state_road_projects,https://www.adb.org/sites/default/files/project-documents/52298/52298-001-apfs-en_3.pdf,PDF p3; Annexure1; Environmental Mitigation,borrower_audited_project_disclosure,True,d8d949023e38e46929f39edf948b642fcc670d34332e841ba186121d0b955ffd,"Cash-basis MPWD project accounts, Loan3911-IND; Government of India is borrower and ADB lender. Project finances are not whole-state debt or an SPV balance sheet. Printed INR'000 normalized by0.0001 to INR crore. Current period ends19May2025 rather than31March2025; cumulative flows overlap annual flows and must not be added. Amounts in thousands are rounded; minor component discrepancies are preserved, not reconciled by invented values. ADB Loan receipts, maintenance, financing-charge and resettlement source dashes have no numerical facts.",Maharashtra State Road Improvement Project / ADB52298-001,2025,project_environmental_mitigation_expenditure_inr_crore,1.5262,issuer_disclosed,issuer,,Maharashtra State Road Improvement Project,,,,,,project_cash_basis_receipts_payments|SH and MDR,,maharashtra_public_works_department,,,adb,,,,
adb_52298_001,Maharashtra State Road Improvement Project / ADB52298-001,project,MPWD,Maharashtra,SH and MDR,project_authority_engineer_expenditure_inr_crore,2.6988000000000003,INR crore,26988.0,INR thousand,2024-04-01,2025-05-19,reporting_period,actual,project_cash_basis_receipts_payments,2025-05-19,2025-09-05,adb_state_road_projects,https://www.adb.org/sites/default/files/project-documents/52298/52298-001-apfs-en_3.pdf,PDF p3; Annexure1; Authority Engineer,borrower_audited_project_disclosure,True,d8d949023e38e46929f39edf948b642fcc670d34332e841ba186121d0b955ffd,"Cash-basis MPWD project accounts, Loan3911-IND; Government of India is borrower and ADB lender. Project finances are not whole-state debt or an SPV balance sheet. Printed INR'000 normalized by0.0001 to INR crore. Current period ends19May2025 rather than31March2025; cumulative flows overlap annual flows and must not be added. Amounts in thousands are rounded; minor component discrepancies are preserved, not reconciled by invented values. ADB Loan receipts, maintenance, financing-charge and resettlement source dashes have no numerical facts.",Maharashtra State Road Improvement Project / ADB52298-001,2025,project_authority_engineer_expenditure_inr_crore,2.6988000000000003,issuer_disclosed,issuer,,Maharashtra State Road Improvement Project,,,,,,project_cash_basis_receipts_payments|SH and MDR,,maharashtra_public_works_department,,,adb,,,,
adb_52298_001,Maharashtra State Road Improvement Project / ADB52298-001,project,MPWD,Maharashtra,SH and MDR,project_authority_engineer_expenditure_inr_crore,2.8737,INR crore,28737.0,INR thousand,2023-04-01,2024-03-31,fiscal_year,actual,project_cash_basis_receipts_payments,2024-03-31,2025-09-05,adb_state_road_projects,https://www.adb.org/sites/default/files/project-documents/52298/52298-001-apfs-en_3.pdf,PDF p3; Annexure1; Authority Engineer,borrower_audited_project_disclosure,True,d8d949023e38e46929f39edf948b642fcc670d34332e841ba186121d0b955ffd,"Cash-basis MPWD project accounts, Loan3911-IND; Government of India is borrower and ADB lender. Project finances are not whole-state debt or an SPV balance sheet. Printed INR'000 normalized by0.0001 to INR crore. Current period ends19May2025 rather than31March2025; cumulative flows overlap annual flows and must not be added. Amounts in thousands are rounded; minor component discrepancies are preserved, not reconciled by invented values. ADB Loan receipts, maintenance, financing-charge and resettlement source dashes have no numerical facts.",Maharashtra State Road Improvement Project / ADB52298-001,2024,project_authority_engineer_expenditure_inr_crore,2.8737,issuer_disclosed,issuer,,Maharashtra State Road Improvement Project,,,,,,project_cash_basis_receipts_payments|SH and MDR,,maharashtra_public_works_department,,,adb,,,,
adb_52298_001,Maharashtra State Road Improvement Project / ADB52298-001,project,MPWD,Maharashtra,SH and MDR,project_authority_engineer_expenditure_inr_crore,38.3223,INR crore,383223.0,INR thousand,2020-04-01,2025-05-19,project_cumulative,actual,project_cash_basis_receipts_payments,2025-05-19,2025-09-05,adb_state_road_projects,https://www.adb.org/sites/default/files/project-documents/52298/52298-001-apfs-en_3.pdf,PDF p3; Annexure1; Authority Engineer,borrower_audited_project_disclosure,True,d8d949023e38e46929f39edf948b642fcc670d34332e841ba186121d0b955ffd,"Cash-basis MPWD project accounts, Loan3911-IND; Government of India is borrower and ADB lender. Project finances are not whole-state debt or an SPV balance sheet. Printed INR'000 normalized by0.0001 to INR crore. Current period ends19May2025 rather than31March2025; cumulative flows overlap annual flows and must not be added. Amounts in thousands are rounded; minor component discrepancies are preserved, not reconciled by invented values. ADB Loan receipts, maintenance, financing-charge and resettlement source dashes have no numerical facts.",Maharashtra State Road Improvement Project / ADB52298-001,2025,project_authority_engineer_expenditure_inr_crore,38.3223,issuer_disclosed,issuer,,Maharashtra State Road Improvement Project,,,,,,project_cash_basis_receipts_payments|SH and MDR,,maharashtra_public_works_department,,,adb,,,,
adb_52298_001,Maharashtra State Road Improvement Project / ADB52298-001,project,MPWD,Maharashtra,SH and MDR,project_management_services_expenditure_inr_crore,1.0,INR crore,10000.0,INR thousand,2024-04-01,2025-05-19,reporting_period,actual,project_cash_basis_receipts_payments,2025-05-19,2025-09-05,adb_state_road_projects,https://www.adb.org/sites/default/files/project-documents/52298/52298-001-apfs-en_3.pdf,PDF p3; Annexure1; Project Management Services,borrower_audited_project_disclosure,True,d8d949023e38e46929f39edf948b642fcc670d34332e841ba186121d0b955ffd,"Cash-basis MPWD project accounts, Loan3911-IND; Government of India is borrower and ADB lender. Project finances are not whole-state debt or an SPV balance sheet. Printed INR'000 normalized by0.0001 to INR crore. Current period ends19May2025 rather than31March2025; cumulative flows overlap annual flows and must not be added. Amounts in thousands are rounded; minor component discrepancies are preserved, not reconciled by invented values. ADB Loan receipts, maintenance, financing-charge and resettlement source dashes have no numerical facts.",Maharashtra State Road Improvement Project / ADB52298-001,2025,project_management_services_expenditure_inr_crore,1.0,issuer_disclosed,issuer,,Maharashtra State Road Improvement Project,,,,,,project_cash_basis_receipts_payments|SH and MDR,,maharashtra_public_works_department,,,adb,,,,
adb_52298_001,Maharashtra State Road Improvement Project / ADB52298-001,project,MPWD,Maharashtra,SH and MDR,project_management_services_expenditure_inr_crore,3.6307,INR crore,36307.0,INR thousand,2020-04-01,2025-05-19,project_cumulative,actual,project_cash_basis_receipts_payments,2025-05-19,2025-09-05,adb_state_road_projects,https://www.adb.org/sites/default/files/project-documents/52298/52298-001-apfs-en_3.pdf,PDF p3; Annexure1; Project Management Services,borrower_audited_project_disclosure,True,d8d949023e38e46929f39edf948b642fcc670d34332e841ba186121d0b955ffd,"Cash-basis MPWD project accounts, Loan3911-IND; Government of India is borrower and ADB lender. Project finances are not whole-state debt or an SPV balance sheet. Printed INR'000 normalized by0.0001 to INR crore. Current period ends19May2025 rather than31March2025; cumulative flows overlap annual flows and must not be added. Amounts in thousands are rounded; minor component discrepancies are preserved, not reconciled by invented values. ADB Loan receipts, maintenance, financing-charge and resettlement source dashes have no numerical facts.",Maharashtra State Road Improvement Project / ADB52298-001,2025,project_management_services_expenditure_inr_crore,3.6307,issuer_disclosed,issuer,,Maharashtra State Road Improvement Project,,,,,,project_cash_basis_receipts_payments|SH and MDR,,maharashtra_public_works_department,,,adb,,,,
adb_52298_001,Maharashtra State Road Improvement Project / ADB52298-001,project,MPWD,Maharashtra,SH and MDR,project_rnmp_expenditure_inr_crore,6.2434,INR crore,62434.0,INR thousand,2024-04-01,2025-05-19,reporting_period,actual,project_cash_basis_receipts_payments,2025-05-19,2025-09-05,adb_state_road_projects,https://www.adb.org/sites/default/files/project-documents/52298/52298-001-apfs-en_3.pdf,PDF p3; Annexure1; Road Network Master Plan,borrower_audited_project_disclosure,True,d8d949023e38e46929f39edf948b642fcc670d34332e841ba186121d0b955ffd,"Cash-basis MPWD project accounts, Loan3911-IND; Government of India is borrower and ADB lender. Project finances are not whole-state debt or an SPV balance sheet. Printed INR'000 normalized by0.0001 to INR crore. Current period ends19May2025 rather than31March2025; cumulative flows overlap annual flows and must not be added. Amounts in thousands are rounded; minor component discrepancies are preserved, not reconciled by invented values. ADB Loan receipts, maintenance, financing-charge and resettlement source dashes have no numerical facts.",Maharashtra State Road Improvement Project / ADB52298-001,2025,project_rnmp_expenditure_inr_crore,6.2434,issuer_disclosed,issuer,,Maharashtra State Road Improvement Project,,,,,,project_cash_basis_receipts_payments|SH and MDR,,maharashtra_public_works_department,,,adb,,,,
adb_52298_001,Maharashtra State Road Improvement Project / ADB52298-001,project,MPWD,Maharashtra,SH and MDR,project_rnmp_expenditure_inr_crore,6.2434,INR crore,62434.0,INR thousand,2020-04-01,2025-05-19,project_cumulative,actual,project_cash_basis_receipts_payments,2025-05-19,2025-09-05,adb_state_road_projects,https://www.adb.org/sites/default/files/project-documents/52298/52298-001-apfs-en_3.pdf,PDF p3; Annexure1; Road Network Master Plan,borrower_audited_project_disclosure,True,d8d949023e38e46929f39edf948b642fcc670d34332e841ba186121d0b955ffd,"Cash-basis MPWD project accounts, Loan3911-IND; Government of India is borrower and ADB lender. Project finances are not whole-state debt or an SPV balance sheet. Printed INR'000 normalized by0.0001 to INR crore. Current period ends19May2025 rather than31March2025; cumulative flows overlap annual flows and must not be added. Amounts in thousands are rounded; minor component discrepancies are preserved, not reconciled by invented values. ADB Loan receipts, maintenance, financing-charge and resettlement source dashes have no numerical facts.",Maharashtra State Road Improvement Project / ADB52298-001,2025,project_rnmp_expenditure_inr_crore,6.2434,issuer_disclosed,issuer,,Maharashtra State Road Improvement Project,,,,,,project_cash_basis_receipts_payments|SH and MDR,,maharashtra_public_works_department,,,adb,,,,
adb_52298_001,Maharashtra State Road Improvement Project / ADB52298-001,project,MPWD,Maharashtra,SH and MDR,project_investment_expenditure_inr_crore,56.837900000000005,INR crore,568379.0,INR thousand,2024-04-01,2025-05-19,reporting_period,actual,project_cash_basis_receipts_payments,2025-05-19,2025-09-05,adb_state_road_projects,https://www.adb.org/sites/default/files/project-documents/52298/52298-001-apfs-en_3.pdf,PDF p3; Annexure1; Subtotal(D) Investment Costs,borrower_audited_project_disclosure,True,d8d949023e38e46929f39edf948b642fcc670d34332e841ba186121d0b955ffd,"Cash-basis MPWD project accounts, Loan3911-IND; Government of India is borrower and ADB lender. Project finances are not whole-state debt or an SPV balance sheet. Printed INR'000 normalized by0.0001 to INR crore. Current period ends19May2025 rather than31March2025; cumulative flows overlap annual flows and must not be added. Amounts in thousands are rounded; minor component discrepancies are preserved, not reconciled by invented values. ADB Loan receipts, maintenance, financing-charge and resettlement source dashes have no numerical facts.",Maharashtra State Road Improvement Project / ADB52298-001,2025,project_investment_expenditure_inr_crore,56.837900000000005,issuer_disclosed,issuer,,Maharashtra State Road Improvement Project,,,,,,project_cash_basis_receipts_payments|SH and MDR,,maharashtra_public_works_department,,,adb,,,,
adb_52298_001,Maharashtra State Road Improvement Project / ADB52298-001,project,MPWD,Maharashtra,SH and MDR,project_investment_expenditure_inr_crore,126.8179,INR crore,1268179.0,INR thousand,2023-04-01,2024-03-31,fiscal_year,actual,project_cash_basis_receipts_payments,2024-03-31,2025-09-05,adb_state_road_projects,https://www.adb.org/sites/default/files/project-documents/52298/52298-001-apfs-en_3.pdf,PDF p3; Annexure1; Subtotal(D) Investment Costs,borrower_audited_project_disclosure,True,d8d949023e38e46929f39edf948b642fcc670d34332e841ba186121d0b955ffd,"Cash-basis MPWD project accounts, Loan3911-IND; Government of India is borrower and ADB lender. Project finances are not whole-state debt or an SPV balance sheet. Printed INR'000 normalized by0.0001 to INR crore. Current period ends19May2025 rather than31March2025; cumulative flows overlap annual flows and must not be added. Amounts in thousands are rounded; minor component discrepancies are preserved, not reconciled by invented values. ADB Loan receipts, maintenance, financing-charge and resettlement source dashes have no numerical facts.",Maharashtra State Road Improvement Project / ADB52298-001,2024,project_investment_expenditure_inr_crore,126.8179,issuer_disclosed,issuer,,Maharashtra State Road Improvement Project,,,,,,project_cash_basis_receipts_payments|SH and MDR,,maharashtra_public_works_department,,,adb,,,,
adb_52298_001,Maharashtra State Road Improvement Project / ADB52298-001,project,MPWD,Maharashtra,SH and MDR,project_investment_expenditure_inr_crore,1625.8337,INR crore,16258337.0,INR thousand,2020-04-01,2025-05-19,project_cumulative,actual,project_cash_basis_receipts_payments,2025-05-19,2025-09-05,adb_state_road_projects,https://www.adb.org/sites/default/files/project-documents/52298/52298-001-apfs-en_3.pdf,PDF p3; Annexure1; Subtotal(D) Investment Costs,borrower_audited_project_disclosure,True,d8d949023e38e46929f39edf948b642fcc670d34332e841ba186121d0b955ffd,"Cash-basis MPWD project accounts, Loan3911-IND; Government of India is borrower and ADB lender. Project finances are not whole-state debt or an SPV balance sheet. Printed INR'000 normalized by0.0001 to INR crore. Current period ends19May2025 rather than31March2025; cumulative flows overlap annual flows and must not be added. Amounts in thousands are rounded; minor component discrepancies are preserved, not reconciled by invented values. ADB Loan receipts, maintenance, financing-charge and resettlement source dashes have no numerical facts.",Maharashtra State Road Improvement Project / ADB52298-001,2025,project_investment_expenditure_inr_crore,1625.8337,issuer_disclosed,issuer,,Maharashtra State Road Improvement Project,,,,,,project_cash_basis_receipts_payments|SH and MDR,,maharashtra_public_works_department,,,adb,,,,
adb_52298_001,Maharashtra State Road Improvement Project / ADB52298-001,project,MPWD,Maharashtra,SH and MDR,project_recurrent_management_expenditure_inr_crore,0.1406,INR crore,1406.0,INR thousand,2024-04-01,2025-05-19,reporting_period,actual,project_cash_basis_receipts_payments,2025-05-19,2025-09-05,adb_state_road_projects,https://www.adb.org/sites/default/files/project-documents/52298/52298-001-apfs-en_3.pdf,"PDF p3; Annexure1; Project Management(MPWD), Subtotal(E)",borrower_audited_project_disclosure,True,d8d949023e38e46929f39edf948b642fcc670d34332e841ba186121d0b955ffd,"Cash-basis MPWD project accounts, Loan3911-IND; Government of India is borrower and ADB lender. Project finances are not whole-state debt or an SPV balance sheet. Printed INR'000 normalized by0.0001 to INR crore. Current period ends19May2025 rather than31March2025; cumulative flows overlap annual flows and must not be added. Amounts in thousands are rounded; minor component discrepancies are preserved, not reconciled by invented values. ADB Loan receipts, maintenance, financing-charge and resettlement source dashes have no numerical facts.",Maharashtra State Road Improvement Project / ADB52298-001,2025,project_recurrent_management_expenditure_inr_crore,0.1406,issuer_disclosed,issuer,,Maharashtra State Road Improvement Project,,,,,,project_cash_basis_receipts_payments|SH and MDR,,maharashtra_public_works_department,,,adb,,,,
adb_52298_001,Maharashtra State Road Improvement Project / ADB52298-001,project,MPWD,Maharashtra,SH and MDR,project_recurrent_management_expenditure_inr_crore,1.6225,INR crore,16225.0,INR thousand,2023-04-01,2024-03-31,fiscal_year,actual,project_cash_basis_receipts_payments,2024-03-31,2025-09-05,adb_state_road_projects,https://www.adb.org/sites/default/files/project-documents/52298/52298-001-apfs-en_3.pdf,"PDF p3; Annexure1; Project Management(MPWD), Subtotal(E)",borrower_audited_project_disclosure,True,d8d949023e38e46929f39edf948b642fcc670d34332e841ba186121d0b955ffd,"Cash-basis MPWD project accounts, Loan3911-IND; Government of India is borrower and ADB lender. Project finances are not whole-state debt or an SPV balance sheet. Printed INR'000 normalized by0.0001 to INR crore. Current period ends19May2025 rather than31March2025; cumulative flows overlap annual flows and must not be added. Amounts in thousands are rounded; minor component discrepancies are preserved, not reconciled by invented values. ADB Loan receipts, maintenance, financing-charge and resettlement source dashes have no numerical facts.",Maharashtra State Road Improvement Project / ADB52298-001,2024,project_recurrent_management_expenditure_inr_crore,1.6225,issuer_disclosed,issuer,,Maharashtra State Road Improvement Project,,,,,,project_cash_basis_receipts_payments|SH and MDR,,maharashtra_public_works_department,,,adb,,,,
adb_52298_001,Maharashtra State Road Improvement Project / ADB52298-001,project,MPWD,Maharashtra,SH and MDR,project_recurrent_management_expenditure_inr_crore,6.6947,INR crore,66947.0,INR thousand,2020-04-01,2025-05-19,project_cumulative,actual,project_cash_basis_receipts_payments,2025-05-19,2025-09-05,adb_state_road_projects,https://www.adb.org/sites/default/files/project-documents/52298/52298-001-apfs-en_3.pdf,"PDF p3; Annexure1; Project Management(MPWD), Subtotal(E)",borrower_audited_project_disclosure,True,d8d949023e38e46929f39edf948b642fcc670d34332e841ba186121d0b955ffd,"Cash-basis MPWD project accounts, Loan3911-IND; Government of India is borrower and ADB lender. Project finances are not whole-state debt or an SPV balance sheet. Printed INR'000 normalized by0.0001 to INR crore. Current period ends19May2025 rather than31March2025; cumulative flows overlap annual flows and must not be added. Amounts in thousands are rounded; minor component discrepancies are preserved, not reconciled by invented values. ADB Loan receipts, maintenance, financing-charge and resettlement source dashes have no numerical facts.",Maharashtra State Road Improvement Project / ADB52298-001,2025,project_recurrent_management_expenditure_inr_crore,6.6947,issuer_disclosed,issuer,,Maharashtra State Road Improvement Project,,,,,,project_cash_basis_receipts_payments|SH and MDR,,maharashtra_public_works_department,,,adb,,,,
adb_52298_001,Maharashtra State Road Improvement Project / ADB52298-001,project,MPWD,Maharashtra,SH and MDR,project_total_expenditure_inr_crore,56.9785,INR crore,569785.0,INR thousand,2024-04-01,2025-05-19,reporting_period,actual,project_cash_basis_receipts_payments,2025-05-19,2025-09-05,adb_state_road_projects,https://www.adb.org/sites/default/files/project-documents/52298/52298-001-apfs-en_3.pdf,PDF p4; Annexure1; Total Payments / Total Project Cost,borrower_audited_project_disclosure,True,d8d949023e38e46929f39edf948b642fcc670d34332e841ba186121d0b955ffd,"Cash-basis MPWD project accounts, Loan3911-IND; Government of India is borrower and ADB lender. Project finances are not whole-state debt or an SPV balance sheet. Printed INR'000 normalized by0.0001 to INR crore. Current period ends19May2025 rather than31March2025; cumulative flows overlap annual flows and must not be added. Amounts in thousands are rounded; minor component discrepancies are preserved, not reconciled by invented values. ADB Loan receipts, maintenance, financing-charge and resettlement source dashes have no numerical facts.",Maharashtra State Road Improvement Project / ADB52298-001,2025,project_total_expenditure_inr_crore,56.9785,issuer_disclosed,issuer,,Maharashtra State Road Improvement Project,,,,,,project_cash_basis_receipts_payments|SH and MDR,,maharashtra_public_works_department,,,adb,,,,
adb_52298_001,Maharashtra State Road Improvement Project / ADB52298-001,project,MPWD,Maharashtra,SH and MDR,project_total_expenditure_inr_crore,128.4404,INR crore,1284404.0,INR thousand,2023-04-01,2024-03-31,fiscal_year,actual,project_cash_basis_receipts_payments,2024-03-31,2025-09-05,adb_state_road_projects,https://www.adb.org/sites/default/files/project-documents/52298/52298-001-apfs-en_3.pdf,PDF p4; Annexure1; Total Payments / Total Project Cost,borrower_audited_project_disclosure,True,d8d949023e38e46929f39edf948b642fcc670d34332e841ba186121d0b955ffd,"Cash-basis MPWD project accounts, Loan3911-IND; Government of India is borrower and ADB lender. Project finances are not whole-state debt or an SPV balance sheet. Printed INR'000 normalized by0.0001 to INR crore. Current period ends19May2025 rather than31March2025; cumulative flows overlap annual flows and must not be added. Amounts in thousands are rounded; minor component discrepancies are preserved, not reconciled by invented values. ADB Loan receipts, maintenance, financing-charge and resettlement source dashes have no numerical facts.",Maharashtra State Road Improvement Project / ADB52298-001,2024,project_total_expenditure_inr_crore,128.4404,issuer_disclosed,issuer,,Maharashtra State Road Improvement Project,,,,,,project_cash_basis_receipts_payments|SH and MDR,,maharashtra_public_works_department,,,adb,,,,
adb_52298_001,Maharashtra State Road Improvement Project / ADB52298-001,project,MPWD,Maharashtra,SH and MDR,project_total_expenditure_inr_crore,1632.5284,INR crore,16325284.0,INR thousand,2020-04-01,2025-05-19,project_cumulative,actual,project_cash_basis_receipts_payments,2025-05-19,2025-09-05,adb_state_road_projects,https://www.adb.org/sites/default/files/project-documents/52298/52298-001-apfs-en_3.pdf,PDF p4; Annexure1; Total Payments / Total Project Cost,borrower_audited_project_disclosure,True,d8d949023e38e46929f39edf948b642fcc670d34332e841ba186121d0b955ffd,"Cash-basis MPWD project accounts, Loan3911-IND; Government of India is borrower and ADB lender. Project finances are not whole-state debt or an SPV balance sheet. Printed INR'000 normalized by0.0001 to INR crore. Current period ends19May2025 rather than31March2025; cumulative flows overlap annual flows and must not be added. Amounts in thousands are rounded; minor component discrepancies are preserved, not reconciled by invented values. ADB Loan receipts, maintenance, financing-charge and resettlement source dashes have no numerical facts.",Maharashtra State Road Improvement Project / ADB52298-001,2025,project_total_expenditure_inr_crore,1632.5284,issuer_disclosed,issuer,,Maharashtra State Road Improvement Project,,,,,,project_cash_basis_receipts_payments|SH and MDR,,maharashtra_public_works_department,,,adb,,,,
adb_52298_001,Maharashtra State Road Improvement Project / ADB52298-001,project,MPWD,Maharashtra,SH and MDR,project_cash_bank_balance_inr_crore,92.853,INR crore,928530.0,INR thousand,,2025-05-19,balance_sheet_snapshot,actual,project_cash_basis_contractual_deposits,2025-05-19,2025-09-05,adb_state_road_projects,https://www.adb.org/sites/default/files/project-documents/52298/52298-001-apfs-en_3.pdf,PDF p4; Annexure1; Closing bank Balance(C-H); Note5 p11,borrower_audited_project_disclosure,False,d8d949023e38e46929f39edf948b642fcc670d34332e841ba186121d0b955ffd,"Cash-basis MPWD project accounts, Loan3911-IND; Government of India is borrower and ADB lender. Project finances are not whole-state debt or an SPV balance sheet. Printed INR'000 normalized by0.0001 to INR crore. Current period ends19May2025 rather than31March2025; cumulative flows overlap annual flows and must not be added. Amounts in thousands are rounded; minor component discrepancies are preserved, not reconciled by invented values. Note5 identifies retention, maintenance, PartV and security deposits at PIUs; not unrestricted project cash. Note5 nine printed package deposits sum928394 versus reported total928530 INRthousand, an unreconciled136-thousand discrepancy; this reported total is excluded from measured arithmetic, without synthetic balancing.",Maharashtra State Road Improvement Project / ADB52298-001,2025,project_cash_bank_balance_inr_crore,92.853,issuer_disclosed,issuer,,Maharashtra State Road Improvement Project,,,,,,project_cash_basis_contractual_deposits|SH and MDR,,maharashtra_public_works_department,,,adb,,,,
adb_52298_001,Maharashtra State Road Improvement Project / ADB52298-001,project,MPWD,Maharashtra,SH and MDR,project_cash_bank_balance_inr_crore,136.2515,INR crore,1362515.0,INR thousand,,2024-03-31,balance_sheet_snapshot,actual,project_cash_basis_contractual_deposits,2024-03-31,2025-09-05,adb_state_road_projects,https://www.adb.org/sites/default/files/project-documents/52298/52298-001-apfs-en_3.pdf,PDF p4; Annexure1; Closing bank Balance(C-H); Note5 p11,borrower_audited_project_disclosure,True,d8d949023e38e46929f39edf948b642fcc670d34332e841ba186121d0b955ffd,"Cash-basis MPWD project accounts, Loan3911-IND; Government of India is borrower and ADB lender. Project finances are not whole-state debt or an SPV balance sheet. Printed INR'000 normalized by0.0001 to INR crore. Current period ends19May2025 rather than31March2025; cumulative flows overlap annual flows and must not be added. Amounts in thousands are rounded; minor component discrepancies are preserved, not reconciled by invented values. Note5 identifies retention, maintenance, PartV and security deposits at PIUs; not unrestricted project cash.",Maharashtra State Road Improvement Project / ADB52298-001,2024,project_cash_bank_balance_inr_crore,136.2515,issuer_disclosed,issuer,,Maharashtra State Road Improvement Project,,,,,,project_cash_basis_contractual_deposits|SH and MDR,,maharashtra_public_works_department,,,adb,,,,
adb_52298_001,Maharashtra State Road Improvement Project / ADB52298-001,project,MPWD,Maharashtra,SH and MDR,project_adb_financed_civil_works_inr_crore,22.8543,INR crore,228543.0,INR thousand,2024-04-01,2025-05-19,reporting_period,actual,project_cash_basis_category_financier,2025-05-19,2025-09-05,adb_state_road_projects,https://www.adb.org/sites/default/files/project-documents/52298/52298-001-apfs-en_3.pdf,PDF p5; Annexure2; ADB Civil Works; Actual Expenditure,borrower_audited_project_disclosure,True,d8d949023e38e46929f39edf948b642fcc670d34332e841ba186121d0b955ffd,"Cash-basis MPWD project accounts, Loan3911-IND; Government of India is borrower and ADB lender. Project finances are not whole-state debt or an SPV balance sheet. Printed INR'000 normalized by0.0001 to INR crore. Current period ends19May2025 rather than31March2025; cumulative flows overlap annual flows and must not be added. Amounts in thousands are rounded; minor component discrepancies are preserved, not reconciled by invented values. ADB financing allocation differs from disbursement of prior-year outstanding claims.",Maharashtra State Road Improvement Project / ADB52298-001,2025,project_adb_financed_civil_works_inr_crore,22.8543,issuer_disclosed,issuer,,Maharashtra State Road Improvement Project,,,,,,project_cash_basis_category_financier|SH and MDR,,maharashtra_public_works_department,,,adb,,,,
adb_52298_001,Maharashtra State Road Improvement Project / ADB52298-001,project,MPWD,Maharashtra,SH and MDR,project_government_financed_civil_works_inr_crore,23.1762,INR crore,231762.0,INR thousand,2024-04-01,2025-05-19,reporting_period,actual,project_cash_basis_category_financier,2025-05-19,2025-09-05,adb_state_road_projects,https://www.adb.org/sites/default/files/project-documents/52298/52298-001-apfs-en_3.pdf,PDF p5; Annexure2; Government Civil Works; Actual Expenditure,borrower_audited_project_disclosure,True,d8d949023e38e46929f39edf948b642fcc670d34332e841ba186121d0b955ffd,"Cash-basis MPWD project accounts, Loan3911-IND; Government of India is borrower and ADB lender. Project finances are not whole-state debt or an SPV balance sheet. Printed INR'000 normalized by0.0001 to INR crore. Current period ends19May2025 rather than31March2025; cumulative flows overlap annual flows and must not be added. Amounts in thousands are rounded; minor component discrepancies are preserved, not reconciled by invented values. ADB financing allocation differs from disbursement of prior-year outstanding claims.",Maharashtra State Road Improvement Project / ADB52298-001,2025,project_government_financed_civil_works_inr_crore,23.1762,issuer_disclosed,issuer,,Maharashtra State Road Improvement Project,,,,,,project_cash_basis_category_financier|SH and MDR,,maharashtra_public_works_department,,,adb,,,,
adb_52298_001,Maharashtra State Road Improvement Project / ADB52298-001,project,MPWD,Maharashtra,SH and MDR,project_government_financed_utility_shifting_inr_crore,0.8652000000000001,INR crore,8652.0,INR thousand,2024-04-01,2025-05-19,reporting_period,actual,project_cash_basis_category_financier,2025-05-19,2025-09-05,adb_state_road_projects,https://www.adb.org/sites/default/files/project-documents/52298/52298-001-apfs-en_3.pdf,PDF p5; Annexure2; Government Utility Shifting; Actual Expenditure,borrower_audited_project_disclosure,True,d8d949023e38e46929f39edf948b642fcc670d34332e841ba186121d0b955ffd,"Cash-basis MPWD project accounts, Loan3911-IND; Government of India is borrower and ADB lender. Project finances are not whole-state debt or an SPV balance sheet. Printed INR'000 normalized by0.0001 to INR crore. Current period ends19May2025 rather than31March2025; cumulative flows overlap annual flows and must not be added. Amounts in thousands are rounded; minor component discrepancies are preserved, not reconciled by invented values. ADB financing allocation differs from disbursement of prior-year outstanding claims.",Maharashtra State Road Improvement Project / ADB52298-001,2025,project_government_financed_utility_shifting_inr_crore,0.8652000000000001,issuer_disclosed,issuer,,Maharashtra State Road Improvement Project,,,,,,project_cash_basis_category_financier|SH and MDR,,maharashtra_public_works_department,,,adb,,,,
adb_52298_001,Maharashtra State Road Improvement Project / ADB52298-001,project,MPWD,Maharashtra,SH and MDR,project_adb_financed_authority_engineer_inr_crore,0.7948000000000001,INR crore,7948.0,INR thousand,2024-04-01,2025-05-19,reporting_period,actual,project_cash_basis_category_financier,2025-05-19,2025-09-05,adb_state_road_projects,https://www.adb.org/sites/default/files/project-documents/52298/52298-001-apfs-en_3.pdf,PDF p5; Annexure2; ADB Authority Engineer; Actual Expenditure,borrower_audited_project_disclosure,True,d8d949023e38e46929f39edf948b642fcc670d34332e841ba186121d0b955ffd,"Cash-basis MPWD project accounts, Loan3911-IND; Government of India is borrower and ADB lender. Project finances are not whole-state debt or an SPV balance sheet. Printed INR'000 normalized by0.0001 to INR crore. Current period ends19May2025 rather than31March2025; cumulative flows overlap annual flows and must not be added. Amounts in thousands are rounded; minor component discrepancies are preserved, not reconciled by invented values. ADB financing allocation differs from disbursement of prior-year outstanding claims.",Maharashtra State Road Improvement Project / ADB52298-001,2025,project_adb_financed_authority_engineer_inr_crore,0.7948000000000001,issuer_disclosed,issuer,,Maharashtra State Road Improvement Project,,,,,,project_cash_basis_category_financier|SH and MDR,,maharashtra_public_works_department,,,adb,,,,
adb_52298_001,Maharashtra State Road Improvement Project / ADB52298-001,project,MPWD,Maharashtra,SH and MDR,project_government_financed_authority_engineer_inr_crore,1.904,INR crore,19040.0,INR thousand,2024-04-01,2025-05-19,reporting_period,actual,project_cash_basis_category_financier,2025-05-19,2025-09-05,adb_state_road_projects,https://www.adb.org/sites/default/files/project-documents/52298/52298-001-apfs-en_3.pdf,PDF p5; Annexure2; Government Authority Engineer; Actual Expenditure,borrower_audited_project_disclosure,True,d8d949023e38e46929f39edf948b642fcc670d34332e841ba186121d0b955ffd,"Cash-basis MPWD project accounts, Loan3911-IND; Government of India is borrower and ADB lender. Project finances are not whole-state debt or an SPV balance sheet. Printed INR'000 normalized by0.0001 to INR crore. Current period ends19May2025 rather than31March2025; cumulative flows overlap annual flows and must not be added. Amounts in thousands are rounded; minor component discrepancies are preserved, not reconciled by invented values. ADB financing allocation differs from disbursement of prior-year outstanding claims.",Maharashtra State Road Improvement Project / ADB52298-001,2025,project_government_financed_authority_engineer_inr_crore,1.904,issuer_disclosed,issuer,,Maharashtra State Road Improvement Project,,,,,,project_cash_basis_category_financier|SH and MDR,,maharashtra_public_works_department,,,adb,,,,
adb_52298_001,Maharashtra State Road Improvement Project / ADB52298-001,project,MPWD,Maharashtra,SH and MDR,project_adb_financed_management_services_inr_crore,0.425,INR crore,4250.0,INR thousand,2024-04-01,2025-05-19,reporting_period,actual,project_cash_basis_category_financier,2025-05-19,2025-09-05,adb_state_road_projects,https://www.adb.org/sites/default/files/project-documents/52298/52298-001-apfs-en_3.pdf,PDF p5; Annexure2; ADB Project Management Services; Actual Expenditure,borrower_audited_project_disclosure,True,d8d949023e38e46929f39edf948b642fcc670d34332e841ba186121d0b955ffd,"Cash-basis MPWD project accounts, Loan3911-IND; Government of India is borrower and ADB lender. Project finances are not whole-state debt or an SPV balance sheet. Printed INR'000 normalized by0.0001 to INR crore. Current period ends19May2025 rather than31March2025; cumulative flows overlap annual flows and must not be added. Amounts in thousands are rounded; minor component discrepancies are preserved, not reconciled by invented values. ADB financing allocation differs from disbursement of prior-year outstanding claims.",Maharashtra State Road Improvement Project / ADB52298-001,2025,project_adb_financed_management_services_inr_crore,0.425,issuer_disclosed,issuer,,Maharashtra State Road Improvement Project,,,,,,project_cash_basis_category_financier|SH and MDR,,maharashtra_public_works_department,,,adb,,,,
adb_52298_001,Maharashtra State Road Improvement Project / ADB52298-001,project,MPWD,Maharashtra,SH and MDR,project_government_financed_management_services_inr_crore,0.5750000000000001,INR crore,5750.0,INR thousand,2024-04-01,2025-05-19,reporting_period,actual,project_cash_basis_category_financier,2025-05-19,2025-09-05,adb_state_road_projects,https://www.adb.org/sites/default/files/project-documents/52298/52298-001-apfs-en_3.pdf,PDF p5; Annexure2; Government Project Management Services; Actual Expenditure,borrower_audited_project_disclosure,True,d8d949023e38e46929f39edf948b642fcc670d34332e841ba186121d0b955ffd,"Cash-basis MPWD project accounts, Loan3911-IND; Government of India is borrower and ADB lender. Project finances are not whole-state debt or an SPV balance sheet. Printed INR'000 normalized by0.0001 to INR crore. Current period ends19May2025 rather than31March2025; cumulative flows overlap annual flows and must not be added. Amounts in thousands are rounded; minor component discrepancies are preserved, not reconciled by invented values. ADB financing allocation differs from disbursement of prior-year outstanding claims.",Maharashtra State Road Improvement Project / ADB52298-001,2025,project_government_financed_management_services_inr_crore,0.5750000000000001,issuer_disclosed,issuer,,Maharashtra State Road Improvement Project,,,,,,project_cash_basis_category_financier|SH and MDR,,maharashtra_public_works_department,,,adb,,,,
adb_52298_001,Maharashtra State Road Improvement Project / ADB52298-001,project,MPWD,Maharashtra,SH and MDR,project_adb_financed_rnmp_inr_crore,5.2605,INR crore,52605.0,INR thousand,2024-04-01,2025-05-19,reporting_period,actual,project_cash_basis_category_financier,2025-05-19,2025-09-05,adb_state_road_projects,https://www.adb.org/sites/default/files/project-documents/52298/52298-001-apfs-en_3.pdf,PDF p5; Annexure2; ADB Road Network Master Plan; Actual Expenditure,borrower_audited_project_disclosure,True,d8d949023e38e46929f39edf948b642fcc670d34332e841ba186121d0b955ffd,"Cash-basis MPWD project accounts, Loan3911-IND; Government of India is borrower and ADB lender. Project finances are not whole-state debt or an SPV balance sheet. Printed INR'000 normalized by0.0001 to INR crore. Current period ends19May2025 rather than31March2025; cumulative flows overlap annual flows and must not be added. Amounts in thousands are rounded; minor component discrepancies are preserved, not reconciled by invented values. ADB financing allocation differs from disbursement of prior-year outstanding claims.",Maharashtra State Road Improvement Project / ADB52298-001,2025,project_adb_financed_rnmp_inr_crore,5.2605,issuer_disclosed,issuer,,Maharashtra State Road Improvement Project,,,,,,project_cash_basis_category_financier|SH and MDR,,maharashtra_public_works_department,,,adb,,,,
adb_52298_001,Maharashtra State Road Improvement Project / ADB52298-001,project,MPWD,Maharashtra,SH and MDR,project_government_financed_rnmp_inr_crore,0.9829,INR crore,9829.0,INR thousand,2024-04-01,2025-05-19,reporting_period,actual,project_cash_basis_category_financier,2025-05-19,2025-09-05,adb_state_road_projects,https://www.adb.org/sites/default/files/project-documents/52298/52298-001-apfs-en_3.pdf,PDF p5; Annexure2; Government Road Network Master Plan; Actual Expenditure,borrower_audited_project_disclosure,True,d8d949023e38e46929f39edf948b642fcc670d34332e841ba186121d0b955ffd,"Cash-basis MPWD project accounts, Loan3911-IND; Government of India is borrower and ADB lender. Project finances are not whole-state debt or an SPV balance sheet. Printed INR'000 normalized by0.0001 to INR crore. Current period ends19May2025 rather than31March2025; cumulative flows overlap annual flows and must not be added. Amounts in thousands are rounded; minor component discrepancies are preserved, not reconciled by invented values. ADB financing allocation differs from disbursement of prior-year outstanding claims.",Maharashtra State Road Improvement Project / ADB52298-001,2025,project_government_financed_rnmp_inr_crore,0.9829,issuer_disclosed,issuer,,Maharashtra State Road Improvement Project,,,,,,project_cash_basis_category_financier|SH and MDR,,maharashtra_public_works_department,,,adb,,,,
adb_52298_001,Maharashtra State Road Improvement Project / ADB52298-001,project,MPWD,Maharashtra,SH and MDR,project_adb_financed_investment_inr_crore,29.3346,INR crore,293346.0,INR thousand,2024-04-01,2025-05-19,reporting_period,actual,project_cash_basis_category_financier,2025-05-19,2025-09-05,adb_state_road_projects,https://www.adb.org/sites/default/files/project-documents/52298/52298-001-apfs-en_3.pdf,PDF p5; Annexure2; ADB Subtotal(A); Actual Expenditure,borrower_audited_project_disclosure,True,d8d949023e38e46929f39edf948b642fcc670d34332e841ba186121d0b955ffd,"Cash-basis MPWD project accounts, Loan3911-IND; Government of India is borrower and ADB lender. Project finances are not whole-state debt or an SPV balance sheet. Printed INR'000 normalized by0.0001 to INR crore. Current period ends19May2025 rather than31March2025; cumulative flows overlap annual flows and must not be added. Amounts in thousands are rounded; minor component discrepancies are preserved, not reconciled by invented values. ADB financing allocation differs from disbursement of prior-year outstanding claims.",Maharashtra State Road Improvement Project / ADB52298-001,2025,project_adb_financed_investment_inr_crore,29.3346,issuer_disclosed,issuer,,Maharashtra State Road Improvement Project,,,,,,project_cash_basis_category_financier|SH and MDR,,maharashtra_public_works_department,,,adb,,,,
adb_52298_001,Maharashtra State Road Improvement Project / ADB52298-001,project,MPWD,Maharashtra,SH and MDR,project_government_financed_investment_inr_crore,27.503300000000003,INR crore,275033.0,INR thousand,2024-04-01,2025-05-19,reporting_period,actual,project_cash_basis_category_financier,2025-05-19,2025-09-05,adb_state_road_projects,https://www.adb.org/sites/default/files/project-documents/52298/52298-001-apfs-en_3.pdf,PDF p5; Annexure2; Government Subtotal(A); Actual Expenditure,borrower_audited_project_disclosure,True,d8d949023e38e46929f39edf948b642fcc670d34332e841ba186121d0b955ffd,"Cash-basis MPWD project accounts, Loan3911-IND; Government of India is borrower and ADB lender. Project finances are not whole-state debt or an SPV balance sheet. Printed INR'000 normalized by0.0001 to INR crore. Current period ends19May2025 rather than31March2025; cumulative flows overlap annual flows and must not be added. Amounts in thousands are rounded; minor component discrepancies are preserved, not reconciled by invented values. ADB financing allocation differs from disbursement of prior-year outstanding claims.",Maharashtra State Road Improvement Project / ADB52298-001,2025,project_government_financed_investment_inr_crore,27.503300000000003,issuer_disclosed,issuer,,Maharashtra State Road Improvement Project,,,,,,project_cash_basis_category_financier|SH and MDR,,maharashtra_public_works_department,,,adb,,,,
adb_52298_001,Maharashtra State Road Improvement Project / ADB52298-001,project,MPWD,Maharashtra,SH and MDR,project_adb_financed_total_expenditure_inr_crore,29.3346,INR crore,293346.0,INR thousand,2024-04-01,2025-05-19,reporting_period,actual,project_cash_basis_category_financier,2025-05-19,2025-09-05,adb_state_road_projects,https://www.adb.org/sites/default/files/project-documents/52298/52298-001-apfs-en_3.pdf,PDF p5; Annexure2; ADB Total Cost(C=A+B); Actual Expenditure,borrower_audited_project_disclosure,True,d8d949023e38e46929f39edf948b642fcc670d34332e841ba186121d0b955ffd,"Cash-basis MPWD project accounts, Loan3911-IND; Government of India is borrower and ADB lender. Project finances are not whole-state debt or an SPV balance sheet. Printed INR'000 normalized by0.0001 to INR crore. Current period ends19May2025 rather than31March2025; cumulative flows overlap annual flows and must not be added. Amounts in thousands are rounded; minor component discrepancies are preserved, not reconciled by invented values. ADB financing allocation differs from disbursement of prior-year outstanding claims.",Maharashtra State Road Improvement Project / ADB52298-001,2025,project_adb_financed_total_expenditure_inr_crore,29.3346,issuer_disclosed,issuer,,Maharashtra State Road Improvement Project,,,,,,project_cash_basis_category_financier|SH and MDR,,maharashtra_public_works_department,,,adb,,,,
adb_52298_001,Maharashtra State Road Improvement Project / ADB52298-001,project,MPWD,Maharashtra,SH and MDR,project_government_financed_total_expenditure_inr_crore,27.6439,INR crore,276439.0,INR thousand,2024-04-01,2025-05-19,reporting_period,actual,project_cash_basis_category_financier,2025-05-19,2025-09-05,adb_state_road_projects,https://www.adb.org/sites/default/files/project-documents/52298/52298-001-apfs-en_3.pdf,PDF p5; Annexure2; Government Total Cost(C=A+B); Actual Expenditure,borrower_audited_project_disclosure,True,d8d949023e38e46929f39edf948b642fcc670d34332e841ba186121d0b955ffd,"Cash-basis MPWD project accounts, Loan3911-IND; Government of India is borrower and ADB lender. Project finances are not whole-state debt or an SPV balance sheet. Printed INR'000 normalized by0.0001 to INR crore. Current period ends19May2025 rather than31March2025; cumulative flows overlap annual flows and must not be added. Amounts in thousands are rounded; minor component discrepancies are preserved, not reconciled by invented values. ADB financing allocation differs from disbursement of prior-year outstanding claims.",Maharashtra State Road Improvement Project / ADB52298-001,2025,project_government_financed_total_expenditure_inr_crore,27.6439,issuer_disclosed,issuer,,Maharashtra State Road Improvement Project,,,,,,project_cash_basis_category_financier|SH and MDR,,maharashtra_public_works_department,,,adb,,,,
adb_52298_001,Maharashtra State Road Improvement Project / ADB52298-001,project,MPWD,Maharashtra,SH and MDR,project_adb_eligible_expenditure_claimed_inr_crore,67.4809,INR crore,674809.0,INR thousand,2024-04-01,2025-05-19,reporting_period,actual,project_cash_basis_disbursement_claims,2025-05-19,2025-09-05,adb_state_road_projects,https://www.adb.org/sites/default/files/project-documents/52298/52298-001-apfs-en_3.pdf,PDF p6; Annexure3; Subtotal(A) / Total Eligible Expenditure Claimed(F); reimbursement confirmed p13 Annexure5,borrower_audited_project_disclosure,True,d8d949023e38e46929f39edf948b642fcc670d34332e841ba186121d0b955ffd,"Cash-basis MPWD project accounts, Loan3911-IND; Government of India is borrower and ADB lender. Project finances are not whole-state debt or an SPV balance sheet. Printed INR'000 normalized by0.0001 to INR crore. Current period ends19May2025 rather than31March2025; cumulative flows overlap annual flows and must not be added. Amounts in thousands are rounded; minor component discrepancies are preserved, not reconciled by invented values. Reimbursed/eligible claimed expenditure is not outstanding debt principal; grants and unclaimed-expenditure dashes are omitted.",Maharashtra State Road Improvement Project / ADB52298-001,2025,project_adb_eligible_expenditure_claimed_inr_crore,67.4809,issuer_disclosed,issuer,,Maharashtra State Road Improvement Project,,,,,,project_cash_basis_disbursement_claims|SH and MDR,,maharashtra_public_works_department,,,adb,,,,
adb_52298_001,Maharashtra State Road Improvement Project / ADB52298-001,project,MPWD,Maharashtra,SH and MDR,project_adb_eligible_expenditure_claimed_inr_crore,145.9739,INR crore,1459739.0,INR thousand,2023-04-01,2024-03-31,fiscal_year,actual,project_cash_basis_disbursement_claims,2024-03-31,2025-09-05,adb_state_road_projects,https://www.adb.org/sites/default/files/project-documents/52298/52298-001-apfs-en_3.pdf,PDF p6; Annexure3; Subtotal(A) / Total Eligible Expenditure Claimed(F); reimbursement confirmed p13 Annexure5,borrower_audited_project_disclosure,True,d8d949023e38e46929f39edf948b642fcc670d34332e841ba186121d0b955ffd,"Cash-basis MPWD project accounts, Loan3911-IND; Government of India is borrower and ADB lender. Project finances are not whole-state debt or an SPV balance sheet. Printed INR'000 normalized by0.0001 to INR crore. Current period ends19May2025 rather than31March2025; cumulative flows overlap annual flows and must not be added. Amounts in thousands are rounded; minor component discrepancies are preserved, not reconciled by invented values. Reimbursed/eligible claimed expenditure is not outstanding debt principal; grants and unclaimed-expenditure dashes are omitted.",Maharashtra State Road Improvement Project / ADB52298-001,2024,project_adb_eligible_expenditure_claimed_inr_crore,145.9739,issuer_disclosed,issuer,,Maharashtra State Road Improvement Project,,,,,,project_cash_basis_disbursement_claims|SH and MDR,,maharashtra_public_works_department,,,adb,,,,
adb_52298_001,Maharashtra State Road Improvement Project / ADB52298-001,project,MPWD,Maharashtra,SH and MDR,project_adb_eligible_expenditure_claimed_inr_crore,1155.6815,INR crore,11556815.0,INR thousand,2020-04-01,2025-05-19,project_cumulative,actual,project_cash_basis_disbursement_claims,2025-05-19,2025-09-05,adb_state_road_projects,https://www.adb.org/sites/default/files/project-documents/52298/52298-001-apfs-en_3.pdf,PDF p6; Annexure3; Subtotal(A) / Total Eligible Expenditure Claimed(F); reimbursement confirmed p13 Annexure5,borrower_audited_project_disclosure,True,d8d949023e38e46929f39edf948b642fcc670d34332e841ba186121d0b955ffd,"Cash-basis MPWD project accounts, Loan3911-IND; Government of India is borrower and ADB lender. Project finances are not whole-state debt or an SPV balance sheet. Printed INR'000 normalized by0.0001 to INR crore. Current period ends19May2025 rather than31March2025; cumulative flows overlap annual flows and must not be added. Amounts in thousands are rounded; minor component discrepancies are preserved, not reconciled by invented values. Reimbursed/eligible claimed expenditure is not outstanding debt principal; grants and unclaimed-expenditure dashes are omitted.",Maharashtra State Road Improvement Project / ADB52298-001,2025,project_adb_eligible_expenditure_claimed_inr_crore,1155.6815,issuer_disclosed,issuer,,Maharashtra State Road Improvement Project,,,,,,project_cash_basis_disbursement_claims|SH and MDR,,maharashtra_public_works_department,,,adb,,,,
adb_52298_001,Maharashtra State Road Improvement Project / ADB52298-001,project,MPWD,Maharashtra,SH and MDR,project_adb_disbursement_current_year_expenditure_inr_crore,29.3346,INR crore,293346.0,INR thousand,2024-04-01,2025-05-19,reporting_period,actual,project_cash_basis_disbursement_claims,2025-05-19,2025-09-05,adb_state_road_projects,https://www.adb.org/sites/default/files/project-documents/52298/52298-001-apfs-en_3.pdf,PDF p6; Annexure3; Disbursement from current-year expenditure; reimbursement confirmed p13 Annexure5,borrower_audited_project_disclosure,True,d8d949023e38e46929f39edf948b642fcc670d34332e841ba186121d0b955ffd,"Cash-basis MPWD project accounts, Loan3911-IND; Government of India is borrower and ADB lender. Project finances are not whole-state debt or an SPV balance sheet. Printed INR'000 normalized by0.0001 to INR crore. Current period ends19May2025 rather than31March2025; cumulative flows overlap annual flows and must not be added. Amounts in thousands are rounded; minor component discrepancies are preserved, not reconciled by invented values. Reimbursed/eligible claimed expenditure is not outstanding debt principal; grants and unclaimed-expenditure dashes are omitted.",Maharashtra State Road Improvement Project / ADB52298-001,2025,project_adb_disbursement_current_year_expenditure_inr_crore,29.3346,issuer_disclosed,issuer,,Maharashtra State Road Improvement Project,,,,,,project_cash_basis_disbursement_claims|SH and MDR,,maharashtra_public_works_department,,,adb,,,,
adb_52298_001,Maharashtra State Road Improvement Project / ADB52298-001,project,MPWD,Maharashtra,SH and MDR,project_adb_disbursement_current_year_expenditure_inr_crore,98.2208,INR crore,982208.0,INR thousand,2023-04-01,2024-03-31,fiscal_year,actual,project_cash_basis_disbursement_claims,2024-03-31,2025-09-05,adb_state_road_projects,https://www.adb.org/sites/default/files/project-documents/52298/52298-001-apfs-en_3.pdf,PDF p6; Annexure3; Disbursement from current-year expenditure; reimbursement confirmed p13 Annexure5,borrower_audited_project_disclosure,True,d8d949023e38e46929f39edf948b642fcc670d34332e841ba186121d0b955ffd,"Cash-basis MPWD project accounts, Loan3911-IND; Government of India is borrower and ADB lender. Project finances are not whole-state debt or an SPV balance sheet. Printed INR'000 normalized by0.0001 to INR crore. Current period ends19May2025 rather than31March2025; cumulative flows overlap annual flows and must not be added. Amounts in thousands are rounded; minor component discrepancies are preserved, not reconciled by invented values. Reimbursed/eligible claimed expenditure is not outstanding debt principal; grants and unclaimed-expenditure dashes are omitted.",Maharashtra State Road Improvement Project / ADB52298-001,2024,project_adb_disbursement_current_year_expenditure_inr_crore,98.2208,issuer_disclosed,issuer,,Maharashtra State Road Improvement Project,,,,,,project_cash_basis_disbursement_claims|SH and MDR,,maharashtra_public_works_department,,,adb,,,,
adb_52298_001,Maharashtra State Road Improvement Project / ADB52298-001,project,MPWD,Maharashtra,SH and MDR,project_adb_disbursement_prior_year_outstanding_inr_crore,38.1462,INR crore,381462.0,INR thousand,2024-04-01,2025-05-19,reporting_period,actual,project_cash_basis_disbursement_claims,2025-05-19,2025-09-05,adb_state_road_projects,https://www.adb.org/sites/default/files/project-documents/52298/52298-001-apfs-en_3.pdf,PDF p6; Annexure3; Disbursement from previous-year outstanding; reimbursement confirmed p13 Annexure5,borrower_audited_project_disclosure,True,d8d949023e38e46929f39edf948b642fcc670d34332e841ba186121d0b955ffd,"Cash-basis MPWD project accounts, Loan3911-IND; Government of India is borrower and ADB lender. Project finances are not whole-state debt or an SPV balance sheet. Printed INR'000 normalized by0.0001 to INR crore. Current period ends19May2025 rather than31March2025; cumulative flows overlap annual flows and must not be added. Amounts in thousands are rounded; minor component discrepancies are preserved, not reconciled by invented values. Reimbursed/eligible claimed expenditure is not outstanding debt principal; grants and unclaimed-expenditure dashes are omitted.",Maharashtra State Road Improvement Project / ADB52298-001,2025,project_adb_disbursement_prior_year_outstanding_inr_crore,38.1462,issuer_disclosed,issuer,,Maharashtra State Road Improvement Project,,,,,,project_cash_basis_disbursement_claims|SH and MDR,,maharashtra_public_works_department,,,adb,,,,
adb_52298_001,Maharashtra State Road Improvement Project / ADB52298-001,project,MPWD,Maharashtra,SH and MDR,project_adb_disbursement_prior_year_outstanding_inr_crore,47.7531,INR crore,477531.0,INR thousand,2023-04-01,2024-03-31,fiscal_year,actual,project_cash_basis_disbursement_claims,2024-03-31,2025-09-05,adb_state_road_projects,https://www.adb.org/sites/default/files/project-documents/52298/52298-001-apfs-en_3.pdf,PDF p6; Annexure3; Disbursement from previous-year outstanding; reimbursement confirmed p13 Annexure5,borrower_audited_project_disclosure,True,d8d949023e38e46929f39edf948b642fcc670d34332e841ba186121d0b955ffd,"Cash-basis MPWD project accounts, Loan3911-IND; Government of India is borrower and ADB lender. Project finances are not whole-state debt or an SPV balance sheet. Printed INR'000 normalized by0.0001 to INR crore. Current period ends19May2025 rather than31March2025; cumulative flows overlap annual flows and must not be added. Amounts in thousands are rounded; minor component discrepancies are preserved, not reconciled by invented values. Reimbursed/eligible claimed expenditure is not outstanding debt principal; grants and unclaimed-expenditure dashes are omitted.",Maharashtra State Road Improvement Project / ADB52298-001,2024,project_adb_disbursement_prior_year_outstanding_inr_crore,47.7531,issuer_disclosed,issuer,,Maharashtra State Road Improvement Project,,,,,,project_cash_basis_disbursement_claims|SH and MDR,,maharashtra_public_works_department,,,adb,,,,
adb_52298_001,Maharashtra State Road Improvement Project / ADB52298-001,project,MPWD,Maharashtra,SH and MDR,project_borrower_share_of_claims_inr_crore,27.6439,INR crore,276439.0,INR thousand,2024-04-01,2025-05-19,reporting_period,actual,project_cash_basis_disbursement_claims,2025-05-19,2025-09-05,adb_state_road_projects,https://www.adb.org/sites/default/files/project-documents/52298/52298-001-apfs-en_3.pdf,PDF p6; Annexure3; Borrower share(E); reimbursement confirmed p13 Annexure5,borrower_audited_project_disclosure,True,d8d949023e38e46929f39edf948b642fcc670d34332e841ba186121d0b955ffd,"Cash-basis MPWD project accounts, Loan3911-IND; Government of India is borrower and ADB lender. Project finances are not whole-state debt or an SPV balance sheet. Printed INR'000 normalized by0.0001 to INR crore. Current period ends19May2025 rather than31March2025; cumulative flows overlap annual flows and must not be added. Amounts in thousands are rounded; minor component discrepancies are preserved, not reconciled by invented values. Reimbursed/eligible claimed expenditure is not outstanding debt principal; grants and unclaimed-expenditure dashes are omitted.",Maharashtra State Road Improvement Project / ADB52298-001,2025,project_borrower_share_of_claims_inr_crore,27.6439,issuer_disclosed,issuer,,Maharashtra State Road Improvement Project,,,,,,project_cash_basis_disbursement_claims|SH and MDR,,maharashtra_public_works_department,,,adb,,,,
adb_52298_001,Maharashtra State Road Improvement Project / ADB52298-001,project,MPWD,Maharashtra,SH and MDR,project_borrower_share_of_claims_inr_crore,34.0801,INR crore,340801.0,INR thousand,2023-04-01,2024-03-31,fiscal_year,actual,project_cash_basis_disbursement_claims,2024-03-31,2025-09-05,adb_state_road_projects,https://www.adb.org/sites/default/files/project-documents/52298/52298-001-apfs-en_3.pdf,PDF p6; Annexure3; Borrower share(E); reimbursement confirmed p13 Annexure5,borrower_audited_project_disclosure,True,d8d949023e38e46929f39edf948b642fcc670d34332e841ba186121d0b955ffd,"Cash-basis MPWD project accounts, Loan3911-IND; Government of India is borrower and ADB lender. Project finances are not whole-state debt or an SPV balance sheet. Printed INR'000 normalized by0.0001 to INR crore. Current period ends19May2025 rather than31March2025; cumulative flows overlap annual flows and must not be added. Amounts in thousands are rounded; minor component discrepancies are preserved, not reconciled by invented values. Reimbursed/eligible claimed expenditure is not outstanding debt principal; grants and unclaimed-expenditure dashes are omitted.",Maharashtra State Road Improvement Project / ADB52298-001,2024,project_borrower_share_of_claims_inr_crore,34.0801,issuer_disclosed,issuer,,Maharashtra State Road Improvement Project,,,,,,project_cash_basis_disbursement_claims|SH and MDR,,maharashtra_public_works_department,,,adb,,,,
adb_52298_001,Maharashtra State Road Improvement Project / ADB52298-001,project,MPWD,Maharashtra,SH and MDR,project_borrower_share_of_claims_inr_crore,476.8469,INR crore,4768469.0,INR thousand,2020-04-01,2025-05-19,project_cumulative,actual,project_cash_basis_disbursement_claims,2025-05-19,2025-09-05,adb_state_road_projects,https://www.adb.org/sites/default/files/project-documents/52298/52298-001-apfs-en_3.pdf,PDF p6; Annexure3; Borrower share(E); reimbursement confirmed p13 Annexure5,borrower_audited_project_disclosure,True,d8d949023e38e46929f39edf948b642fcc670d34332e841ba186121d0b955ffd,"Cash-basis MPWD project accounts, Loan3911-IND; Government of India is borrower and ADB lender. Project finances are not whole-state debt or an SPV balance sheet. Printed INR'000 normalized by0.0001 to INR crore. Current period ends19May2025 rather than31March2025; cumulative flows overlap annual flows and must not be added. Amounts in thousands are rounded; minor component discrepancies are preserved, not reconciled by invented values. Reimbursed/eligible claimed expenditure is not outstanding debt principal; grants and unclaimed-expenditure dashes are omitted.",Maharashtra State Road Improvement Project / ADB52298-001,2025,project_borrower_share_of_claims_inr_crore,476.8469,issuer_disclosed,issuer,,Maharashtra State Road Improvement Project,,,,,,project_cash_basis_disbursement_claims|SH and MDR,,maharashtra_public_works_department,,,adb,,,,
adb_52298_001_epc_1,MSRIP EPC1 / PIURatnagiri,project_package,MPWD,Maharashtra,SH and MDR,project_civil_works_expenditure_inr_crore,102.9105,INR crore,1029105.0,INR thousand,2020-04-01,2025-05-19,project_cumulative,actual,project_cash_basis_package_civil_works,2025-05-19,2025-09-05,adb_state_road_projects,https://www.adb.org/sites/default/files/project-documents/52298/52298-001-apfs-en_3.pdf,PDF p11; Note6; EPC1 civil work executed,borrower_audited_project_disclosure,True,d8d949023e38e46929f39edf948b642fcc670d34332e841ba186121d0b955ffd,"Cash-basis MPWD project accounts, Loan3911-IND; Government of India is borrower and ADB lender. Project finances are not whole-state debt or an SPV balance sheet. Printed INR'000 normalized by0.0001 to INR crore. Current period ends19May2025 rather than31March2025; cumulative flows overlap annual flows and must not be added. Amounts in thousands are rounded; minor component discrepancies are preserved, not reconciled by invented values. EPC package inside parent project; cannot be added to its reported aggregate. Road names retained as disclosed, not independently verified route geometry or legal asset ownership.",MSRIP EPC1 / PIURatnagiri,2025,project_civil_works_expenditure_inr_crore,102.9105,issuer_disclosed,issuer,adb_52298_001_epc_1,NH66 to Kante Tulsani Devrukh Marleshwar SH174; Chafe-Ganpatipule MDR55,,,,,,project_cash_basis_package_civil_works|SH and MDR,,maharashtra_public_works_department,,,adb,,,,
adb_52298_001_epc_1,MSRIP EPC1 / PIURatnagiri,project_package,MPWD,Maharashtra,SH and MDR,project_contractual_deposit_balance_inr_crore,9.632,INR crore,96320.0,INR thousand,,2025-05-19,balance_sheet_snapshot,actual,project_cash_basis_contractual_deposits,2025-05-19,2025-09-05,adb_state_road_projects,https://www.adb.org/sites/default/files/project-documents/52298/52298-001-apfs-en_3.pdf,PDF p11; Note5 Cash and Cash equivalent; EPC1 Deposit,borrower_audited_project_disclosure,True,d8d949023e38e46929f39edf948b642fcc670d34332e841ba186121d0b955ffd,"Cash-basis MPWD project accounts, Loan3911-IND; Government of India is borrower and ADB lender. Project finances are not whole-state debt or an SPV balance sheet. Printed INR'000 normalized by0.0001 to INR crore. Current period ends19May2025 rather than31March2025; cumulative flows overlap annual flows and must not be added. Amounts in thousands are rounded; minor component discrepancies are preserved, not reconciled by invented values. PIU retention/maintenance/PartV/security deposits payable under contract; not free cash or contractor debt. Nine printed package values sum928394 versus disclosed total928530 INRthousand; the unreconciled total is quarantined, with no synthetic balancing.",MSRIP EPC1 / PIURatnagiri,2025,project_contractual_deposit_balance_inr_crore,9.632,issuer_disclosed,issuer,adb_52298_001_epc_1,NH66 to Kante Tulsani Devrukh Marleshwar SH174; Chafe-Ganpatipule MDR55,,,,,,project_cash_basis_contractual_deposits|SH and MDR,,maharashtra_public_works_department,,,adb,,,,
adb_52298_001_epc_2,MSRIP EPC2 / PIURatnagiri,project_package,MPWD,Maharashtra,SH and MDR,project_civil_works_expenditure_inr_crore,139.91410000000002,INR crore,1399141.0,INR thousand,2020-04-01,2025-05-19,project_cumulative,actual,project_cash_basis_package_civil_works,2025-05-19,2025-09-05,adb_state_road_projects,https://www.adb.org/sites/default/files/project-documents/52298/52298-001-apfs-en_3.pdf,PDF p11; Note6; EPC2 civil work executed,borrower_audited_project_disclosure,True,d8d949023e38e46929f39edf948b642fcc670d34332e841ba186121d0b955ffd,"Cash-basis MPWD project accounts, Loan3911-IND; Government of India is borrower and ADB lender. Project finances are not whole-state debt or an SPV balance sheet. Printed INR'000 normalized by0.0001 to INR crore. Current period ends19May2025 rather than31March2025; cumulative flows overlap annual flows and must not be added. Amounts in thousands are rounded; minor component discrepancies are preserved, not reconciled by invented values. EPC package inside parent project; cannot be added to its reported aggregate. Road names retained as disclosed, not independently verified route geometry or legal asset ownership.",MSRIP EPC2 / PIURatnagiri,2025,project_civil_works_expenditure_inr_crore,139.91410000000002,issuer_disclosed,issuer,adb_52298_001_epc_2,Dabhole Shiposhi Korle Vatul joining NH175; Hatiwale-Jaitapur SH170,,,,,,project_cash_basis_package_civil_works|SH and MDR,,maharashtra_public_works_department,,,adb,,,,
adb_52298_001_epc_2,MSRIP EPC2 / PIURatnagiri,project_package,MPWD,Maharashtra,SH and MDR,project_contractual_deposit_balance_inr_crore,12.9213,INR crore,129213.0,INR thousand,,2025-05-19,balance_sheet_snapshot,actual,project_cash_basis_contractual_deposits,2025-05-19,2025-09-05,adb_state_road_projects,https://www.adb.org/sites/default/files/project-documents/52298/52298-001-apfs-en_3.pdf,PDF p11; Note5 Cash and Cash equivalent; EPC2 Deposit,borrower_audited_project_disclosure,True,d8d949023e38e46929f39edf948b642fcc670d34332e841ba186121d0b955ffd,"Cash-basis MPWD project accounts, Loan3911-IND; Government of India is borrower and ADB lender. Project finances are not whole-state debt or an SPV balance sheet. Printed INR'000 normalized by0.0001 to INR crore. Current period ends19May2025 rather than31March2025; cumulative flows overlap annual flows and must not be added. Amounts in thousands are rounded; minor component discrepancies are preserved, not reconciled by invented values. PIU retention/maintenance/PartV/security deposits payable under contract; not free cash or contractor debt. Nine printed package values sum928394 versus disclosed total928530 INRthousand; the unreconciled total is quarantined, with no synthetic balancing.",MSRIP EPC2 / PIURatnagiri,2025,project_contractual_deposit_balance_inr_crore,12.9213,issuer_disclosed,issuer,adb_52298_001_epc_2,Dabhole Shiposhi Korle Vatul joining NH175; Hatiwale-Jaitapur SH170,,,,,,project_cash_basis_contractual_deposits|SH and MDR,,maharashtra_public_works_department,,,adb,,,,
adb_52298_001_epc_3,MSRIP EPC3 / PIUSolapur,project_package,MPWD,Maharashtra,SH and MDR,project_civil_works_expenditure_inr_crore,200.1478,INR crore,2001478.0,INR thousand,2020-04-01,2025-05-19,project_cumulative,actual,project_cash_basis_package_civil_works,2025-05-19,2025-09-05,adb_state_road_projects,https://www.adb.org/sites/default/files/project-documents/52298/52298-001-apfs-en_3.pdf,PDF p11; Note6; EPC3 civil work executed,borrower_audited_project_disclosure,True,d8d949023e38e46929f39edf948b642fcc670d34332e841ba186121d0b955ffd,"Cash-basis MPWD project accounts, Loan3911-IND; Government of India is borrower and ADB lender. Project finances are not whole-state debt or an SPV balance sheet. Printed INR'000 normalized by0.0001 to INR crore. Current period ends19May2025 rather than31March2025; cumulative flows overlap annual flows and must not be added. Amounts in thousands are rounded; minor component discrepancies are preserved, not reconciled by invented values. EPC package inside parent project; cannot be added to its reported aggregate. Road names retained as disclosed, not independently verified route geometry or legal asset ownership.",MSRIP EPC3 / PIUSolapur,2025,project_civil_works_expenditure_inr_crore,200.1478,issuer_disclosed,issuer,adb_52298_001_epc_3,Barshi-Solapur SH204,,,,,,project_cash_basis_package_civil_works|SH and MDR,,maharashtra_public_works_department,,,adb,,,,
adb_52298_001_epc_3,MSRIP EPC3 / PIUSolapur,project_package,MPWD,Maharashtra,SH and MDR,project_contractual_deposit_balance_inr_crore,4.3664000000000005,INR crore,43664.0,INR thousand,,2025-05-19,balance_sheet_snapshot,actual,project_cash_basis_contractual_deposits,2025-05-19,2025-09-05,adb_state_road_projects,https://www.adb.org/sites/default/files/project-documents/52298/52298-001-apfs-en_3.pdf,PDF p11; Note5 Cash and Cash equivalent; EPC3 Deposit,borrower_audited_project_disclosure,True,d8d949023e38e46929f39edf948b642fcc670d34332e841ba186121d0b955ffd,"Cash-basis MPWD project accounts, Loan3911-IND; Government of India is borrower and ADB lender. Project finances are not whole-state debt or an SPV balance sheet. Printed INR'000 normalized by0.0001 to INR crore. Current period ends19May2025 rather than31March2025; cumulative flows overlap annual flows and must not be added. Amounts in thousands are rounded; minor component discrepancies are preserved, not reconciled by invented values. PIU retention/maintenance/PartV/security deposits payable under contract; not free cash or contractor debt. Nine printed package values sum928394 versus disclosed total928530 INRthousand; the unreconciled total is quarantined, with no synthetic balancing.",MSRIP EPC3 / PIUSolapur,2025,project_contractual_deposit_balance_inr_crore,4.3664000000000005,issuer_disclosed,issuer,adb_52298_001_epc_3,Barshi-Solapur SH204,,,,,,project_cash_basis_contractual_deposits|SH and MDR,,maharashtra_public_works_department,,,adb,,,,
adb_52298_001_epc_4,MSRIP EPC4 / PIUAkluj,project_package,MPWD,Maharashtra,SH and MDR,project_civil_works_expenditure_inr_crore,220.3099,INR crore,2203099.0,INR thousand,2020-04-01,2025-05-19,project_cumulative,actual,project_cash_basis_package_civil_works,2025-05-19,2025-09-05,adb_state_road_projects,https://www.adb.org/sites/default/files/project-documents/52298/52298-001-apfs-en_3.pdf,PDF p11; Note6; EPC4 civil work executed,borrower_audited_project_disclosure,True,d8d949023e38e46929f39edf948b642fcc670d34332e841ba186121d0b955ffd,"Cash-basis MPWD project accounts, Loan3911-IND; Government of India is borrower and ADB lender. Project finances are not whole-state debt or an SPV balance sheet. Printed INR'000 normalized by0.0001 to INR crore. Current period ends19May2025 rather than31March2025; cumulative flows overlap annual flows and must not be added. Amounts in thousands are rounded; minor component discrepancies are preserved, not reconciled by invented values. EPC package inside parent project; cannot be added to its reported aggregate. Road names retained as disclosed, not independently verified route geometry or legal asset ownership.",MSRIP EPC4 / PIUAkluj,2025,project_civil_works_expenditure_inr_crore,220.3099,issuer_disclosed,issuer,adb_52298_001_epc_4,Korti district border to Awati district border,,,,,,project_cash_basis_package_civil_works|SH and MDR,,maharashtra_public_works_department,,,adb,,,,
adb_52298_001_epc_4,MSRIP EPC4 / PIUAkluj,project_package,MPWD,Maharashtra,SH and MDR,project_contractual_deposit_balance_inr_crore,5.1351,INR crore,51351.0,INR thousand,,2025-05-19,balance_sheet_snapshot,actual,project_cash_basis_contractual_deposits,2025-05-19,2025-09-05,adb_state_road_projects,https://www.adb.org/sites/default/files/project-documents/52298/52298-001-apfs-en_3.pdf,PDF p11; Note5 Cash and Cash equivalent; EPC4 Deposit,borrower_audited_project_disclosure,True,d8d949023e38e46929f39edf948b642fcc670d34332e841ba186121d0b955ffd,"Cash-basis MPWD project accounts, Loan3911-IND; Government of India is borrower and ADB lender. Project finances are not whole-state debt or an SPV balance sheet. Printed INR'000 normalized by0.0001 to INR crore. Current period ends19May2025 rather than31March2025; cumulative flows overlap annual flows and must not be added. Amounts in thousands are rounded; minor component discrepancies are preserved, not reconciled by invented values. PIU retention/maintenance/PartV/security deposits payable under contract; not free cash or contractor debt. Nine printed package values sum928394 versus disclosed total928530 INRthousand; the unreconciled total is quarantined, with no synthetic balancing.",MSRIP EPC4 / PIUAkluj,2025,project_contractual_deposit_balance_inr_crore,5.1351,issuer_disclosed,issuer,adb_52298_001_epc_4,Korti district border to Awati district border,,,,,,project_cash_basis_contractual_deposits|SH and MDR,,maharashtra_public_works_department,,,adb,,,,
adb_52298_001_epc_5,MSRIP EPC5 / PIUPusad,project_package,MPWD,Maharashtra,SH and MDR,project_civil_works_expenditure_inr_crore,145.6894,INR crore,1456894.0,INR thousand,2020-04-01,2025-05-19,project_cumulative,actual,project_cash_basis_package_civil_works,2025-05-19,2025-09-05,adb_state_road_projects,https://www.adb.org/sites/default/files/project-documents/52298/52298-001-apfs-en_3.pdf,PDF p11; Note6; EPC5 civil work executed,borrower_audited_project_disclosure,True,d8d949023e38e46929f39edf948b642fcc670d34332e841ba186121d0b955ffd,"Cash-basis MPWD project accounts, Loan3911-IND; Government of India is borrower and ADB lender. Project finances are not whole-state debt or an SPV balance sheet. Printed INR'000 normalized by0.0001 to INR crore. Current period ends19May2025 rather than31March2025; cumulative flows overlap annual flows and must not be added. Amounts in thousands are rounded; minor component discrepancies are preserved, not reconciled by invented values. EPC package inside parent project; cannot be added to its reported aggregate. Road names retained as disclosed, not independently verified route geometry or legal asset ownership.",MSRIP EPC5 / PIUPusad,2025,project_civil_works_expenditure_inr_crore,145.6894,issuer_disclosed,issuer,adb_52298_001_epc_5,Shrirampur Vaijapur Risod Washim Pusad Mahagaon Fulsawangi Mandvi SH51,,,,,,project_cash_basis_package_civil_works|SH and MDR,,maharashtra_public_works_department,,,adb,,,,
adb_52298_001_epc_5,MSRIP EPC5 / PIUPusad,project_package,MPWD,Maharashtra,SH and MDR,project_contractual_deposit_balance_inr_crore,0.0551,INR crore,551.0,INR thousand,,2025-05-19,balance_sheet_snapshot,actual,project_cash_basis_contractual_deposits,2025-05-19,2025-09-05,adb_state_road_projects,https://www.adb.org/sites/default/files/project-documents/52298/52298-001-apfs-en_3.pdf,PDF p11; Note5 Cash and Cash equivalent; EPC5 Deposit,borrower_audited_project_disclosure,True,d8d949023e38e46929f39edf948b642fcc670d34332e841ba186121d0b955ffd,"Cash-basis MPWD project accounts, Loan3911-IND; Government of India is borrower and ADB lender. Project finances are not whole-state debt or an SPV balance sheet. Printed INR'000 normalized by0.0001 to INR crore. Current period ends19May2025 rather than31March2025; cumulative flows overlap annual flows and must not be added. Amounts in thousands are rounded; minor component discrepancies are preserved, not reconciled by invented values. PIU retention/maintenance/PartV/security deposits payable under contract; not free cash or contractor debt. Nine printed package values sum928394 versus disclosed total928530 INRthousand; the unreconciled total is quarantined, with no synthetic balancing.",MSRIP EPC5 / PIUPusad,2025,project_contractual_deposit_balance_inr_crore,0.0551,issuer_disclosed,issuer,adb_52298_001_epc_5,Shrirampur Vaijapur Risod Washim Pusad Mahagaon Fulsawangi Mandvi SH51,,,,,,project_cash_basis_contractual_deposits|SH and MDR,,maharashtra_public_works_department,,,adb,,,,
adb_52298_001_epc_6,MSRIP EPC6 / PIUAmravati,project_package,MPWD,Maharashtra,SH and MDR,project_civil_works_expenditure_inr_crore,220.8067,INR crore,2208067.0,INR thousand,2020-04-01,2025-05-19,project_cumulative,actual,project_cash_basis_package_civil_works,2025-05-19,2025-09-05,adb_state_road_projects,https://www.adb.org/sites/default/files/project-documents/52298/52298-001-apfs-en_3.pdf,PDF p11; Note6; EPC6 civil work executed,borrower_audited_project_disclosure,True,d8d949023e38e46929f39edf948b642fcc670d34332e841ba186121d0b955ffd,"Cash-basis MPWD project accounts, Loan3911-IND; Government of India is borrower and ADB lender. Project finances are not whole-state debt or an SPV balance sheet. Printed INR'000 normalized by0.0001 to INR crore. Current period ends19May2025 rather than31March2025; cumulative flows overlap annual flows and must not be added. Amounts in thousands are rounded; minor component discrepancies are preserved, not reconciled by invented values. EPC package inside parent project; cannot be added to its reported aggregate. Road names retained as disclosed, not independently verified route geometry or legal asset ownership.",MSRIP EPC6 / PIUAmravati,2025,project_civil_works_expenditure_inr_crore,220.8067,issuer_disclosed,issuer,adb_52298_001_epc_6,Riddhapur Tiwsa Anjansinghi Dhamangaon Devgaon Yavatmal SH300,,,,,,project_cash_basis_package_civil_works|SH and MDR,,maharashtra_public_works_department,,,adb,,,,
adb_52298_001_epc_6,MSRIP EPC6 / PIUAmravati,project_package,MPWD,Maharashtra,SH and MDR,project_contractual_deposit_balance_inr_crore,19.6008,INR crore,196008.0,INR thousand,,2025-05-19,balance_sheet_snapshot,actual,project_cash_basis_contractual_deposits,2025-05-19,2025-09-05,adb_state_road_projects,https://www.adb.org/sites/default/files/project-documents/52298/52298-001-apfs-en_3.pdf,PDF p11; Note5 Cash and Cash equivalent; EPC6 Deposit,borrower_audited_project_disclosure,True,d8d949023e38e46929f39edf948b642fcc670d34332e841ba186121d0b955ffd,"Cash-basis MPWD project accounts, Loan3911-IND; Government of India is borrower and ADB lender. Project finances are not whole-state debt or an SPV balance sheet. Printed INR'000 normalized by0.0001 to INR crore. Current period ends19May2025 rather than31March2025; cumulative flows overlap annual flows and must not be added. Amounts in thousands are rounded; minor component discrepancies are preserved, not reconciled by invented values. PIU retention/maintenance/PartV/security deposits payable under contract; not free cash or contractor debt. Nine printed package values sum928394 versus disclosed total928530 INRthousand; the unreconciled total is quarantined, with no synthetic balancing.",MSRIP EPC6 / PIUAmravati,2025,project_contractual_deposit_balance_inr_crore,19.6008,issuer_disclosed,issuer,adb_52298_001_epc_6,Riddhapur Tiwsa Anjansinghi Dhamangaon Devgaon Yavatmal SH300,,,,,,project_cash_basis_contractual_deposits|SH and MDR,,maharashtra_public_works_department,,,adb,,,,
adb_52298_001_epc_7,MSRIP EPC7 / PIUDaryapur,project_package,MPWD,Maharashtra,SH and MDR,project_civil_works_expenditure_inr_crore,152.0256,INR crore,1520256.0,INR thousand,2020-04-01,2025-05-19,project_cumulative,actual,project_cash_basis_package_civil_works,2025-05-19,2025-09-05,adb_state_road_projects,https://www.adb.org/sites/default/files/project-documents/52298/52298-001-apfs-en_3.pdf,PDF p12; Note6; EPC7 civil work executed,borrower_audited_project_disclosure,True,d8d949023e38e46929f39edf948b642fcc670d34332e841ba186121d0b955ffd,"Cash-basis MPWD project accounts, Loan3911-IND; Government of India is borrower and ADB lender. Project finances are not whole-state debt or an SPV balance sheet. Printed INR'000 normalized by0.0001 to INR crore. Current period ends19May2025 rather than31March2025; cumulative flows overlap annual flows and must not be added. Amounts in thousands are rounded; minor component discrepancies are preserved, not reconciled by invented values. EPC package inside parent project; cannot be added to its reported aggregate. Road names retained as disclosed, not independently verified route geometry or legal asset ownership.",MSRIP EPC7 / PIUDaryapur,2025,project_civil_works_expenditure_inr_crore,152.0256,issuer_disclosed,issuer,adb_52298_001_epc_7,Walgaon Daryapur Akot SH47; Daryapur Amla Runmochan Asara MDR21 and SH301,,,,,,project_cash_basis_package_civil_works|SH and MDR,,maharashtra_public_works_department,,,adb,,,,
adb_52298_001_epc_7,MSRIP EPC7 / PIUDaryapur,project_package,MPWD,Maharashtra,SH and MDR,project_contractual_deposit_balance_inr_crore,16.701,INR crore,167010.0,INR thousand,,2025-05-19,balance_sheet_snapshot,actual,project_cash_basis_contractual_deposits,2025-05-19,2025-09-05,adb_state_road_projects,https://www.adb.org/sites/default/files/project-documents/52298/52298-001-apfs-en_3.pdf,PDF p11; Note5 Cash and Cash equivalent; EPC7 Deposit,borrower_audited_project_disclosure,True,d8d949023e38e46929f39edf948b642fcc670d34332e841ba186121d0b955ffd,"Cash-basis MPWD project accounts, Loan3911-IND; Government of India is borrower and ADB lender. Project finances are not whole-state debt or an SPV balance sheet. Printed INR'000 normalized by0.0001 to INR crore. Current period ends19May2025 rather than31March2025; cumulative flows overlap annual flows and must not be added. Amounts in thousands are rounded; minor component discrepancies are preserved, not reconciled by invented values. PIU retention/maintenance/PartV/security deposits payable under contract; not free cash or contractor debt. Nine printed package values sum928394 versus disclosed total928530 INRthousand; the unreconciled total is quarantined, with no synthetic balancing.",MSRIP EPC7 / PIUDaryapur,2025,project_contractual_deposit_balance_inr_crore,16.701,issuer_disclosed,issuer,adb_52298_001_epc_7,Walgaon Daryapur Akot SH47; Daryapur Amla Runmochan Asara MDR21 and SH301,,,,,,project_cash_basis_contractual_deposits|SH and MDR,,maharashtra_public_works_department,,,adb,,,,
adb_52298_001_epc_8,MSRIP EPC8 / PIUAmravati,project_package,MPWD,Maharashtra,SH and MDR,project_civil_works_expenditure_inr_crore,188.438,INR crore,1884380.0,INR thousand,2020-04-01,2025-05-19,project_cumulative,actual,project_cash_basis_package_civil_works,2025-05-19,2025-09-05,adb_state_road_projects,https://www.adb.org/sites/default/files/project-documents/52298/52298-001-apfs-en_3.pdf,PDF p12; Note6; EPC8 civil work executed,borrower_audited_project_disclosure,True,d8d949023e38e46929f39edf948b642fcc670d34332e841ba186121d0b955ffd,"Cash-basis MPWD project accounts, Loan3911-IND; Government of India is borrower and ADB lender. Project finances are not whole-state debt or an SPV balance sheet. Printed INR'000 normalized by0.0001 to INR crore. Current period ends19May2025 rather than31March2025; cumulative flows overlap annual flows and must not be added. Amounts in thousands are rounded; minor component discrepancies are preserved, not reconciled by invented values. EPC package inside parent project; cannot be added to its reported aggregate. Road names retained as disclosed, not independently verified route geometry or legal asset ownership.",MSRIP EPC8 / PIUAmravati,2025,project_civil_works_expenditure_inr_crore,188.438,issuer_disclosed,issuer,adb_52298_001_epc_8,Chandur Railway Talegaon SH297; Riddhapur Tiwsa SH300,,,,,,project_cash_basis_package_civil_works|SH and MDR,,maharashtra_public_works_department,,,adb,,,,
adb_52298_001_epc_8,MSRIP EPC8 / PIUAmravati,project_package,MPWD,Maharashtra,SH and MDR,project_contractual_deposit_balance_inr_crore,20.8451,INR crore,208451.0,INR thousand,,2025-05-19,balance_sheet_snapshot,actual,project_cash_basis_contractual_deposits,2025-05-19,2025-09-05,adb_state_road_projects,https://www.adb.org/sites/default/files/project-documents/52298/52298-001-apfs-en_3.pdf,PDF p11; Note5 Cash and Cash equivalent; EPC8 Deposit,borrower_audited_project_disclosure,True,d8d949023e38e46929f39edf948b642fcc670d34332e841ba186121d0b955ffd,"Cash-basis MPWD project accounts, Loan3911-IND; Government of India is borrower and ADB lender. Project finances are not whole-state debt or an SPV balance sheet. Printed INR'000 normalized by0.0001 to INR crore. Current period ends19May2025 rather than31March2025; cumulative flows overlap annual flows and must not be added. Amounts in thousands are rounded; minor component discrepancies are preserved, not reconciled by invented values. PIU retention/maintenance/PartV/security deposits payable under contract; not free cash or contractor debt. Nine printed package values sum928394 versus disclosed total928530 INRthousand; the unreconciled total is quarantined, with no synthetic balancing.",MSRIP EPC8 / PIUAmravati,2025,project_contractual_deposit_balance_inr_crore,20.8451,issuer_disclosed,issuer,adb_52298_001_epc_8,Chandur Railway Talegaon SH297; Riddhapur Tiwsa SH300,,,,,,project_cash_basis_contractual_deposits|SH and MDR,,maharashtra_public_works_department,,,adb,,,,
adb_52298_001_epc_9,MSRIP EPC9 / PIUSolapur,project_package,MPWD,Maharashtra,SH and MDR,project_civil_works_expenditure_inr_crore,123.2286,INR crore,1232286.0,INR thousand,2020-04-01,2025-05-19,project_cumulative,actual,project_cash_basis_package_civil_works,2025-05-19,2025-09-05,adb_state_road_projects,https://www.adb.org/sites/default/files/project-documents/52298/52298-001-apfs-en_3.pdf,PDF p12; Note6; EPC9 civil work executed,borrower_audited_project_disclosure,True,d8d949023e38e46929f39edf948b642fcc670d34332e841ba186121d0b955ffd,"Cash-basis MPWD project accounts, Loan3911-IND; Government of India is borrower and ADB lender. Project finances are not whole-state debt or an SPV balance sheet. Printed INR'000 normalized by0.0001 to INR crore. Current period ends19May2025 rather than31March2025; cumulative flows overlap annual flows and must not be added. Amounts in thousands are rounded; minor component discrepancies are preserved, not reconciled by invented values. EPC package inside parent project; cannot be added to its reported aggregate. Road names retained as disclosed, not independently verified route geometry or legal asset ownership.",MSRIP EPC9 / PIUSolapur,2025,project_civil_works_expenditure_inr_crore,123.2286,issuer_disclosed,issuer,adb_52298_001_epc_9,Waradwadi Phata to Narewadi district border,,,,,,project_cash_basis_package_civil_works|SH and MDR,,maharashtra_public_works_department,,,adb,,,,
adb_52298_001_epc_9,MSRIP EPC9 / PIUSolapur,project_package,MPWD,Maharashtra,SH and MDR,project_contractual_deposit_balance_inr_crore,3.5826,INR crore,35826.0,INR thousand,,2025-05-19,balance_sheet_snapshot,actual,project_cash_basis_contractual_deposits,2025-05-19,2025-09-05,adb_state_road_projects,https://www.adb.org/sites/default/files/project-documents/52298/52298-001-apfs-en_3.pdf,PDF p11; Note5 Cash and Cash equivalent; EPC9 Deposit,borrower_audited_project_disclosure,True,d8d949023e38e46929f39edf948b642fcc670d34332e841ba186121d0b955ffd,"Cash-basis MPWD project accounts, Loan3911-IND; Government of India is borrower and ADB lender. Project finances are not whole-state debt or an SPV balance sheet. Printed INR'000 normalized by0.0001 to INR crore. Current period ends19May2025 rather than31March2025; cumulative flows overlap annual flows and must not be added. Amounts in thousands are rounded; minor component discrepancies are preserved, not reconciled by invented values. PIU retention/maintenance/PartV/security deposits payable under contract; not free cash or contractor debt. Nine printed package values sum928394 versus disclosed total928530 INRthousand; the unreconciled total is quarantined, with no synthetic balancing.",MSRIP EPC9 / PIUSolapur,2025,project_contractual_deposit_balance_inr_crore,3.5826,issuer_disclosed,issuer,adb_52298_001_epc_9,Waradwadi Phata to Narewadi district border,,,,,,project_cash_basis_contractual_deposits|SH and MDR,,maharashtra_public_works_department,,,adb,,,,
adb_52298_001,Maharashtra State Road Improvement Project / ADB52298-001,project,MPWD,Maharashtra,SH and MDR,target_project_road_length_km,450.0,km,450.0,km,,2025-05-19,project_plan_context,target,project_objectives,2025-05-19,2025-09-05,adb_state_road_projects,https://www.adb.org/sites/default/files/project-documents/52298/52298-001-apfs-en_3.pdf,PDF p7; Note1 Project nature and activities,target,False,d8d949023e38e46929f39edf948b642fcc670d34332e841ba186121d0b955ffd,"Project aims to upgrade about450km to two-lane standard and maintain improved assets for5years. These are project objectives; report closure does not measure450km delivery or completed maintenance. Report cutoff dates this disclosed context, not target achievement.",Maharashtra State Road Improvement Project / ADB52298-001,2025,target_project_road_length_km,450.0,issuer_disclosed,issuer,,Maharashtra State Road Improvement Project,,,,,,project_objectives|SH and MDR,,maharashtra_public_works_department,,,adb,,,,
adb_52298_001,Maharashtra State Road Improvement Project / ADB52298-001,project,MPWD,Maharashtra,SH and MDR,target_postconstruction_maintenance_years,5.0,years,5.0,years,,2025-05-19,project_plan_context,target,project_objectives,2025-05-19,2025-09-05,adb_state_road_projects,https://www.adb.org/sites/default/files/project-documents/52298/52298-001-apfs-en_3.pdf,PDF p7; Note1 Project nature and activities,target,False,d8d949023e38e46929f39edf948b642fcc670d34332e841ba186121d0b955ffd,"Project aims to upgrade about450km to two-lane standard and maintain improved assets for5years. These are project objectives; report closure does not measure450km delivery or completed maintenance. Report cutoff dates this disclosed context, not target achievement.",Maharashtra State Road Improvement Project / ADB52298-001,2025,target_postconstruction_maintenance_years,5.0,issuer_disclosed,issuer,,Maharashtra State Road Improvement Project,,,,,,project_objectives|SH and MDR,,maharashtra_public_works_department,,,adb,,,,
adb_52298_001,Maharashtra State Road Improvement Project / ADB52298-001,project,MPWD,Maharashtra,SH and MDR,target_project_base_cost_inr_crore,1557.4867000000002,INR crore,15574867.0,INR thousand,,2025-05-19,project_financing_plan,target,PAM_financing_plan,2025-05-19,2025-09-05,adb_state_road_projects,https://www.adb.org/sites/default/files/project-documents/52298/52298-001-apfs-en_3.pdf,PDF p8; Note3(c) Project Cost; PAM financing arrangement; Base Cost,target,False,d8d949023e38e46929f39edf948b642fcc670d34332e841ba186121d0b955ffd,"Historical financing plan in final accounts; USD255.99million at INR71.0435/USD, October2019 prices. Original planned cost is not actual expenditure or current replacement value; report cutoff dates the disclosure, not a new plan approval.",Maharashtra State Road Improvement Project / ADB52298-001,2025,target_project_base_cost_inr_crore,1557.4867000000002,issuer_disclosed,issuer,,Maharashtra State Road Improvement Project,,,,,,PAM_financing_plan|SH and MDR,,maharashtra_public_works_department,,,adb,,,,
adb_52298_001,Maharashtra State Road Improvement Project / ADB52298-001,project,MPWD,Maharashtra,SH and MDR,target_project_contingency_cost_inr_crore,177.3246,INR crore,1773246.0,INR thousand,,2025-05-19,project_financing_plan,target,PAM_financing_plan,2025-05-19,2025-09-05,adb_state_road_projects,https://www.adb.org/sites/default/files/project-documents/52298/52298-001-apfs-en_3.pdf,PDF p8; Note3(c) Project Cost; PAM financing arrangement; Contingencies,target,False,d8d949023e38e46929f39edf948b642fcc670d34332e841ba186121d0b955ffd,"Historical financing plan in final accounts; USD255.99million at INR71.0435/USD, October2019 prices. Original planned cost is not actual expenditure or current replacement value; report cutoff dates the disclosure, not a new plan approval.",Maharashtra State Road Improvement Project / ADB52298-001,2025,target_project_contingency_cost_inr_crore,177.3246,issuer_disclosed,issuer,,Maharashtra State Road Improvement Project,,,,,,PAM_financing_plan|SH and MDR,,maharashtra_public_works_department,,,adb,,,,
adb_52298_001,Maharashtra State Road Improvement Project / ADB52298-001,project,MPWD,Maharashtra,SH and MDR,target_project_financing_charges_inr_crore,83.8313,INR crore,838313.0,INR thousand,,2025-05-19,project_financing_plan,target,PAM_financing_plan,2025-05-19,2025-09-05,adb_state_road_projects,https://www.adb.org/sites/default/files/project-documents/52298/52298-001-apfs-en_3.pdf,PDF p8; Note3(c) Project Cost; PAM financing arrangement; Financial Charges During Implementation,target,False,d8d949023e38e46929f39edf948b642fcc670d34332e841ba186121d0b955ffd,"Historical financing plan in final accounts; USD255.99million at INR71.0435/USD, October2019 prices. Original planned cost is not actual expenditure or current replacement value; report cutoff dates the disclosure, not a new plan approval.",Maharashtra State Road Improvement Project / ADB52298-001,2025,target_project_financing_charges_inr_crore,83.8313,issuer_disclosed,issuer,,Maharashtra State Road Improvement Project,,,,,,PAM_financing_plan|SH and MDR,,maharashtra_public_works_department,,,adb,,,,
adb_52298_001,Maharashtra State Road Improvement Project / ADB52298-001,project,MPWD,Maharashtra,SH and MDR,target_project_total_cost_inr_crore,1818.6426,INR crore,18186426.0,INR thousand,,2025-05-19,project_financing_plan,target,PAM_financing_plan,2025-05-19,2025-09-05,adb_state_road_projects,https://www.adb.org/sites/default/files/project-documents/52298/52298-001-apfs-en_3.pdf,PDF p8; Note3(c) Project Cost; PAM financing arrangement; Total,target,False,d8d949023e38e46929f39edf948b642fcc670d34332e841ba186121d0b955ffd,"Historical financing plan in final accounts; USD255.99million at INR71.0435/USD, October2019 prices. Original planned cost is not actual expenditure or current replacement value; report cutoff dates the disclosure, not a new plan approval.",Maharashtra State Road Improvement Project / ADB52298-001,2025,target_project_total_cost_inr_crore,1818.6426,issuer_disclosed,issuer,,Maharashtra State Road Improvement Project,,,,,,PAM_financing_plan|SH and MDR,,maharashtra_public_works_department,,,adb,,,,
