entity_id,entity_name,entity_type,agency,state,road_class,metric,value,unit,original_value,original_unit,period_start,period_end,period_basis,estimate_type,statement_basis,data_as_of,published_at,source_id,citation_url,table_page,evidence_class,analytical_eligible,source_document_sha256,notes,entity,year,metric_name,metric_value,metric_category,source_type,asset_id,project_name,nh_number,project_stage,scheduled_completion_date,likely_completion_date,actual_completion_date,comparison_group,asset_owner_id,implementing_agency_id,operator_id,concessionaire_id,financing_entity_id,contractor_name,disclosure_as_of,estimate_vintage,reported_period,observation_status,assurance,revision_identity,price_basis,base_year
network_andhra_pradesh,Andhra Pradesh,state_ut,MoRTH,Andhra Pradesh,National Highway,nh_network_length_km,8704.0,km,8704.0,km,,2025-12-31,stock,actual,MoRTH_Appendix2_NH_network,2025-12-31,2026-03-30,morth_annual_report_2025_26,https://morth.gov.in/backend/documents/uploaded/RTH%20Annual%20Report%20English.pdf,"PDF p127; printed p125; Appendix2, Andhra Pradesh",official_measured,True,d0dd808600a8a2d0013b1fe4772d104f14dc18fc810c21a09a16aad01ea5624a,"State/UT reported NH network; separate Dadra and Nagar Haveli and Daman and Diu labels preserved as published; Lakshadweep absent. Source state lengths sum 146,570 km versus published 146,572 km; no balancing adjustment. State NH number counts overlap across states and must not be summed into a national unique-route count.",Andhra Pradesh,2025,nh_network_length_km,8704.0,official_measured,official,,,,,,,,MoRTH_Appendix2_NH_network|National Highway,,,,,,,,,as on31December2025,reported,administrative_reported,d0dd808600a8a2d0013b1fe4772d104f14dc18fc810c21a09a16aad01ea5624a,,
network_andhra_pradesh,Andhra Pradesh,state_ut,MoRTH,Andhra Pradesh,National Highway,nh_number_count,55.0,count,55.0,count,,2025-12-31,stock,actual,MoRTH_Appendix2_NH_network,2025-12-31,2026-03-30,morth_annual_report_2025_26,https://morth.gov.in/backend/documents/uploaded/RTH%20Annual%20Report%20English.pdf,"PDF p127; printed p125; Appendix2, Andhra Pradesh",official_measured,True,d0dd808600a8a2d0013b1fe4772d104f14dc18fc810c21a09a16aad01ea5624a,"State/UT reported NH network; separate Dadra and Nagar Haveli and Daman and Diu labels preserved as published; Lakshadweep absent. Source state lengths sum 146,570 km versus published 146,572 km; no balancing adjustment. State NH number counts overlap across states and must not be summed into a national unique-route count.",Andhra Pradesh,2025,nh_number_count,55.0,official_measured,official,,,,,,,,MoRTH_Appendix2_NH_network|National Highway,,,,,,,,,as on31December2025,reported,administrative_reported,d0dd808600a8a2d0013b1fe4772d104f14dc18fc810c21a09a16aad01ea5624a,,
network_arunachal_pradesh,Arunachal Pradesh,state_ut,MoRTH,Arunachal Pradesh,National Highway,nh_network_length_km,4367.0,km,4367.0,km,,2025-12-31,stock,actual,MoRTH_Appendix2_NH_network,2025-12-31,2026-03-30,morth_annual_report_2025_26,https://morth.gov.in/backend/documents/uploaded/RTH%20Annual%20Report%20English.pdf,"PDF p127; printed p125; Appendix2, Arunachal Pradesh",official_measured,True,d0dd808600a8a2d0013b1fe4772d104f14dc18fc810c21a09a16aad01ea5624a,"State/UT reported NH network; separate Dadra and Nagar Haveli and Daman and Diu labels preserved as published; Lakshadweep absent. Source state lengths sum 146,570 km versus published 146,572 km; no balancing adjustment. State NH number counts overlap across states and must not be summed into a national unique-route count.",Arunachal Pradesh,2025,nh_network_length_km,4367.0,official_measured,official,,,,,,,,MoRTH_Appendix2_NH_network|National Highway,,,,,,,,,as on31December2025,reported,administrative_reported,d0dd808600a8a2d0013b1fe4772d104f14dc18fc810c21a09a16aad01ea5624a,,
network_arunachal_pradesh,Arunachal Pradesh,state_ut,MoRTH,Arunachal Pradesh,National Highway,nh_number_count,14.0,count,14.0,count,,2025-12-31,stock,actual,MoRTH_Appendix2_NH_network,2025-12-31,2026-03-30,morth_annual_report_2025_26,https://morth.gov.in/backend/documents/uploaded/RTH%20Annual%20Report%20English.pdf,"PDF p127; printed p125; Appendix2, Arunachal Pradesh",official_measured,True,d0dd808600a8a2d0013b1fe4772d104f14dc18fc810c21a09a16aad01ea5624a,"State/UT reported NH network; separate Dadra and Nagar Haveli and Daman and Diu labels preserved as published; Lakshadweep absent. Source state lengths sum 146,570 km versus published 146,572 km; no balancing adjustment. State NH number counts overlap across states and must not be summed into a national unique-route count.",Arunachal Pradesh,2025,nh_number_count,14.0,official_measured,official,,,,,,,,MoRTH_Appendix2_NH_network|National Highway,,,,,,,,,as on31December2025,reported,administrative_reported,d0dd808600a8a2d0013b1fe4772d104f14dc18fc810c21a09a16aad01ea5624a,,
network_assam,Assam,state_ut,MoRTH,Assam,National Highway,nh_network_length_km,4077.0,km,4077.0,km,,2025-12-31,stock,actual,MoRTH_Appendix2_NH_network,2025-12-31,2026-03-30,morth_annual_report_2025_26,https://morth.gov.in/backend/documents/uploaded/RTH%20Annual%20Report%20English.pdf,"PDF p127; printed p125; Appendix2, Assam",official_measured,True,d0dd808600a8a2d0013b1fe4772d104f14dc18fc810c21a09a16aad01ea5624a,"State/UT reported NH network; separate Dadra and Nagar Haveli and Daman and Diu labels preserved as published; Lakshadweep absent. Source state lengths sum 146,570 km versus published 146,572 km; no balancing adjustment. State NH number counts overlap across states and must not be summed into a national unique-route count.",Assam,2025,nh_network_length_km,4077.0,official_measured,official,,,,,,,,MoRTH_Appendix2_NH_network|National Highway,,,,,,,,,as on31December2025,reported,administrative_reported,d0dd808600a8a2d0013b1fe4772d104f14dc18fc810c21a09a16aad01ea5624a,,
network_assam,Assam,state_ut,MoRTH,Assam,National Highway,nh_number_count,38.0,count,38.0,count,,2025-12-31,stock,actual,MoRTH_Appendix2_NH_network,2025-12-31,2026-03-30,morth_annual_report_2025_26,https://morth.gov.in/backend/documents/uploaded/RTH%20Annual%20Report%20English.pdf,"PDF p127; printed p125; Appendix2, Assam",official_measured,True,d0dd808600a8a2d0013b1fe4772d104f14dc18fc810c21a09a16aad01ea5624a,"State/UT reported NH network; separate Dadra and Nagar Haveli and Daman and Diu labels preserved as published; Lakshadweep absent. Source state lengths sum 146,570 km versus published 146,572 km; no balancing adjustment. State NH number counts overlap across states and must not be summed into a national unique-route count.",Assam,2025,nh_number_count,38.0,official_measured,official,,,,,,,,MoRTH_Appendix2_NH_network|National Highway,,,,,,,,,as on31December2025,reported,administrative_reported,d0dd808600a8a2d0013b1fe4772d104f14dc18fc810c21a09a16aad01ea5624a,,
network_bihar,Bihar,state_ut,MoRTH,Bihar,National Highway,nh_network_length_km,6400.0,km,6400.0,km,,2025-12-31,stock,actual,MoRTH_Appendix2_NH_network,2025-12-31,2026-03-30,morth_annual_report_2025_26,https://morth.gov.in/backend/documents/uploaded/RTH%20Annual%20Report%20English.pdf,"PDF p127; printed p125; Appendix2, Bihar",official_measured,True,d0dd808600a8a2d0013b1fe4772d104f14dc18fc810c21a09a16aad01ea5624a,"State/UT reported NH network; separate Dadra and Nagar Haveli and Daman and Diu labels preserved as published; Lakshadweep absent. Source state lengths sum 146,570 km versus published 146,572 km; no balancing adjustment. State NH number counts overlap across states and must not be summed into a national unique-route count.",Bihar,2025,nh_network_length_km,6400.0,official_measured,official,,,,,,,,MoRTH_Appendix2_NH_network|National Highway,,,,,,,,,as on31December2025,reported,administrative_reported,d0dd808600a8a2d0013b1fe4772d104f14dc18fc810c21a09a16aad01ea5624a,,
network_bihar,Bihar,state_ut,MoRTH,Bihar,National Highway,nh_number_count,57.0,count,57.0,count,,2025-12-31,stock,actual,MoRTH_Appendix2_NH_network,2025-12-31,2026-03-30,morth_annual_report_2025_26,https://morth.gov.in/backend/documents/uploaded/RTH%20Annual%20Report%20English.pdf,"PDF p127; printed p125; Appendix2, Bihar",official_measured,True,d0dd808600a8a2d0013b1fe4772d104f14dc18fc810c21a09a16aad01ea5624a,"State/UT reported NH network; separate Dadra and Nagar Haveli and Daman and Diu labels preserved as published; Lakshadweep absent. Source state lengths sum 146,570 km versus published 146,572 km; no balancing adjustment. State NH number counts overlap across states and must not be summed into a national unique-route count.",Bihar,2025,nh_number_count,57.0,official_measured,official,,,,,,,,MoRTH_Appendix2_NH_network|National Highway,,,,,,,,,as on31December2025,reported,administrative_reported,d0dd808600a8a2d0013b1fe4772d104f14dc18fc810c21a09a16aad01ea5624a,,
network_chandigarh,Chandigarh,state_ut,MoRTH,Chandigarh,National Highway,nh_network_length_km,15.0,km,15.0,km,,2025-12-31,stock,actual,MoRTH_Appendix2_NH_network,2025-12-31,2026-03-30,morth_annual_report_2025_26,https://morth.gov.in/backend/documents/uploaded/RTH%20Annual%20Report%20English.pdf,"PDF p127; printed p125; Appendix2, Chandigarh",official_measured,True,d0dd808600a8a2d0013b1fe4772d104f14dc18fc810c21a09a16aad01ea5624a,"State/UT reported NH network; separate Dadra and Nagar Haveli and Daman and Diu labels preserved as published; Lakshadweep absent. Source state lengths sum 146,570 km versus published 146,572 km; no balancing adjustment. State NH number counts overlap across states and must not be summed into a national unique-route count.",Chandigarh,2025,nh_network_length_km,15.0,official_measured,official,,,,,,,,MoRTH_Appendix2_NH_network|National Highway,,,,,,,,,as on31December2025,reported,administrative_reported,d0dd808600a8a2d0013b1fe4772d104f14dc18fc810c21a09a16aad01ea5624a,,
network_chandigarh,Chandigarh,state_ut,MoRTH,Chandigarh,National Highway,nh_number_count,1.0,count,1.0,count,,2025-12-31,stock,actual,MoRTH_Appendix2_NH_network,2025-12-31,2026-03-30,morth_annual_report_2025_26,https://morth.gov.in/backend/documents/uploaded/RTH%20Annual%20Report%20English.pdf,"PDF p127; printed p125; Appendix2, Chandigarh",official_measured,True,d0dd808600a8a2d0013b1fe4772d104f14dc18fc810c21a09a16aad01ea5624a,"State/UT reported NH network; separate Dadra and Nagar Haveli and Daman and Diu labels preserved as published; Lakshadweep absent. Source state lengths sum 146,570 km versus published 146,572 km; no balancing adjustment. State NH number counts overlap across states and must not be summed into a national unique-route count.",Chandigarh,2025,nh_number_count,1.0,official_measured,official,,,,,,,,MoRTH_Appendix2_NH_network|National Highway,,,,,,,,,as on31December2025,reported,administrative_reported,d0dd808600a8a2d0013b1fe4772d104f14dc18fc810c21a09a16aad01ea5624a,,
network_chhattisgarh,Chhattisgarh,state_ut,MoRTH,Chhattisgarh,National Highway,nh_network_length_km,3620.0,km,3620.0,km,,2025-12-31,stock,actual,MoRTH_Appendix2_NH_network,2025-12-31,2026-03-30,morth_annual_report_2025_26,https://morth.gov.in/backend/documents/uploaded/RTH%20Annual%20Report%20English.pdf,"PDF p127; printed p125; Appendix2, Chhattisgarh",official_measured,True,d0dd808600a8a2d0013b1fe4772d104f14dc18fc810c21a09a16aad01ea5624a,"State/UT reported NH network; separate Dadra and Nagar Haveli and Daman and Diu labels preserved as published; Lakshadweep absent. Source state lengths sum 146,570 km versus published 146,572 km; no balancing adjustment. State NH number counts overlap across states and must not be summed into a national unique-route count.",Chhattisgarh,2025,nh_network_length_km,3620.0,official_measured,official,,,,,,,,MoRTH_Appendix2_NH_network|National Highway,,,,,,,,,as on31December2025,reported,administrative_reported,d0dd808600a8a2d0013b1fe4772d104f14dc18fc810c21a09a16aad01ea5624a,,
network_chhattisgarh,Chhattisgarh,state_ut,MoRTH,Chhattisgarh,National Highway,nh_number_count,20.0,count,20.0,count,,2025-12-31,stock,actual,MoRTH_Appendix2_NH_network,2025-12-31,2026-03-30,morth_annual_report_2025_26,https://morth.gov.in/backend/documents/uploaded/RTH%20Annual%20Report%20English.pdf,"PDF p127; printed p125; Appendix2, Chhattisgarh",official_measured,True,d0dd808600a8a2d0013b1fe4772d104f14dc18fc810c21a09a16aad01ea5624a,"State/UT reported NH network; separate Dadra and Nagar Haveli and Daman and Diu labels preserved as published; Lakshadweep absent. Source state lengths sum 146,570 km versus published 146,572 km; no balancing adjustment. State NH number counts overlap across states and must not be summed into a national unique-route count.",Chhattisgarh,2025,nh_number_count,20.0,official_measured,official,,,,,,,,MoRTH_Appendix2_NH_network|National Highway,,,,,,,,,as on31December2025,reported,administrative_reported,d0dd808600a8a2d0013b1fe4772d104f14dc18fc810c21a09a16aad01ea5624a,,
network_delhi,Delhi,state_ut,MoRTH,Delhi,National Highway,nh_network_length_km,157.0,km,157.0,km,,2025-12-31,stock,actual,MoRTH_Appendix2_NH_network,2025-12-31,2026-03-30,morth_annual_report_2025_26,https://morth.gov.in/backend/documents/uploaded/RTH%20Annual%20Report%20English.pdf,"PDF p127; printed p125; Appendix2, Delhi",official_measured,True,d0dd808600a8a2d0013b1fe4772d104f14dc18fc810c21a09a16aad01ea5624a,"State/UT reported NH network; separate Dadra and Nagar Haveli and Daman and Diu labels preserved as published; Lakshadweep absent. Source state lengths sum 146,570 km versus published 146,572 km; no balancing adjustment. State NH number counts overlap across states and must not be summed into a national unique-route count.",Delhi,2025,nh_network_length_km,157.0,official_measured,official,,,,,,,,MoRTH_Appendix2_NH_network|National Highway,,,,,,,,,as on31December2025,reported,administrative_reported,d0dd808600a8a2d0013b1fe4772d104f14dc18fc810c21a09a16aad01ea5624a,,
network_delhi,Delhi,state_ut,MoRTH,Delhi,National Highway,nh_number_count,12.0,count,12.0,count,,2025-12-31,stock,actual,MoRTH_Appendix2_NH_network,2025-12-31,2026-03-30,morth_annual_report_2025_26,https://morth.gov.in/backend/documents/uploaded/RTH%20Annual%20Report%20English.pdf,"PDF p127; printed p125; Appendix2, Delhi",official_measured,True,d0dd808600a8a2d0013b1fe4772d104f14dc18fc810c21a09a16aad01ea5624a,"State/UT reported NH network; separate Dadra and Nagar Haveli and Daman and Diu labels preserved as published; Lakshadweep absent. Source state lengths sum 146,570 km versus published 146,572 km; no balancing adjustment. State NH number counts overlap across states and must not be summed into a national unique-route count.",Delhi,2025,nh_number_count,12.0,official_measured,official,,,,,,,,MoRTH_Appendix2_NH_network|National Highway,,,,,,,,,as on31December2025,reported,administrative_reported,d0dd808600a8a2d0013b1fe4772d104f14dc18fc810c21a09a16aad01ea5624a,,
network_goa,Goa,state_ut,MoRTH,Goa,National Highway,nh_network_length_km,299.0,km,299.0,km,,2025-12-31,stock,actual,MoRTH_Appendix2_NH_network,2025-12-31,2026-03-30,morth_annual_report_2025_26,https://morth.gov.in/backend/documents/uploaded/RTH%20Annual%20Report%20English.pdf,"PDF p127; printed p125; Appendix2, Goa",official_measured,True,d0dd808600a8a2d0013b1fe4772d104f14dc18fc810c21a09a16aad01ea5624a,"State/UT reported NH network; separate Dadra and Nagar Haveli and Daman and Diu labels preserved as published; Lakshadweep absent. Source state lengths sum 146,570 km versus published 146,572 km; no balancing adjustment. State NH number counts overlap across states and must not be summed into a national unique-route count.",Goa,2025,nh_network_length_km,299.0,official_measured,official,,,,,,,,MoRTH_Appendix2_NH_network|National Highway,,,,,,,,,as on31December2025,reported,administrative_reported,d0dd808600a8a2d0013b1fe4772d104f14dc18fc810c21a09a16aad01ea5624a,,
network_goa,Goa,state_ut,MoRTH,Goa,National Highway,nh_number_count,6.0,count,6.0,count,,2025-12-31,stock,actual,MoRTH_Appendix2_NH_network,2025-12-31,2026-03-30,morth_annual_report_2025_26,https://morth.gov.in/backend/documents/uploaded/RTH%20Annual%20Report%20English.pdf,"PDF p127; printed p125; Appendix2, Goa",official_measured,True,d0dd808600a8a2d0013b1fe4772d104f14dc18fc810c21a09a16aad01ea5624a,"State/UT reported NH network; separate Dadra and Nagar Haveli and Daman and Diu labels preserved as published; Lakshadweep absent. Source state lengths sum 146,570 km versus published 146,572 km; no balancing adjustment. State NH number counts overlap across states and must not be summed into a national unique-route count.",Goa,2025,nh_number_count,6.0,official_measured,official,,,,,,,,MoRTH_Appendix2_NH_network|National Highway,,,,,,,,,as on31December2025,reported,administrative_reported,d0dd808600a8a2d0013b1fe4772d104f14dc18fc810c21a09a16aad01ea5624a,,
network_gujarat,Gujarat,state_ut,MoRTH,Gujarat,National Highway,nh_network_length_km,8135.0,km,8135.0,km,,2025-12-31,stock,actual,MoRTH_Appendix2_NH_network,2025-12-31,2026-03-30,morth_annual_report_2025_26,https://morth.gov.in/backend/documents/uploaded/RTH%20Annual%20Report%20English.pdf,"PDF p128; printed p126; Appendix2, Gujarat",official_measured,True,d0dd808600a8a2d0013b1fe4772d104f14dc18fc810c21a09a16aad01ea5624a,"State/UT reported NH network; separate Dadra and Nagar Haveli and Daman and Diu labels preserved as published; Lakshadweep absent. Source state lengths sum 146,570 km versus published 146,572 km; no balancing adjustment. State NH number counts overlap across states and must not be summed into a national unique-route count.",Gujarat,2025,nh_network_length_km,8135.0,official_measured,official,,,,,,,,MoRTH_Appendix2_NH_network|National Highway,,,,,,,,,as on31December2025,reported,administrative_reported,d0dd808600a8a2d0013b1fe4772d104f14dc18fc810c21a09a16aad01ea5624a,,
network_gujarat,Gujarat,state_ut,MoRTH,Gujarat,National Highway,nh_number_count,45.0,count,45.0,count,,2025-12-31,stock,actual,MoRTH_Appendix2_NH_network,2025-12-31,2026-03-30,morth_annual_report_2025_26,https://morth.gov.in/backend/documents/uploaded/RTH%20Annual%20Report%20English.pdf,"PDF p128; printed p126; Appendix2, Gujarat",official_measured,True,d0dd808600a8a2d0013b1fe4772d104f14dc18fc810c21a09a16aad01ea5624a,"State/UT reported NH network; separate Dadra and Nagar Haveli and Daman and Diu labels preserved as published; Lakshadweep absent. Source state lengths sum 146,570 km versus published 146,572 km; no balancing adjustment. State NH number counts overlap across states and must not be summed into a national unique-route count.",Gujarat,2025,nh_number_count,45.0,official_measured,official,,,,,,,,MoRTH_Appendix2_NH_network|National Highway,,,,,,,,,as on31December2025,reported,administrative_reported,d0dd808600a8a2d0013b1fe4772d104f14dc18fc810c21a09a16aad01ea5624a,,
network_haryana,Haryana,state_ut,MoRTH,Haryana,National Highway,nh_network_length_km,3332.0,km,3332.0,km,,2025-12-31,stock,actual,MoRTH_Appendix2_NH_network,2025-12-31,2026-03-30,morth_annual_report_2025_26,https://morth.gov.in/backend/documents/uploaded/RTH%20Annual%20Report%20English.pdf,"PDF p128; printed p126; Appendix2, Haryana",official_measured,True,d0dd808600a8a2d0013b1fe4772d104f14dc18fc810c21a09a16aad01ea5624a,"State/UT reported NH network; separate Dadra and Nagar Haveli and Daman and Diu labels preserved as published; Lakshadweep absent. Source state lengths sum 146,570 km versus published 146,572 km; no balancing adjustment. State NH number counts overlap across states and must not be summed into a national unique-route count.",Haryana,2025,nh_network_length_km,3332.0,official_measured,official,,,,,,,,MoRTH_Appendix2_NH_network|National Highway,,,,,,,,,as on31December2025,reported,administrative_reported,d0dd808600a8a2d0013b1fe4772d104f14dc18fc810c21a09a16aad01ea5624a,,
network_haryana,Haryana,state_ut,MoRTH,Haryana,National Highway,nh_number_count,38.0,count,38.0,count,,2025-12-31,stock,actual,MoRTH_Appendix2_NH_network,2025-12-31,2026-03-30,morth_annual_report_2025_26,https://morth.gov.in/backend/documents/uploaded/RTH%20Annual%20Report%20English.pdf,"PDF p128; printed p126; Appendix2, Haryana",official_measured,True,d0dd808600a8a2d0013b1fe4772d104f14dc18fc810c21a09a16aad01ea5624a,"State/UT reported NH network; separate Dadra and Nagar Haveli and Daman and Diu labels preserved as published; Lakshadweep absent. Source state lengths sum 146,570 km versus published 146,572 km; no balancing adjustment. State NH number counts overlap across states and must not be summed into a national unique-route count.",Haryana,2025,nh_number_count,38.0,official_measured,official,,,,,,,,MoRTH_Appendix2_NH_network|National Highway,,,,,,,,,as on31December2025,reported,administrative_reported,d0dd808600a8a2d0013b1fe4772d104f14dc18fc810c21a09a16aad01ea5624a,,
network_himachal_pradesh,Himachal Pradesh,state_ut,MoRTH,Himachal Pradesh,National Highway,nh_network_length_km,2602.0,km,2602.0,km,,2025-12-31,stock,actual,MoRTH_Appendix2_NH_network,2025-12-31,2026-03-30,morth_annual_report_2025_26,https://morth.gov.in/backend/documents/uploaded/RTH%20Annual%20Report%20English.pdf,"PDF p128; printed p126; Appendix2, Himachal Pradesh",official_measured,True,d0dd808600a8a2d0013b1fe4772d104f14dc18fc810c21a09a16aad01ea5624a,"State/UT reported NH network; separate Dadra and Nagar Haveli and Daman and Diu labels preserved as published; Lakshadweep absent. Source state lengths sum 146,570 km versus published 146,572 km; no balancing adjustment. State NH number counts overlap across states and must not be summed into a national unique-route count.",Himachal Pradesh,2025,nh_network_length_km,2602.0,official_measured,official,,,,,,,,MoRTH_Appendix2_NH_network|National Highway,,,,,,,,,as on31December2025,reported,administrative_reported,d0dd808600a8a2d0013b1fe4772d104f14dc18fc810c21a09a16aad01ea5624a,,
network_himachal_pradesh,Himachal Pradesh,state_ut,MoRTH,Himachal Pradesh,National Highway,nh_number_count,19.0,count,19.0,count,,2025-12-31,stock,actual,MoRTH_Appendix2_NH_network,2025-12-31,2026-03-30,morth_annual_report_2025_26,https://morth.gov.in/backend/documents/uploaded/RTH%20Annual%20Report%20English.pdf,"PDF p128; printed p126; Appendix2, Himachal Pradesh",official_measured,True,d0dd808600a8a2d0013b1fe4772d104f14dc18fc810c21a09a16aad01ea5624a,"State/UT reported NH network; separate Dadra and Nagar Haveli and Daman and Diu labels preserved as published; Lakshadweep absent. Source state lengths sum 146,570 km versus published 146,572 km; no balancing adjustment. State NH number counts overlap across states and must not be summed into a national unique-route count.",Himachal Pradesh,2025,nh_number_count,19.0,official_measured,official,,,,,,,,MoRTH_Appendix2_NH_network|National Highway,,,,,,,,,as on31December2025,reported,administrative_reported,d0dd808600a8a2d0013b1fe4772d104f14dc18fc810c21a09a16aad01ea5624a,,
network_jammu_kashmir,Jammu & Kashmir,state_ut,MoRTH,Jammu & Kashmir,National Highway,nh_network_length_km,1935.0,km,1935.0,km,,2025-12-31,stock,actual,MoRTH_Appendix2_NH_network,2025-12-31,2026-03-30,morth_annual_report_2025_26,https://morth.gov.in/backend/documents/uploaded/RTH%20Annual%20Report%20English.pdf,"PDF p128; printed p126; Appendix2, Jammu & Kashmir",official_measured,True,d0dd808600a8a2d0013b1fe4772d104f14dc18fc810c21a09a16aad01ea5624a,"State/UT reported NH network; separate Dadra and Nagar Haveli and Daman and Diu labels preserved as published; Lakshadweep absent. Source state lengths sum 146,570 km versus published 146,572 km; no balancing adjustment. State NH number counts overlap across states and must not be summed into a national unique-route count.",Jammu & Kashmir,2025,nh_network_length_km,1935.0,official_measured,official,,,,,,,,MoRTH_Appendix2_NH_network|National Highway,,,,,,,,,as on31December2025,reported,administrative_reported,d0dd808600a8a2d0013b1fe4772d104f14dc18fc810c21a09a16aad01ea5624a,,
network_jammu_kashmir,Jammu & Kashmir,state_ut,MoRTH,Jammu & Kashmir,National Highway,nh_number_count,11.0,count,11.0,count,,2025-12-31,stock,actual,MoRTH_Appendix2_NH_network,2025-12-31,2026-03-30,morth_annual_report_2025_26,https://morth.gov.in/backend/documents/uploaded/RTH%20Annual%20Report%20English.pdf,"PDF p128; printed p126; Appendix2, Jammu & Kashmir",official_measured,True,d0dd808600a8a2d0013b1fe4772d104f14dc18fc810c21a09a16aad01ea5624a,"State/UT reported NH network; separate Dadra and Nagar Haveli and Daman and Diu labels preserved as published; Lakshadweep absent. Source state lengths sum 146,570 km versus published 146,572 km; no balancing adjustment. State NH number counts overlap across states and must not be summed into a national unique-route count.",Jammu & Kashmir,2025,nh_number_count,11.0,official_measured,official,,,,,,,,MoRTH_Appendix2_NH_network|National Highway,,,,,,,,,as on31December2025,reported,administrative_reported,d0dd808600a8a2d0013b1fe4772d104f14dc18fc810c21a09a16aad01ea5624a,,
network_jharkhand,Jharkhand,state_ut,MoRTH,Jharkhand,National Highway,nh_network_length_km,3633.0,km,3633.0,km,,2025-12-31,stock,actual,MoRTH_Appendix2_NH_network,2025-12-31,2026-03-30,morth_annual_report_2025_26,https://morth.gov.in/backend/documents/uploaded/RTH%20Annual%20Report%20English.pdf,"PDF p128; printed p126; Appendix2, Jharkhand",official_measured,True,d0dd808600a8a2d0013b1fe4772d104f14dc18fc810c21a09a16aad01ea5624a,"State/UT reported NH network; separate Dadra and Nagar Haveli and Daman and Diu labels preserved as published; Lakshadweep absent. Source state lengths sum 146,570 km versus published 146,572 km; no balancing adjustment. State NH number counts overlap across states and must not be summed into a national unique-route count.",Jharkhand,2025,nh_network_length_km,3633.0,official_measured,official,,,,,,,,MoRTH_Appendix2_NH_network|National Highway,,,,,,,,,as on31December2025,reported,administrative_reported,d0dd808600a8a2d0013b1fe4772d104f14dc18fc810c21a09a16aad01ea5624a,,
network_jharkhand,Jharkhand,state_ut,MoRTH,Jharkhand,National Highway,nh_number_count,32.0,count,32.0,count,,2025-12-31,stock,actual,MoRTH_Appendix2_NH_network,2025-12-31,2026-03-30,morth_annual_report_2025_26,https://morth.gov.in/backend/documents/uploaded/RTH%20Annual%20Report%20English.pdf,"PDF p128; printed p126; Appendix2, Jharkhand",official_measured,True,d0dd808600a8a2d0013b1fe4772d104f14dc18fc810c21a09a16aad01ea5624a,"State/UT reported NH network; separate Dadra and Nagar Haveli and Daman and Diu labels preserved as published; Lakshadweep absent. Source state lengths sum 146,570 km versus published 146,572 km; no balancing adjustment. State NH number counts overlap across states and must not be summed into a national unique-route count.",Jharkhand,2025,nh_number_count,32.0,official_measured,official,,,,,,,,MoRTH_Appendix2_NH_network|National Highway,,,,,,,,,as on31December2025,reported,administrative_reported,d0dd808600a8a2d0013b1fe4772d104f14dc18fc810c21a09a16aad01ea5624a,,
network_karnataka,Karnataka,state_ut,MoRTH,Karnataka,National Highway,nh_network_length_km,8191.0,km,8191.0,km,,2025-12-31,stock,actual,MoRTH_Appendix2_NH_network,2025-12-31,2026-03-30,morth_annual_report_2025_26,https://morth.gov.in/backend/documents/uploaded/RTH%20Annual%20Report%20English.pdf,"PDF p128; printed p126; Appendix2, Karnataka",official_measured,True,d0dd808600a8a2d0013b1fe4772d104f14dc18fc810c21a09a16aad01ea5624a,"State/UT reported NH network; separate Dadra and Nagar Haveli and Daman and Diu labels preserved as published; Lakshadweep absent. Source state lengths sum 146,570 km versus published 146,572 km; no balancing adjustment. State NH number counts overlap across states and must not be summed into a national unique-route count.",Karnataka,2025,nh_network_length_km,8191.0,official_measured,official,,,,,,,,MoRTH_Appendix2_NH_network|National Highway,,,,,,,,,as on31December2025,reported,administrative_reported,d0dd808600a8a2d0013b1fe4772d104f14dc18fc810c21a09a16aad01ea5624a,,
network_karnataka,Karnataka,state_ut,MoRTH,Karnataka,National Highway,nh_number_count,49.0,count,49.0,count,,2025-12-31,stock,actual,MoRTH_Appendix2_NH_network,2025-12-31,2026-03-30,morth_annual_report_2025_26,https://morth.gov.in/backend/documents/uploaded/RTH%20Annual%20Report%20English.pdf,"PDF p128; printed p126; Appendix2, Karnataka",official_measured,True,d0dd808600a8a2d0013b1fe4772d104f14dc18fc810c21a09a16aad01ea5624a,"State/UT reported NH network; separate Dadra and Nagar Haveli and Daman and Diu labels preserved as published; Lakshadweep absent. Source state lengths sum 146,570 km versus published 146,572 km; no balancing adjustment. State NH number counts overlap across states and must not be summed into a national unique-route count.",Karnataka,2025,nh_number_count,49.0,official_measured,official,,,,,,,,MoRTH_Appendix2_NH_network|National Highway,,,,,,,,,as on31December2025,reported,administrative_reported,d0dd808600a8a2d0013b1fe4772d104f14dc18fc810c21a09a16aad01ea5624a,,
network_kerala,Kerala,state_ut,MoRTH,Kerala,National Highway,nh_network_length_km,1858.0,km,1858.0,km,,2025-12-31,stock,actual,MoRTH_Appendix2_NH_network,2025-12-31,2026-03-30,morth_annual_report_2025_26,https://morth.gov.in/backend/documents/uploaded/RTH%20Annual%20Report%20English.pdf,"PDF p128; printed p126; Appendix2, Kerala",official_measured,True,d0dd808600a8a2d0013b1fe4772d104f14dc18fc810c21a09a16aad01ea5624a,"State/UT reported NH network; separate Dadra and Nagar Haveli and Daman and Diu labels preserved as published; Lakshadweep absent. Source state lengths sum 146,570 km versus published 146,572 km; no balancing adjustment. State NH number counts overlap across states and must not be summed into a national unique-route count.",Kerala,2025,nh_network_length_km,1858.0,official_measured,official,,,,,,,,MoRTH_Appendix2_NH_network|National Highway,,,,,,,,,as on31December2025,reported,administrative_reported,d0dd808600a8a2d0013b1fe4772d104f14dc18fc810c21a09a16aad01ea5624a,,
network_kerala,Kerala,state_ut,MoRTH,Kerala,National Highway,nh_number_count,12.0,count,12.0,count,,2025-12-31,stock,actual,MoRTH_Appendix2_NH_network,2025-12-31,2026-03-30,morth_annual_report_2025_26,https://morth.gov.in/backend/documents/uploaded/RTH%20Annual%20Report%20English.pdf,"PDF p128; printed p126; Appendix2, Kerala",official_measured,True,d0dd808600a8a2d0013b1fe4772d104f14dc18fc810c21a09a16aad01ea5624a,"State/UT reported NH network; separate Dadra and Nagar Haveli and Daman and Diu labels preserved as published; Lakshadweep absent. Source state lengths sum 146,570 km versus published 146,572 km; no balancing adjustment. State NH number counts overlap across states and must not be summed into a national unique-route count.",Kerala,2025,nh_number_count,12.0,official_measured,official,,,,,,,,MoRTH_Appendix2_NH_network|National Highway,,,,,,,,,as on31December2025,reported,administrative_reported,d0dd808600a8a2d0013b1fe4772d104f14dc18fc810c21a09a16aad01ea5624a,,
network_ladakh,Ladakh,state_ut,MoRTH,Ladakh,National Highway,nh_network_length_km,806.0,km,806.0,km,,2025-12-31,stock,actual,MoRTH_Appendix2_NH_network,2025-12-31,2026-03-30,morth_annual_report_2025_26,https://morth.gov.in/backend/documents/uploaded/RTH%20Annual%20Report%20English.pdf,"PDF p128; printed p126; Appendix2, Ladakh",official_measured,True,d0dd808600a8a2d0013b1fe4772d104f14dc18fc810c21a09a16aad01ea5624a,"State/UT reported NH network; separate Dadra and Nagar Haveli and Daman and Diu labels preserved as published; Lakshadweep absent. Source state lengths sum 146,570 km versus published 146,572 km; no balancing adjustment. State NH number counts overlap across states and must not be summed into a national unique-route count.",Ladakh,2025,nh_network_length_km,806.0,official_measured,official,,,,,,,,MoRTH_Appendix2_NH_network|National Highway,,,,,,,,,as on31December2025,reported,administrative_reported,d0dd808600a8a2d0013b1fe4772d104f14dc18fc810c21a09a16aad01ea5624a,,
network_ladakh,Ladakh,state_ut,MoRTH,Ladakh,National Highway,nh_number_count,3.0,count,3.0,count,,2025-12-31,stock,actual,MoRTH_Appendix2_NH_network,2025-12-31,2026-03-30,morth_annual_report_2025_26,https://morth.gov.in/backend/documents/uploaded/RTH%20Annual%20Report%20English.pdf,"PDF p128; printed p126; Appendix2, Ladakh",official_measured,True,d0dd808600a8a2d0013b1fe4772d104f14dc18fc810c21a09a16aad01ea5624a,"State/UT reported NH network; separate Dadra and Nagar Haveli and Daman and Diu labels preserved as published; Lakshadweep absent. Source state lengths sum 146,570 km versus published 146,572 km; no balancing adjustment. State NH number counts overlap across states and must not be summed into a national unique-route count.",Ladakh,2025,nh_number_count,3.0,official_measured,official,,,,,,,,MoRTH_Appendix2_NH_network|National Highway,,,,,,,,,as on31December2025,reported,administrative_reported,d0dd808600a8a2d0013b1fe4772d104f14dc18fc810c21a09a16aad01ea5624a,,
network_madhya_pradesh,Madhya Pradesh,state_ut,MoRTH,Madhya Pradesh,National Highway,nh_network_length_km,9263.0,km,9263.0,km,,2025-12-31,stock,actual,MoRTH_Appendix2_NH_network,2025-12-31,2026-03-30,morth_annual_report_2025_26,https://morth.gov.in/backend/documents/uploaded/RTH%20Annual%20Report%20English.pdf,"PDF p128; printed p126; Appendix2, Madhya Pradesh",official_measured,True,d0dd808600a8a2d0013b1fe4772d104f14dc18fc810c21a09a16aad01ea5624a,"State/UT reported NH network; separate Dadra and Nagar Haveli and Daman and Diu labels preserved as published; Lakshadweep absent. Source state lengths sum 146,570 km versus published 146,572 km; no balancing adjustment. State NH number counts overlap across states and must not be summed into a national unique-route count.",Madhya Pradesh,2025,nh_network_length_km,9263.0,official_measured,official,,,,,,,,MoRTH_Appendix2_NH_network|National Highway,,,,,,,,,as on31December2025,reported,administrative_reported,d0dd808600a8a2d0013b1fe4772d104f14dc18fc810c21a09a16aad01ea5624a,,
network_madhya_pradesh,Madhya Pradesh,state_ut,MoRTH,Madhya Pradesh,National Highway,nh_number_count,46.0,count,46.0,count,,2025-12-31,stock,actual,MoRTH_Appendix2_NH_network,2025-12-31,2026-03-30,morth_annual_report_2025_26,https://morth.gov.in/backend/documents/uploaded/RTH%20Annual%20Report%20English.pdf,"PDF p128; printed p126; Appendix2, Madhya Pradesh",official_measured,True,d0dd808600a8a2d0013b1fe4772d104f14dc18fc810c21a09a16aad01ea5624a,"State/UT reported NH network; separate Dadra and Nagar Haveli and Daman and Diu labels preserved as published; Lakshadweep absent. Source state lengths sum 146,570 km versus published 146,572 km; no balancing adjustment. State NH number counts overlap across states and must not be summed into a national unique-route count.",Madhya Pradesh,2025,nh_number_count,46.0,official_measured,official,,,,,,,,MoRTH_Appendix2_NH_network|National Highway,,,,,,,,,as on31December2025,reported,administrative_reported,d0dd808600a8a2d0013b1fe4772d104f14dc18fc810c21a09a16aad01ea5624a,,
network_maharashtra,Maharashtra,state_ut,MoRTH,Maharashtra,National Highway,nh_network_length_km,18462.0,km,18462.0,km,,2025-12-31,stock,actual,MoRTH_Appendix2_NH_network,2025-12-31,2026-03-30,morth_annual_report_2025_26,https://morth.gov.in/backend/documents/uploaded/RTH%20Annual%20Report%20English.pdf,"PDF p129; printed p127; Appendix2, Maharashtra",official_measured,True,d0dd808600a8a2d0013b1fe4772d104f14dc18fc810c21a09a16aad01ea5624a,"State/UT reported NH network; separate Dadra and Nagar Haveli and Daman and Diu labels preserved as published; Lakshadweep absent. Source state lengths sum 146,570 km versus published 146,572 km; no balancing adjustment. State NH number counts overlap across states and must not be summed into a national unique-route count.",Maharashtra,2025,nh_network_length_km,18462.0,official_measured,official,,,,,,,,MoRTH_Appendix2_NH_network|National Highway,,,,,,,,,as on31December2025,reported,administrative_reported,d0dd808600a8a2d0013b1fe4772d104f14dc18fc810c21a09a16aad01ea5624a,,
network_maharashtra,Maharashtra,state_ut,MoRTH,Maharashtra,National Highway,nh_number_count,102.0,count,102.0,count,,2025-12-31,stock,actual,MoRTH_Appendix2_NH_network,2025-12-31,2026-03-30,morth_annual_report_2025_26,https://morth.gov.in/backend/documents/uploaded/RTH%20Annual%20Report%20English.pdf,"PDF p129; printed p127; Appendix2, Maharashtra",official_measured,True,d0dd808600a8a2d0013b1fe4772d104f14dc18fc810c21a09a16aad01ea5624a,"State/UT reported NH network; separate Dadra and Nagar Haveli and Daman and Diu labels preserved as published; Lakshadweep absent. Source state lengths sum 146,570 km versus published 146,572 km; no balancing adjustment. State NH number counts overlap across states and must not be summed into a national unique-route count.",Maharashtra,2025,nh_number_count,102.0,official_measured,official,,,,,,,,MoRTH_Appendix2_NH_network|National Highway,,,,,,,,,as on31December2025,reported,administrative_reported,d0dd808600a8a2d0013b1fe4772d104f14dc18fc810c21a09a16aad01ea5624a,,
network_manipur,Manipur,state_ut,MoRTH,Manipur,National Highway,nh_network_length_km,1840.0,km,1840.0,km,,2025-12-31,stock,actual,MoRTH_Appendix2_NH_network,2025-12-31,2026-03-30,morth_annual_report_2025_26,https://morth.gov.in/backend/documents/uploaded/RTH%20Annual%20Report%20English.pdf,"PDF p129; printed p127; Appendix2, Manipur",official_measured,True,d0dd808600a8a2d0013b1fe4772d104f14dc18fc810c21a09a16aad01ea5624a,"State/UT reported NH network; separate Dadra and Nagar Haveli and Daman and Diu labels preserved as published; Lakshadweep absent. Source state lengths sum 146,570 km versus published 146,572 km; no balancing adjustment. State NH number counts overlap across states and must not be summed into a national unique-route count.",Manipur,2025,nh_network_length_km,1840.0,official_measured,official,,,,,,,,MoRTH_Appendix2_NH_network|National Highway,,,,,,,,,as on31December2025,reported,administrative_reported,d0dd808600a8a2d0013b1fe4772d104f14dc18fc810c21a09a16aad01ea5624a,,
network_manipur,Manipur,state_ut,MoRTH,Manipur,National Highway,nh_number_count,11.0,count,11.0,count,,2025-12-31,stock,actual,MoRTH_Appendix2_NH_network,2025-12-31,2026-03-30,morth_annual_report_2025_26,https://morth.gov.in/backend/documents/uploaded/RTH%20Annual%20Report%20English.pdf,"PDF p129; printed p127; Appendix2, Manipur",official_measured,True,d0dd808600a8a2d0013b1fe4772d104f14dc18fc810c21a09a16aad01ea5624a,"State/UT reported NH network; separate Dadra and Nagar Haveli and Daman and Diu labels preserved as published; Lakshadweep absent. Source state lengths sum 146,570 km versus published 146,572 km; no balancing adjustment. State NH number counts overlap across states and must not be summed into a national unique-route count.",Manipur,2025,nh_number_count,11.0,official_measured,official,,,,,,,,MoRTH_Appendix2_NH_network|National Highway,,,,,,,,,as on31December2025,reported,administrative_reported,d0dd808600a8a2d0013b1fe4772d104f14dc18fc810c21a09a16aad01ea5624a,,
network_meghalaya,Meghalaya,state_ut,MoRTH,Meghalaya,National Highway,nh_network_length_km,1156.0,km,1156.0,km,,2025-12-31,stock,actual,MoRTH_Appendix2_NH_network,2025-12-31,2026-03-30,morth_annual_report_2025_26,https://morth.gov.in/backend/documents/uploaded/RTH%20Annual%20Report%20English.pdf,"PDF p129; printed p127; Appendix2, Meghalaya",official_measured,True,d0dd808600a8a2d0013b1fe4772d104f14dc18fc810c21a09a16aad01ea5624a,"State/UT reported NH network; separate Dadra and Nagar Haveli and Daman and Diu labels preserved as published; Lakshadweep absent. Source state lengths sum 146,570 km versus published 146,572 km; no balancing adjustment. State NH number counts overlap across states and must not be summed into a national unique-route count.",Meghalaya,2025,nh_network_length_km,1156.0,official_measured,official,,,,,,,,MoRTH_Appendix2_NH_network|National Highway,,,,,,,,,as on31December2025,reported,administrative_reported,d0dd808600a8a2d0013b1fe4772d104f14dc18fc810c21a09a16aad01ea5624a,,
network_meghalaya,Meghalaya,state_ut,MoRTH,Meghalaya,National Highway,nh_number_count,5.0,count,5.0,count,,2025-12-31,stock,actual,MoRTH_Appendix2_NH_network,2025-12-31,2026-03-30,morth_annual_report_2025_26,https://morth.gov.in/backend/documents/uploaded/RTH%20Annual%20Report%20English.pdf,"PDF p129; printed p127; Appendix2, Meghalaya",official_measured,True,d0dd808600a8a2d0013b1fe4772d104f14dc18fc810c21a09a16aad01ea5624a,"State/UT reported NH network; separate Dadra and Nagar Haveli and Daman and Diu labels preserved as published; Lakshadweep absent. Source state lengths sum 146,570 km versus published 146,572 km; no balancing adjustment. State NH number counts overlap across states and must not be summed into a national unique-route count.",Meghalaya,2025,nh_number_count,5.0,official_measured,official,,,,,,,,MoRTH_Appendix2_NH_network|National Highway,,,,,,,,,as on31December2025,reported,administrative_reported,d0dd808600a8a2d0013b1fe4772d104f14dc18fc810c21a09a16aad01ea5624a,,
network_mizoram,Mizoram,state_ut,MoRTH,Mizoram,National Highway,nh_network_length_km,1499.0,km,1499.0,km,,2025-12-31,stock,actual,MoRTH_Appendix2_NH_network,2025-12-31,2026-03-30,morth_annual_report_2025_26,https://morth.gov.in/backend/documents/uploaded/RTH%20Annual%20Report%20English.pdf,"PDF p129; printed p127; Appendix2, Mizoram",official_measured,True,d0dd808600a8a2d0013b1fe4772d104f14dc18fc810c21a09a16aad01ea5624a,"State/UT reported NH network; separate Dadra and Nagar Haveli and Daman and Diu labels preserved as published; Lakshadweep absent. Source state lengths sum 146,570 km versus published 146,572 km; no balancing adjustment. State NH number counts overlap across states and must not be summed into a national unique-route count.",Mizoram,2025,nh_network_length_km,1499.0,official_measured,official,,,,,,,,MoRTH_Appendix2_NH_network|National Highway,,,,,,,,,as on31December2025,reported,administrative_reported,d0dd808600a8a2d0013b1fe4772d104f14dc18fc810c21a09a16aad01ea5624a,,
network_mizoram,Mizoram,state_ut,MoRTH,Mizoram,National Highway,nh_number_count,9.0,count,9.0,count,,2025-12-31,stock,actual,MoRTH_Appendix2_NH_network,2025-12-31,2026-03-30,morth_annual_report_2025_26,https://morth.gov.in/backend/documents/uploaded/RTH%20Annual%20Report%20English.pdf,"PDF p129; printed p127; Appendix2, Mizoram",official_measured,True,d0dd808600a8a2d0013b1fe4772d104f14dc18fc810c21a09a16aad01ea5624a,"State/UT reported NH network; separate Dadra and Nagar Haveli and Daman and Diu labels preserved as published; Lakshadweep absent. Source state lengths sum 146,570 km versus published 146,572 km; no balancing adjustment. State NH number counts overlap across states and must not be summed into a national unique-route count.",Mizoram,2025,nh_number_count,9.0,official_measured,official,,,,,,,,MoRTH_Appendix2_NH_network|National Highway,,,,,,,,,as on31December2025,reported,administrative_reported,d0dd808600a8a2d0013b1fe4772d104f14dc18fc810c21a09a16aad01ea5624a,,
network_nagaland,Nagaland,state_ut,MoRTH,Nagaland,National Highway,nh_network_length_km,1670.0,km,1670.0,km,,2025-12-31,stock,actual,MoRTH_Appendix2_NH_network,2025-12-31,2026-03-30,morth_annual_report_2025_26,https://morth.gov.in/backend/documents/uploaded/RTH%20Annual%20Report%20English.pdf,"PDF p129; printed p127; Appendix2, Nagaland",official_measured,True,d0dd808600a8a2d0013b1fe4772d104f14dc18fc810c21a09a16aad01ea5624a,"State/UT reported NH network; separate Dadra and Nagar Haveli and Daman and Diu labels preserved as published; Lakshadweep absent. Source state lengths sum 146,570 km versus published 146,572 km; no balancing adjustment. State NH number counts overlap across states and must not be summed into a national unique-route count.",Nagaland,2025,nh_network_length_km,1670.0,official_measured,official,,,,,,,,MoRTH_Appendix2_NH_network|National Highway,,,,,,,,,as on31December2025,reported,administrative_reported,d0dd808600a8a2d0013b1fe4772d104f14dc18fc810c21a09a16aad01ea5624a,,
network_nagaland,Nagaland,state_ut,MoRTH,Nagaland,National Highway,nh_number_count,12.0,count,12.0,count,,2025-12-31,stock,actual,MoRTH_Appendix2_NH_network,2025-12-31,2026-03-30,morth_annual_report_2025_26,https://morth.gov.in/backend/documents/uploaded/RTH%20Annual%20Report%20English.pdf,"PDF p129; printed p127; Appendix2, Nagaland",official_measured,True,d0dd808600a8a2d0013b1fe4772d104f14dc18fc810c21a09a16aad01ea5624a,"State/UT reported NH network; separate Dadra and Nagar Haveli and Daman and Diu labels preserved as published; Lakshadweep absent. Source state lengths sum 146,570 km versus published 146,572 km; no balancing adjustment. State NH number counts overlap across states and must not be summed into a national unique-route count.",Nagaland,2025,nh_number_count,12.0,official_measured,official,,,,,,,,MoRTH_Appendix2_NH_network|National Highway,,,,,,,,,as on31December2025,reported,administrative_reported,d0dd808600a8a2d0013b1fe4772d104f14dc18fc810c21a09a16aad01ea5624a,,
network_odisha,Odisha,state_ut,MoRTH,Odisha,National Highway,nh_network_length_km,5897.0,km,5897.0,km,,2025-12-31,stock,actual,MoRTH_Appendix2_NH_network,2025-12-31,2026-03-30,morth_annual_report_2025_26,https://morth.gov.in/backend/documents/uploaded/RTH%20Annual%20Report%20English.pdf,"PDF p129; printed p127; Appendix2, Odisha",official_measured,True,d0dd808600a8a2d0013b1fe4772d104f14dc18fc810c21a09a16aad01ea5624a,"State/UT reported NH network; separate Dadra and Nagar Haveli and Daman and Diu labels preserved as published; Lakshadweep absent. Source state lengths sum 146,570 km versus published 146,572 km; no balancing adjustment. State NH number counts overlap across states and must not be summed into a national unique-route count.",Odisha,2025,nh_network_length_km,5897.0,official_measured,official,,,,,,,,MoRTH_Appendix2_NH_network|National Highway,,,,,,,,,as on31December2025,reported,administrative_reported,d0dd808600a8a2d0013b1fe4772d104f14dc18fc810c21a09a16aad01ea5624a,,
network_odisha,Odisha,state_ut,MoRTH,Odisha,National Highway,nh_number_count,32.0,count,32.0,count,,2025-12-31,stock,actual,MoRTH_Appendix2_NH_network,2025-12-31,2026-03-30,morth_annual_report_2025_26,https://morth.gov.in/backend/documents/uploaded/RTH%20Annual%20Report%20English.pdf,"PDF p129; printed p127; Appendix2, Odisha",official_measured,True,d0dd808600a8a2d0013b1fe4772d104f14dc18fc810c21a09a16aad01ea5624a,"State/UT reported NH network; separate Dadra and Nagar Haveli and Daman and Diu labels preserved as published; Lakshadweep absent. Source state lengths sum 146,570 km versus published 146,572 km; no balancing adjustment. State NH number counts overlap across states and must not be summed into a national unique-route count.",Odisha,2025,nh_number_count,32.0,official_measured,official,,,,,,,,MoRTH_Appendix2_NH_network|National Highway,,,,,,,,,as on31December2025,reported,administrative_reported,d0dd808600a8a2d0013b1fe4772d104f14dc18fc810c21a09a16aad01ea5624a,,
network_puducherry,Puducherry,state_ut,MoRTH,Puducherry,National Highway,nh_network_length_km,64.0,km,64.0,km,,2025-12-31,stock,actual,MoRTH_Appendix2_NH_network,2025-12-31,2026-03-30,morth_annual_report_2025_26,https://morth.gov.in/backend/documents/uploaded/RTH%20Annual%20Report%20English.pdf,"PDF p129; printed p127; Appendix2, Puducherry",official_measured,True,d0dd808600a8a2d0013b1fe4772d104f14dc18fc810c21a09a16aad01ea5624a,"State/UT reported NH network; separate Dadra and Nagar Haveli and Daman and Diu labels preserved as published; Lakshadweep absent. Source state lengths sum 146,570 km versus published 146,572 km; no balancing adjustment. State NH number counts overlap across states and must not be summed into a national unique-route count.",Puducherry,2025,nh_network_length_km,64.0,official_measured,official,,,,,,,,MoRTH_Appendix2_NH_network|National Highway,,,,,,,,,as on31December2025,reported,administrative_reported,d0dd808600a8a2d0013b1fe4772d104f14dc18fc810c21a09a16aad01ea5624a,,
network_puducherry,Puducherry,state_ut,MoRTH,Puducherry,National Highway,nh_number_count,2.0,count,2.0,count,,2025-12-31,stock,actual,MoRTH_Appendix2_NH_network,2025-12-31,2026-03-30,morth_annual_report_2025_26,https://morth.gov.in/backend/documents/uploaded/RTH%20Annual%20Report%20English.pdf,"PDF p129; printed p127; Appendix2, Puducherry",official_measured,True,d0dd808600a8a2d0013b1fe4772d104f14dc18fc810c21a09a16aad01ea5624a,"State/UT reported NH network; separate Dadra and Nagar Haveli and Daman and Diu labels preserved as published; Lakshadweep absent. Source state lengths sum 146,570 km versus published 146,572 km; no balancing adjustment. State NH number counts overlap across states and must not be summed into a national unique-route count.",Puducherry,2025,nh_number_count,2.0,official_measured,official,,,,,,,,MoRTH_Appendix2_NH_network|National Highway,,,,,,,,,as on31December2025,reported,administrative_reported,d0dd808600a8a2d0013b1fe4772d104f14dc18fc810c21a09a16aad01ea5624a,,
network_punjab,Punjab,state_ut,MoRTH,Punjab,National Highway,nh_network_length_km,4264.0,km,4264.0,km,,2025-12-31,stock,actual,MoRTH_Appendix2_NH_network,2025-12-31,2026-03-30,morth_annual_report_2025_26,https://morth.gov.in/backend/documents/uploaded/RTH%20Annual%20Report%20English.pdf,"PDF p129; printed p127; Appendix2, Punjab",official_measured,True,d0dd808600a8a2d0013b1fe4772d104f14dc18fc810c21a09a16aad01ea5624a,"State/UT reported NH network; separate Dadra and Nagar Haveli and Daman and Diu labels preserved as published; Lakshadweep absent. Source state lengths sum 146,570 km versus published 146,572 km; no balancing adjustment. State NH number counts overlap across states and must not be summed into a national unique-route count.",Punjab,2025,nh_network_length_km,4264.0,official_measured,official,,,,,,,,MoRTH_Appendix2_NH_network|National Highway,,,,,,,,,as on31December2025,reported,administrative_reported,d0dd808600a8a2d0013b1fe4772d104f14dc18fc810c21a09a16aad01ea5624a,,
network_punjab,Punjab,state_ut,MoRTH,Punjab,National Highway,nh_number_count,38.0,count,38.0,count,,2025-12-31,stock,actual,MoRTH_Appendix2_NH_network,2025-12-31,2026-03-30,morth_annual_report_2025_26,https://morth.gov.in/backend/documents/uploaded/RTH%20Annual%20Report%20English.pdf,"PDF p129; printed p127; Appendix2, Punjab",official_measured,True,d0dd808600a8a2d0013b1fe4772d104f14dc18fc810c21a09a16aad01ea5624a,"State/UT reported NH network; separate Dadra and Nagar Haveli and Daman and Diu labels preserved as published; Lakshadweep absent. Source state lengths sum 146,570 km versus published 146,572 km; no balancing adjustment. State NH number counts overlap across states and must not be summed into a national unique-route count.",Punjab,2025,nh_number_count,38.0,official_measured,official,,,,,,,,MoRTH_Appendix2_NH_network|National Highway,,,,,,,,,as on31December2025,reported,administrative_reported,d0dd808600a8a2d0013b1fe4772d104f14dc18fc810c21a09a16aad01ea5624a,,
network_rajasthan,Rajasthan,state_ut,MoRTH,Rajasthan,National Highway,nh_network_length_km,10733.0,km,10733.0,km,,2025-12-31,stock,actual,MoRTH_Appendix2_NH_network,2025-12-31,2026-03-30,morth_annual_report_2025_26,https://morth.gov.in/backend/documents/uploaded/RTH%20Annual%20Report%20English.pdf,"PDF p129; printed p127; Appendix2, Rajasthan",official_measured,True,d0dd808600a8a2d0013b1fe4772d104f14dc18fc810c21a09a16aad01ea5624a,"State/UT reported NH network; separate Dadra and Nagar Haveli and Daman and Diu labels preserved as published; Lakshadweep absent. Source state lengths sum 146,570 km versus published 146,572 km; no balancing adjustment. State NH number counts overlap across states and must not be summed into a national unique-route count.",Rajasthan,2025,nh_network_length_km,10733.0,official_measured,official,,,,,,,,MoRTH_Appendix2_NH_network|National Highway,,,,,,,,,as on31December2025,reported,administrative_reported,d0dd808600a8a2d0013b1fe4772d104f14dc18fc810c21a09a16aad01ea5624a,,
network_rajasthan,Rajasthan,state_ut,MoRTH,Rajasthan,National Highway,nh_number_count,53.0,count,53.0,count,,2025-12-31,stock,actual,MoRTH_Appendix2_NH_network,2025-12-31,2026-03-30,morth_annual_report_2025_26,https://morth.gov.in/backend/documents/uploaded/RTH%20Annual%20Report%20English.pdf,"PDF p129; printed p127; Appendix2, Rajasthan",official_measured,True,d0dd808600a8a2d0013b1fe4772d104f14dc18fc810c21a09a16aad01ea5624a,"State/UT reported NH network; separate Dadra and Nagar Haveli and Daman and Diu labels preserved as published; Lakshadweep absent. Source state lengths sum 146,570 km versus published 146,572 km; no balancing adjustment. State NH number counts overlap across states and must not be summed into a national unique-route count.",Rajasthan,2025,nh_number_count,53.0,official_measured,official,,,,,,,,MoRTH_Appendix2_NH_network|National Highway,,,,,,,,,as on31December2025,reported,administrative_reported,d0dd808600a8a2d0013b1fe4772d104f14dc18fc810c21a09a16aad01ea5624a,,
network_sikkim,Sikkim,state_ut,MoRTH,Sikkim,National Highway,nh_network_length_km,721.0,km,721.0,km,,2025-12-31,stock,actual,MoRTH_Appendix2_NH_network,2025-12-31,2026-03-30,morth_annual_report_2025_26,https://morth.gov.in/backend/documents/uploaded/RTH%20Annual%20Report%20English.pdf,"PDF p130; printed p128; Appendix2, Sikkim",official_measured,True,d0dd808600a8a2d0013b1fe4772d104f14dc18fc810c21a09a16aad01ea5624a,"State/UT reported NH network; separate Dadra and Nagar Haveli and Daman and Diu labels preserved as published; Lakshadweep absent. Source state lengths sum 146,570 km versus published 146,572 km; no balancing adjustment. State NH number counts overlap across states and must not be summed into a national unique-route count.",Sikkim,2025,nh_network_length_km,721.0,official_measured,official,,,,,,,,MoRTH_Appendix2_NH_network|National Highway,,,,,,,,,as on31December2025,reported,administrative_reported,d0dd808600a8a2d0013b1fe4772d104f14dc18fc810c21a09a16aad01ea5624a,,
network_sikkim,Sikkim,state_ut,MoRTH,Sikkim,National Highway,nh_number_count,9.0,count,9.0,count,,2025-12-31,stock,actual,MoRTH_Appendix2_NH_network,2025-12-31,2026-03-30,morth_annual_report_2025_26,https://morth.gov.in/backend/documents/uploaded/RTH%20Annual%20Report%20English.pdf,"PDF p130; printed p128; Appendix2, Sikkim",official_measured,True,d0dd808600a8a2d0013b1fe4772d104f14dc18fc810c21a09a16aad01ea5624a,"State/UT reported NH network; separate Dadra and Nagar Haveli and Daman and Diu labels preserved as published; Lakshadweep absent. Source state lengths sum 146,570 km versus published 146,572 km; no balancing adjustment. State NH number counts overlap across states and must not be summed into a national unique-route count.",Sikkim,2025,nh_number_count,9.0,official_measured,official,,,,,,,,MoRTH_Appendix2_NH_network|National Highway,,,,,,,,,as on31December2025,reported,administrative_reported,d0dd808600a8a2d0013b1fe4772d104f14dc18fc810c21a09a16aad01ea5624a,,
network_tamil_nadu,Tamil Nadu,state_ut,MoRTH,Tamil Nadu,National Highway,nh_network_length_km,6951.0,km,6951.0,km,,2025-12-31,stock,actual,MoRTH_Appendix2_NH_network,2025-12-31,2026-03-30,morth_annual_report_2025_26,https://morth.gov.in/backend/documents/uploaded/RTH%20Annual%20Report%20English.pdf,"PDF p130; printed p128; Appendix2, Tamil Nadu",official_measured,True,d0dd808600a8a2d0013b1fe4772d104f14dc18fc810c21a09a16aad01ea5624a,"State/UT reported NH network; separate Dadra and Nagar Haveli and Daman and Diu labels preserved as published; Lakshadweep absent. Source state lengths sum 146,570 km versus published 146,572 km; no balancing adjustment. State NH number counts overlap across states and must not be summed into a national unique-route count.",Tamil Nadu,2025,nh_network_length_km,6951.0,official_measured,official,,,,,,,,MoRTH_Appendix2_NH_network|National Highway,,,,,,,,,as on31December2025,reported,administrative_reported,d0dd808600a8a2d0013b1fe4772d104f14dc18fc810c21a09a16aad01ea5624a,,
network_tamil_nadu,Tamil Nadu,state_ut,MoRTH,Tamil Nadu,National Highway,nh_number_count,50.0,count,50.0,count,,2025-12-31,stock,actual,MoRTH_Appendix2_NH_network,2025-12-31,2026-03-30,morth_annual_report_2025_26,https://morth.gov.in/backend/documents/uploaded/RTH%20Annual%20Report%20English.pdf,"PDF p130; printed p128; Appendix2, Tamil Nadu",official_measured,True,d0dd808600a8a2d0013b1fe4772d104f14dc18fc810c21a09a16aad01ea5624a,"State/UT reported NH network; separate Dadra and Nagar Haveli and Daman and Diu labels preserved as published; Lakshadweep absent. Source state lengths sum 146,570 km versus published 146,572 km; no balancing adjustment. State NH number counts overlap across states and must not be summed into a national unique-route count.",Tamil Nadu,2025,nh_number_count,50.0,official_measured,official,,,,,,,,MoRTH_Appendix2_NH_network|National Highway,,,,,,,,,as on31December2025,reported,administrative_reported,d0dd808600a8a2d0013b1fe4772d104f14dc18fc810c21a09a16aad01ea5624a,,
network_telangana,Telangana,state_ut,MoRTH,Telangana,National Highway,nh_network_length_km,4926.0,km,4926.0,km,,2025-12-31,stock,actual,MoRTH_Appendix2_NH_network,2025-12-31,2026-03-30,morth_annual_report_2025_26,https://morth.gov.in/backend/documents/uploaded/RTH%20Annual%20Report%20English.pdf,"PDF p130; printed p128; Appendix2, Telangana",official_measured,True,d0dd808600a8a2d0013b1fe4772d104f14dc18fc810c21a09a16aad01ea5624a,"State/UT reported NH network; separate Dadra and Nagar Haveli and Daman and Diu labels preserved as published; Lakshadweep absent. Source state lengths sum 146,570 km versus published 146,572 km; no balancing adjustment. State NH number counts overlap across states and must not be summed into a national unique-route count.",Telangana,2025,nh_network_length_km,4926.0,official_measured,official,,,,,,,,MoRTH_Appendix2_NH_network|National Highway,,,,,,,,,as on31December2025,reported,administrative_reported,d0dd808600a8a2d0013b1fe4772d104f14dc18fc810c21a09a16aad01ea5624a,,
network_telangana,Telangana,state_ut,MoRTH,Telangana,National Highway,nh_number_count,30.0,count,30.0,count,,2025-12-31,stock,actual,MoRTH_Appendix2_NH_network,2025-12-31,2026-03-30,morth_annual_report_2025_26,https://morth.gov.in/backend/documents/uploaded/RTH%20Annual%20Report%20English.pdf,"PDF p130; printed p128; Appendix2, Telangana",official_measured,True,d0dd808600a8a2d0013b1fe4772d104f14dc18fc810c21a09a16aad01ea5624a,"State/UT reported NH network; separate Dadra and Nagar Haveli and Daman and Diu labels preserved as published; Lakshadweep absent. Source state lengths sum 146,570 km versus published 146,572 km; no balancing adjustment. State NH number counts overlap across states and must not be summed into a national unique-route count.",Telangana,2025,nh_number_count,30.0,official_measured,official,,,,,,,,MoRTH_Appendix2_NH_network|National Highway,,,,,,,,,as on31December2025,reported,administrative_reported,d0dd808600a8a2d0013b1fe4772d104f14dc18fc810c21a09a16aad01ea5624a,,
network_tripura,Tripura,state_ut,MoRTH,Tripura,National Highway,nh_network_length_km,889.0,km,889.0,km,,2025-12-31,stock,actual,MoRTH_Appendix2_NH_network,2025-12-31,2026-03-30,morth_annual_report_2025_26,https://morth.gov.in/backend/documents/uploaded/RTH%20Annual%20Report%20English.pdf,"PDF p130; printed p128; Appendix2, Tripura",official_measured,True,d0dd808600a8a2d0013b1fe4772d104f14dc18fc810c21a09a16aad01ea5624a,"State/UT reported NH network; separate Dadra and Nagar Haveli and Daman and Diu labels preserved as published; Lakshadweep absent. Source state lengths sum 146,570 km versus published 146,572 km; no balancing adjustment. State NH number counts overlap across states and must not be summed into a national unique-route count.",Tripura,2025,nh_network_length_km,889.0,official_measured,official,,,,,,,,MoRTH_Appendix2_NH_network|National Highway,,,,,,,,,as on31December2025,reported,administrative_reported,d0dd808600a8a2d0013b1fe4772d104f14dc18fc810c21a09a16aad01ea5624a,,
network_tripura,Tripura,state_ut,MoRTH,Tripura,National Highway,nh_number_count,6.0,count,6.0,count,,2025-12-31,stock,actual,MoRTH_Appendix2_NH_network,2025-12-31,2026-03-30,morth_annual_report_2025_26,https://morth.gov.in/backend/documents/uploaded/RTH%20Annual%20Report%20English.pdf,"PDF p130; printed p128; Appendix2, Tripura",official_measured,True,d0dd808600a8a2d0013b1fe4772d104f14dc18fc810c21a09a16aad01ea5624a,"State/UT reported NH network; separate Dadra and Nagar Haveli and Daman and Diu labels preserved as published; Lakshadweep absent. Source state lengths sum 146,570 km versus published 146,572 km; no balancing adjustment. State NH number counts overlap across states and must not be summed into a national unique-route count.",Tripura,2025,nh_number_count,6.0,official_measured,official,,,,,,,,MoRTH_Appendix2_NH_network|National Highway,,,,,,,,,as on31December2025,reported,administrative_reported,d0dd808600a8a2d0013b1fe4772d104f14dc18fc810c21a09a16aad01ea5624a,,
network_uttar_pradesh,Uttar Pradesh,state_ut,MoRTH,Uttar Pradesh,National Highway,nh_network_length_km,12134.0,km,12134.0,km,,2025-12-31,stock,actual,MoRTH_Appendix2_NH_network,2025-12-31,2026-03-30,morth_annual_report_2025_26,https://morth.gov.in/backend/documents/uploaded/RTH%20Annual%20Report%20English.pdf,"PDF p130; printed p128; Appendix2, Uttar Pradesh",official_measured,True,d0dd808600a8a2d0013b1fe4772d104f14dc18fc810c21a09a16aad01ea5624a,"State/UT reported NH network; separate Dadra and Nagar Haveli and Daman and Diu labels preserved as published; Lakshadweep absent. Source state lengths sum 146,570 km versus published 146,572 km; no balancing adjustment. State NH number counts overlap across states and must not be summed into a national unique-route count.",Uttar Pradesh,2025,nh_network_length_km,12134.0,official_measured,official,,,,,,,,MoRTH_Appendix2_NH_network|National Highway,,,,,,,,,as on31December2025,reported,administrative_reported,d0dd808600a8a2d0013b1fe4772d104f14dc18fc810c21a09a16aad01ea5624a,,
network_uttar_pradesh,Uttar Pradesh,state_ut,MoRTH,Uttar Pradesh,National Highway,nh_number_count,91.0,count,91.0,count,,2025-12-31,stock,actual,MoRTH_Appendix2_NH_network,2025-12-31,2026-03-30,morth_annual_report_2025_26,https://morth.gov.in/backend/documents/uploaded/RTH%20Annual%20Report%20English.pdf,"PDF p130; printed p128; Appendix2, Uttar Pradesh",official_measured,True,d0dd808600a8a2d0013b1fe4772d104f14dc18fc810c21a09a16aad01ea5624a,"State/UT reported NH network; separate Dadra and Nagar Haveli and Daman and Diu labels preserved as published; Lakshadweep absent. Source state lengths sum 146,570 km versus published 146,572 km; no balancing adjustment. State NH number counts overlap across states and must not be summed into a national unique-route count.",Uttar Pradesh,2025,nh_number_count,91.0,official_measured,official,,,,,,,,MoRTH_Appendix2_NH_network|National Highway,,,,,,,,,as on31December2025,reported,administrative_reported,d0dd808600a8a2d0013b1fe4772d104f14dc18fc810c21a09a16aad01ea5624a,,
network_uttarakhand,Uttarakhand,state_ut,MoRTH,Uttarakhand,National Highway,nh_network_length_km,3670.0,km,3670.0,km,,2025-12-31,stock,actual,MoRTH_Appendix2_NH_network,2025-12-31,2026-03-30,morth_annual_report_2025_26,https://morth.gov.in/backend/documents/uploaded/RTH%20Annual%20Report%20English.pdf,"PDF p130; printed p128; Appendix2, Uttarakhand",official_measured,True,d0dd808600a8a2d0013b1fe4772d104f14dc18fc810c21a09a16aad01ea5624a,"State/UT reported NH network; separate Dadra and Nagar Haveli and Daman and Diu labels preserved as published; Lakshadweep absent. Source state lengths sum 146,570 km versus published 146,572 km; no balancing adjustment. State NH number counts overlap across states and must not be summed into a national unique-route count.",Uttarakhand,2025,nh_network_length_km,3670.0,official_measured,official,,,,,,,,MoRTH_Appendix2_NH_network|National Highway,,,,,,,,,as on31December2025,reported,administrative_reported,d0dd808600a8a2d0013b1fe4772d104f14dc18fc810c21a09a16aad01ea5624a,,
network_uttarakhand,Uttarakhand,state_ut,MoRTH,Uttarakhand,National Highway,nh_number_count,26.0,count,26.0,count,,2025-12-31,stock,actual,MoRTH_Appendix2_NH_network,2025-12-31,2026-03-30,morth_annual_report_2025_26,https://morth.gov.in/backend/documents/uploaded/RTH%20Annual%20Report%20English.pdf,"PDF p130; printed p128; Appendix2, Uttarakhand",official_measured,True,d0dd808600a8a2d0013b1fe4772d104f14dc18fc810c21a09a16aad01ea5624a,"State/UT reported NH network; separate Dadra and Nagar Haveli and Daman and Diu labels preserved as published; Lakshadweep absent. Source state lengths sum 146,570 km versus published 146,572 km; no balancing adjustment. State NH number counts overlap across states and must not be summed into a national unique-route count.",Uttarakhand,2025,nh_number_count,26.0,official_measured,official,,,,,,,,MoRTH_Appendix2_NH_network|National Highway,,,,,,,,,as on31December2025,reported,administrative_reported,d0dd808600a8a2d0013b1fe4772d104f14dc18fc810c21a09a16aad01ea5624a,,
network_west_bengal,West Bengal,state_ut,MoRTH,West Bengal,National Highway,nh_network_length_km,3910.0,km,3910.0,km,,2025-12-31,stock,actual,MoRTH_Appendix2_NH_network,2025-12-31,2026-03-30,morth_annual_report_2025_26,https://morth.gov.in/backend/documents/uploaded/RTH%20Annual%20Report%20English.pdf,"PDF p130; printed p128; Appendix2, West Bengal",official_measured,True,d0dd808600a8a2d0013b1fe4772d104f14dc18fc810c21a09a16aad01ea5624a,"State/UT reported NH network; separate Dadra and Nagar Haveli and Daman and Diu labels preserved as published; Lakshadweep absent. Source state lengths sum 146,570 km versus published 146,572 km; no balancing adjustment. State NH number counts overlap across states and must not be summed into a national unique-route count.",West Bengal,2025,nh_network_length_km,3910.0,official_measured,official,,,,,,,,MoRTH_Appendix2_NH_network|National Highway,,,,,,,,,as on31December2025,reported,administrative_reported,d0dd808600a8a2d0013b1fe4772d104f14dc18fc810c21a09a16aad01ea5624a,,
network_west_bengal,West Bengal,state_ut,MoRTH,West Bengal,National Highway,nh_number_count,35.0,count,35.0,count,,2025-12-31,stock,actual,MoRTH_Appendix2_NH_network,2025-12-31,2026-03-30,morth_annual_report_2025_26,https://morth.gov.in/backend/documents/uploaded/RTH%20Annual%20Report%20English.pdf,"PDF p130; printed p128; Appendix2, West Bengal",official_measured,True,d0dd808600a8a2d0013b1fe4772d104f14dc18fc810c21a09a16aad01ea5624a,"State/UT reported NH network; separate Dadra and Nagar Haveli and Daman and Diu labels preserved as published; Lakshadweep absent. Source state lengths sum 146,570 km versus published 146,572 km; no balancing adjustment. State NH number counts overlap across states and must not be summed into a national unique-route count.",West Bengal,2025,nh_number_count,35.0,official_measured,official,,,,,,,,MoRTH_Appendix2_NH_network|National Highway,,,,,,,,,as on31December2025,reported,administrative_reported,d0dd808600a8a2d0013b1fe4772d104f14dc18fc810c21a09a16aad01ea5624a,,
network_andaman_and_nicobar_islands,Andaman and Nicobar Islands,state_ut,MoRTH,Andaman and Nicobar Islands,National Highway,nh_network_length_km,331.0,km,331.0,km,,2025-12-31,stock,actual,MoRTH_Appendix2_NH_network,2025-12-31,2026-03-30,morth_annual_report_2025_26,https://morth.gov.in/backend/documents/uploaded/RTH%20Annual%20Report%20English.pdf,"PDF p130; printed p128; Appendix2, Andaman and Nicobar Islands",official_measured,True,d0dd808600a8a2d0013b1fe4772d104f14dc18fc810c21a09a16aad01ea5624a,"State/UT reported NH network; separate Dadra and Nagar Haveli and Daman and Diu labels preserved as published; Lakshadweep absent. Source state lengths sum 146,570 km versus published 146,572 km; no balancing adjustment. State NH number counts overlap across states and must not be summed into a national unique-route count.",Andaman and Nicobar Islands,2025,nh_network_length_km,331.0,official_measured,official,,,,,,,,MoRTH_Appendix2_NH_network|National Highway,,,,,,,,,as on31December2025,reported,administrative_reported,d0dd808600a8a2d0013b1fe4772d104f14dc18fc810c21a09a16aad01ea5624a,,
network_andaman_and_nicobar_islands,Andaman and Nicobar Islands,state_ut,MoRTH,Andaman and Nicobar Islands,National Highway,nh_number_count,1.0,count,1.0,count,,2025-12-31,stock,actual,MoRTH_Appendix2_NH_network,2025-12-31,2026-03-30,morth_annual_report_2025_26,https://morth.gov.in/backend/documents/uploaded/RTH%20Annual%20Report%20English.pdf,"PDF p130; printed p128; Appendix2, Andaman and Nicobar Islands",official_measured,True,d0dd808600a8a2d0013b1fe4772d104f14dc18fc810c21a09a16aad01ea5624a,"State/UT reported NH network; separate Dadra and Nagar Haveli and Daman and Diu labels preserved as published; Lakshadweep absent. Source state lengths sum 146,570 km versus published 146,572 km; no balancing adjustment. State NH number counts overlap across states and must not be summed into a national unique-route count.",Andaman and Nicobar Islands,2025,nh_number_count,1.0,official_measured,official,,,,,,,,MoRTH_Appendix2_NH_network|National Highway,,,,,,,,,as on31December2025,reported,administrative_reported,d0dd808600a8a2d0013b1fe4772d104f14dc18fc810c21a09a16aad01ea5624a,,
network_dadra_and_nagar_haveli,Dadra and Nagar Haveli,state_ut,MoRTH,Dadra and Nagar Haveli,National Highway,nh_network_length_km,37.0,km,37.0,km,,2025-12-31,stock,actual,MoRTH_Appendix2_NH_network,2025-12-31,2026-03-30,morth_annual_report_2025_26,https://morth.gov.in/backend/documents/uploaded/RTH%20Annual%20Report%20English.pdf,"PDF p130; printed p128; Appendix2, Dadra and Nagar Haveli",official_measured,True,d0dd808600a8a2d0013b1fe4772d104f14dc18fc810c21a09a16aad01ea5624a,"State/UT reported NH network; separate Dadra and Nagar Haveli and Daman and Diu labels preserved as published; Lakshadweep absent. Source state lengths sum 146,570 km versus published 146,572 km; no balancing adjustment. State NH number counts overlap across states and must not be summed into a national unique-route count.",Dadra and Nagar Haveli,2025,nh_network_length_km,37.0,official_measured,official,,,,,,,,MoRTH_Appendix2_NH_network|National Highway,,,,,,,,,as on31December2025,reported,administrative_reported,d0dd808600a8a2d0013b1fe4772d104f14dc18fc810c21a09a16aad01ea5624a,,
network_dadra_and_nagar_haveli,Dadra and Nagar Haveli,state_ut,MoRTH,Dadra and Nagar Haveli,National Highway,nh_number_count,2.0,count,2.0,count,,2025-12-31,stock,actual,MoRTH_Appendix2_NH_network,2025-12-31,2026-03-30,morth_annual_report_2025_26,https://morth.gov.in/backend/documents/uploaded/RTH%20Annual%20Report%20English.pdf,"PDF p130; printed p128; Appendix2, Dadra and Nagar Haveli",official_measured,True,d0dd808600a8a2d0013b1fe4772d104f14dc18fc810c21a09a16aad01ea5624a,"State/UT reported NH network; separate Dadra and Nagar Haveli and Daman and Diu labels preserved as published; Lakshadweep absent. Source state lengths sum 146,570 km versus published 146,572 km; no balancing adjustment. State NH number counts overlap across states and must not be summed into a national unique-route count.",Dadra and Nagar Haveli,2025,nh_number_count,2.0,official_measured,official,,,,,,,,MoRTH_Appendix2_NH_network|National Highway,,,,,,,,,as on31December2025,reported,administrative_reported,d0dd808600a8a2d0013b1fe4772d104f14dc18fc810c21a09a16aad01ea5624a,,
network_daman_and_diu,Daman and Diu,state_ut,MoRTH,Daman and Diu,National Highway,nh_network_length_km,22.0,km,22.0,km,,2025-12-31,stock,actual,MoRTH_Appendix2_NH_network,2025-12-31,2026-03-30,morth_annual_report_2025_26,https://morth.gov.in/backend/documents/uploaded/RTH%20Annual%20Report%20English.pdf,"PDF p130; printed p128; Appendix2, Daman and Diu",official_measured,True,d0dd808600a8a2d0013b1fe4772d104f14dc18fc810c21a09a16aad01ea5624a,"State/UT reported NH network; separate Dadra and Nagar Haveli and Daman and Diu labels preserved as published; Lakshadweep absent. Source state lengths sum 146,570 km versus published 146,572 km; no balancing adjustment. State NH number counts overlap across states and must not be summed into a national unique-route count.",Daman and Diu,2025,nh_network_length_km,22.0,official_measured,official,,,,,,,,MoRTH_Appendix2_NH_network|National Highway,,,,,,,,,as on31December2025,reported,administrative_reported,d0dd808600a8a2d0013b1fe4772d104f14dc18fc810c21a09a16aad01ea5624a,,
network_daman_and_diu,Daman and Diu,state_ut,MoRTH,Daman and Diu,National Highway,nh_number_count,2.0,count,2.0,count,,2025-12-31,stock,actual,MoRTH_Appendix2_NH_network,2025-12-31,2026-03-30,morth_annual_report_2025_26,https://morth.gov.in/backend/documents/uploaded/RTH%20Annual%20Report%20English.pdf,"PDF p130; printed p128; Appendix2, Daman and Diu",official_measured,True,d0dd808600a8a2d0013b1fe4772d104f14dc18fc810c21a09a16aad01ea5624a,"State/UT reported NH network; separate Dadra and Nagar Haveli and Daman and Diu labels preserved as published; Lakshadweep absent. Source state lengths sum 146,570 km versus published 146,572 km; no balancing adjustment. State NH number counts overlap across states and must not be summed into a national unique-route count.",Daman and Diu,2025,nh_number_count,2.0,official_measured,official,,,,,,,,MoRTH_Appendix2_NH_network|National Highway,,,,,,,,,as on31December2025,reported,administrative_reported,d0dd808600a8a2d0013b1fe4772d104f14dc18fc810c21a09a16aad01ea5624a,,
morth_network_published_total,Published national NH network total,published_total,MoRTH,All India,National Highway,nh_network_length_km,146572.0,km,146572.0,km,,2025-12-31,stock,actual,MoRTH_Appendix2_NH_network,2025-12-31,2026-03-30,morth_annual_report_2025_26,https://morth.gov.in/backend/documents/uploaded/RTH%20Annual%20Report%20English.pdf,PDF p130; printed p128; Appendix2 published Total Length row,official_measured,False,d0dd808600a8a2d0013b1fe4772d104f14dc18fc810c21a09a16aad01ea5624a,"Published length 146,572 km exceeds state sum 146,570 km by2km. National count 670 is not the sum of state NH counts; unique-route interpretation is not inferred. Both reported aggregate cells remain readable but excluded from arithmetic.",Published national NH network total,2025,nh_network_length_km,146572.0,official_measured,official,,,,,,,,MoRTH_Appendix2_NH_network|National Highway,,,,,,,,,,reported,administrative_reported,d0dd808600a8a2d0013b1fe4772d104f14dc18fc810c21a09a16aad01ea5624a,,
morth_network_published_total,Published national NH network total,published_total,MoRTH,All India,National Highway,nh_number_count,670.0,count,670.0,count,,2025-12-31,stock,actual,MoRTH_Appendix2_NH_network,2025-12-31,2026-03-30,morth_annual_report_2025_26,https://morth.gov.in/backend/documents/uploaded/RTH%20Annual%20Report%20English.pdf,PDF p130; printed p128; Appendix2 published Total Length row,official_measured,False,d0dd808600a8a2d0013b1fe4772d104f14dc18fc810c21a09a16aad01ea5624a,"Published length 146,572 km exceeds state sum 146,570 km by2km. National count 670 is not the sum of state NH counts; unique-route interpretation is not inferred. Both reported aggregate cells remain readable but excluded from arithmetic.",Published national NH network total,2025,nh_number_count,670.0,official_measured,official,,,,,,,,MoRTH_Appendix2_NH_network|National Highway,,,,,,,,,,reported,administrative_reported,d0dd808600a8a2d0013b1fe4772d104f14dc18fc810c21a09a16aad01ea5624a,,
crif_state_roads,CRIF State Roads,agency,MoRTH,All India,State roads (multiple classes),crif_state_roads_allocation_inr_crore,985.0,INR crore,985.0,INR crore,2000-04-01,2001-03-31,fiscal_year,allocation,MoRTH_Appendix3_CRIF,,2026-03-30,morth_annual_report_2025_26,https://morth.gov.in/backend/documents/uploaded/RTH%20Annual%20Report%20English.pdf,PDF p131; printed p129; Appendix3 FY2000-01 allocation,target,False,d0dd808600a8a2d0013b1fe4772d104f14dc18fc810c21a09a16aad01ea5624a,"Release is an administrative cash funding flow, not expenditure or physical achievement. Current release footnote explicitly till 31 December 2025. Allocation is a disclosed funding plan; original approval/vintage date undisclosed, excluded from arithmetic. State roads is broader than SH only.",CRIF State Roads,2001,crif_state_roads_allocation_inr_crore,985.0,official_measured,official,,,,,,,,MoRTH_Appendix3_CRIF|State roads (multiple classes),,,,,,,,,2000-01,estimate,administrative_reported,d0dd808600a8a2d0013b1fe4772d104f14dc18fc810c21a09a16aad01ea5624a,,
crif_state_roads,CRIF State Roads,agency,MoRTH,All India,State roads (multiple classes),crif_state_roads_release_inr_crore,332.01,INR crore,332.01,INR crore,2000-04-01,2001-03-31,fiscal_year,actual,MoRTH_Appendix3_CRIF,2001-03-31,2026-03-30,morth_annual_report_2025_26,https://morth.gov.in/backend/documents/uploaded/RTH%20Annual%20Report%20English.pdf,PDF p131; printed p129; Appendix3 FY2000-01 release,official_measured,True,d0dd808600a8a2d0013b1fe4772d104f14dc18fc810c21a09a16aad01ea5624a,"Release is an administrative cash funding flow, not expenditure or physical achievement. Current release footnote explicitly till 31 December 2025. Allocation is a disclosed funding plan; original approval/vintage date undisclosed, excluded from arithmetic. State roads is broader than SH only.",CRIF State Roads,2001,crif_state_roads_release_inr_crore,332.01,official_measured,official,,,,,,,,MoRTH_Appendix3_CRIF|State roads (multiple classes),,,,,,,,,2000-01,reported,administrative_reported,d0dd808600a8a2d0013b1fe4772d104f14dc18fc810c21a09a16aad01ea5624a,,
crif_state_roads,CRIF State Roads,agency,MoRTH,All India,State roads (multiple classes),crif_state_roads_allocation_inr_crore,962.03,INR crore,962.03,INR crore,2001-04-01,2002-03-31,fiscal_year,allocation,MoRTH_Appendix3_CRIF,,2026-03-30,morth_annual_report_2025_26,https://morth.gov.in/backend/documents/uploaded/RTH%20Annual%20Report%20English.pdf,PDF p131; printed p129; Appendix3 FY2001-02 allocation,target,False,d0dd808600a8a2d0013b1fe4772d104f14dc18fc810c21a09a16aad01ea5624a,"Release is an administrative cash funding flow, not expenditure or physical achievement. Current release footnote explicitly till 31 December 2025. Allocation is a disclosed funding plan; original approval/vintage date undisclosed, excluded from arithmetic. State roads is broader than SH only.",CRIF State Roads,2002,crif_state_roads_allocation_inr_crore,962.03,official_measured,official,,,,,,,,MoRTH_Appendix3_CRIF|State roads (multiple classes),,,,,,,,,2001-02,estimate,administrative_reported,d0dd808600a8a2d0013b1fe4772d104f14dc18fc810c21a09a16aad01ea5624a,,
crif_state_roads,CRIF State Roads,agency,MoRTH,All India,State roads (multiple classes),crif_state_roads_release_inr_crore,300.0,INR crore,300.0,INR crore,2001-04-01,2002-03-31,fiscal_year,actual,MoRTH_Appendix3_CRIF,2002-03-31,2026-03-30,morth_annual_report_2025_26,https://morth.gov.in/backend/documents/uploaded/RTH%20Annual%20Report%20English.pdf,PDF p131; printed p129; Appendix3 FY2001-02 release,official_measured,True,d0dd808600a8a2d0013b1fe4772d104f14dc18fc810c21a09a16aad01ea5624a,"Release is an administrative cash funding flow, not expenditure or physical achievement. Current release footnote explicitly till 31 December 2025. Allocation is a disclosed funding plan; original approval/vintage date undisclosed, excluded from arithmetic. State roads is broader than SH only.",CRIF State Roads,2002,crif_state_roads_release_inr_crore,300.0,official_measured,official,,,,,,,,MoRTH_Appendix3_CRIF|State roads (multiple classes),,,,,,,,,2001-02,reported,administrative_reported,d0dd808600a8a2d0013b1fe4772d104f14dc18fc810c21a09a16aad01ea5624a,,
crif_state_roads,CRIF State Roads,agency,MoRTH,All India,State roads (multiple classes),crif_state_roads_allocation_inr_crore,980.0,INR crore,980.0,INR crore,2002-04-01,2003-03-31,fiscal_year,allocation,MoRTH_Appendix3_CRIF,,2026-03-30,morth_annual_report_2025_26,https://morth.gov.in/backend/documents/uploaded/RTH%20Annual%20Report%20English.pdf,PDF p131; printed p129; Appendix3 FY2002-03 allocation,target,False,d0dd808600a8a2d0013b1fe4772d104f14dc18fc810c21a09a16aad01ea5624a,"Release is an administrative cash funding flow, not expenditure or physical achievement. Current release footnote explicitly till 31 December 2025. Allocation is a disclosed funding plan; original approval/vintage date undisclosed, excluded from arithmetic. State roads is broader than SH only.",CRIF State Roads,2003,crif_state_roads_allocation_inr_crore,980.0,official_measured,official,,,,,,,,MoRTH_Appendix3_CRIF|State roads (multiple classes),,,,,,,,,2002-03,estimate,administrative_reported,d0dd808600a8a2d0013b1fe4772d104f14dc18fc810c21a09a16aad01ea5624a,,
crif_state_roads,CRIF State Roads,agency,MoRTH,All India,State roads (multiple classes),crif_state_roads_release_inr_crore,950.28,INR crore,950.28,INR crore,2002-04-01,2003-03-31,fiscal_year,actual,MoRTH_Appendix3_CRIF,2003-03-31,2026-03-30,morth_annual_report_2025_26,https://morth.gov.in/backend/documents/uploaded/RTH%20Annual%20Report%20English.pdf,PDF p131; printed p129; Appendix3 FY2002-03 release,official_measured,True,d0dd808600a8a2d0013b1fe4772d104f14dc18fc810c21a09a16aad01ea5624a,"Release is an administrative cash funding flow, not expenditure or physical achievement. Current release footnote explicitly till 31 December 2025. Allocation is a disclosed funding plan; original approval/vintage date undisclosed, excluded from arithmetic. State roads is broader than SH only.",CRIF State Roads,2003,crif_state_roads_release_inr_crore,950.28,official_measured,official,,,,,,,,MoRTH_Appendix3_CRIF|State roads (multiple classes),,,,,,,,,2002-03,reported,administrative_reported,d0dd808600a8a2d0013b1fe4772d104f14dc18fc810c21a09a16aad01ea5624a,,
crif_state_roads,CRIF State Roads,agency,MoRTH,All India,State roads (multiple classes),crif_state_roads_allocation_inr_crore,910.76,INR crore,910.76,INR crore,2003-04-01,2004-03-31,fiscal_year,allocation,MoRTH_Appendix3_CRIF,,2026-03-30,morth_annual_report_2025_26,https://morth.gov.in/backend/documents/uploaded/RTH%20Annual%20Report%20English.pdf,PDF p131; printed p129; Appendix3 FY2003-04 allocation,target,False,d0dd808600a8a2d0013b1fe4772d104f14dc18fc810c21a09a16aad01ea5624a,"Release is an administrative cash funding flow, not expenditure or physical achievement. Current release footnote explicitly till 31 December 2025. Allocation is a disclosed funding plan; original approval/vintage date undisclosed, excluded from arithmetic. State roads is broader than SH only.",CRIF State Roads,2004,crif_state_roads_allocation_inr_crore,910.76,official_measured,official,,,,,,,,MoRTH_Appendix3_CRIF|State roads (multiple classes),,,,,,,,,2003-04,estimate,administrative_reported,d0dd808600a8a2d0013b1fe4772d104f14dc18fc810c21a09a16aad01ea5624a,,
crif_state_roads,CRIF State Roads,agency,MoRTH,All India,State roads (multiple classes),crif_state_roads_release_inr_crore,778.94,INR crore,778.94,INR crore,2003-04-01,2004-03-31,fiscal_year,actual,MoRTH_Appendix3_CRIF,2004-03-31,2026-03-30,morth_annual_report_2025_26,https://morth.gov.in/backend/documents/uploaded/RTH%20Annual%20Report%20English.pdf,PDF p131; printed p129; Appendix3 FY2003-04 release,official_measured,True,d0dd808600a8a2d0013b1fe4772d104f14dc18fc810c21a09a16aad01ea5624a,"Release is an administrative cash funding flow, not expenditure or physical achievement. Current release footnote explicitly till 31 December 2025. Allocation is a disclosed funding plan; original approval/vintage date undisclosed, excluded from arithmetic. State roads is broader than SH only.",CRIF State Roads,2004,crif_state_roads_release_inr_crore,778.94,official_measured,official,,,,,,,,MoRTH_Appendix3_CRIF|State roads (multiple classes),,,,,,,,,2003-04,reported,administrative_reported,d0dd808600a8a2d0013b1fe4772d104f14dc18fc810c21a09a16aad01ea5624a,,
crif_state_roads,CRIF State Roads,agency,MoRTH,All India,State roads (multiple classes),crif_state_roads_allocation_inr_crore,868.0,INR crore,868.0,INR crore,2004-04-01,2005-03-31,fiscal_year,allocation,MoRTH_Appendix3_CRIF,,2026-03-30,morth_annual_report_2025_26,https://morth.gov.in/backend/documents/uploaded/RTH%20Annual%20Report%20English.pdf,PDF p131; printed p129; Appendix3 FY2004-05 allocation,target,False,d0dd808600a8a2d0013b1fe4772d104f14dc18fc810c21a09a16aad01ea5624a,"Release is an administrative cash funding flow, not expenditure or physical achievement. Current release footnote explicitly till 31 December 2025. Allocation is a disclosed funding plan; original approval/vintage date undisclosed, excluded from arithmetic. State roads is broader than SH only.",CRIF State Roads,2005,crif_state_roads_allocation_inr_crore,868.0,official_measured,official,,,,,,,,MoRTH_Appendix3_CRIF|State roads (multiple classes),,,,,,,,,2004-05,estimate,administrative_reported,d0dd808600a8a2d0013b1fe4772d104f14dc18fc810c21a09a16aad01ea5624a,,
crif_state_roads,CRIF State Roads,agency,MoRTH,All India,State roads (multiple classes),crif_state_roads_release_inr_crore,607.4,INR crore,607.4,INR crore,2004-04-01,2005-03-31,fiscal_year,actual,MoRTH_Appendix3_CRIF,2005-03-31,2026-03-30,morth_annual_report_2025_26,https://morth.gov.in/backend/documents/uploaded/RTH%20Annual%20Report%20English.pdf,PDF p131; printed p129; Appendix3 FY2004-05 release,official_measured,True,d0dd808600a8a2d0013b1fe4772d104f14dc18fc810c21a09a16aad01ea5624a,"Release is an administrative cash funding flow, not expenditure or physical achievement. Current release footnote explicitly till 31 December 2025. Allocation is a disclosed funding plan; original approval/vintage date undisclosed, excluded from arithmetic. State roads is broader than SH only.",CRIF State Roads,2005,crif_state_roads_release_inr_crore,607.4,official_measured,official,,,,,,,,MoRTH_Appendix3_CRIF|State roads (multiple classes),,,,,,,,,2004-05,reported,administrative_reported,d0dd808600a8a2d0013b1fe4772d104f14dc18fc810c21a09a16aad01ea5624a,,
crif_state_roads,CRIF State Roads,agency,MoRTH,All India,State roads (multiple classes),crif_state_roads_allocation_inr_crore,1535.36,INR crore,1535.36,INR crore,2005-04-01,2006-03-31,fiscal_year,allocation,MoRTH_Appendix3_CRIF,,2026-03-30,morth_annual_report_2025_26,https://morth.gov.in/backend/documents/uploaded/RTH%20Annual%20Report%20English.pdf,PDF p131; printed p129; Appendix3 FY2005-06 allocation,target,False,d0dd808600a8a2d0013b1fe4772d104f14dc18fc810c21a09a16aad01ea5624a,"Release is an administrative cash funding flow, not expenditure or physical achievement. Current release footnote explicitly till 31 December 2025. Allocation is a disclosed funding plan; original approval/vintage date undisclosed, excluded from arithmetic. State roads is broader than SH only.",CRIF State Roads,2006,crif_state_roads_allocation_inr_crore,1535.36,official_measured,official,,,,,,,,MoRTH_Appendix3_CRIF|State roads (multiple classes),,,,,,,,,2005-06,estimate,administrative_reported,d0dd808600a8a2d0013b1fe4772d104f14dc18fc810c21a09a16aad01ea5624a,,
crif_state_roads,CRIF State Roads,agency,MoRTH,All India,State roads (multiple classes),crif_state_roads_release_inr_crore,1299.27,INR crore,1299.27,INR crore,2005-04-01,2006-03-31,fiscal_year,actual,MoRTH_Appendix3_CRIF,2006-03-31,2026-03-30,morth_annual_report_2025_26,https://morth.gov.in/backend/documents/uploaded/RTH%20Annual%20Report%20English.pdf,PDF p131; printed p129; Appendix3 FY2005-06 release,official_measured,True,d0dd808600a8a2d0013b1fe4772d104f14dc18fc810c21a09a16aad01ea5624a,"Release is an administrative cash funding flow, not expenditure or physical achievement. Current release footnote explicitly till 31 December 2025. Allocation is a disclosed funding plan; original approval/vintage date undisclosed, excluded from arithmetic. State roads is broader than SH only.",CRIF State Roads,2006,crif_state_roads_release_inr_crore,1299.27,official_measured,official,,,,,,,,MoRTH_Appendix3_CRIF|State roads (multiple classes),,,,,,,,,2005-06,reported,administrative_reported,d0dd808600a8a2d0013b1fe4772d104f14dc18fc810c21a09a16aad01ea5624a,,
crif_state_roads,CRIF State Roads,agency,MoRTH,All India,State roads (multiple classes),crif_state_roads_allocation_inr_crore,1535.46,INR crore,1535.46,INR crore,2006-04-01,2007-03-31,fiscal_year,allocation,MoRTH_Appendix3_CRIF,,2026-03-30,morth_annual_report_2025_26,https://morth.gov.in/backend/documents/uploaded/RTH%20Annual%20Report%20English.pdf,PDF p131; printed p129; Appendix3 FY2006-07 allocation,target,False,d0dd808600a8a2d0013b1fe4772d104f14dc18fc810c21a09a16aad01ea5624a,"Release is an administrative cash funding flow, not expenditure or physical achievement. Current release footnote explicitly till 31 December 2025. Allocation is a disclosed funding plan; original approval/vintage date undisclosed, excluded from arithmetic. State roads is broader than SH only.",CRIF State Roads,2007,crif_state_roads_allocation_inr_crore,1535.46,official_measured,official,,,,,,,,MoRTH_Appendix3_CRIF|State roads (multiple classes),,,,,,,,,2006-07,estimate,administrative_reported,d0dd808600a8a2d0013b1fe4772d104f14dc18fc810c21a09a16aad01ea5624a,,
crif_state_roads,CRIF State Roads,agency,MoRTH,All India,State roads (multiple classes),crif_state_roads_release_inr_crore,1426.29,INR crore,1426.29,INR crore,2006-04-01,2007-03-31,fiscal_year,actual,MoRTH_Appendix3_CRIF,2007-03-31,2026-03-30,morth_annual_report_2025_26,https://morth.gov.in/backend/documents/uploaded/RTH%20Annual%20Report%20English.pdf,PDF p131; printed p129; Appendix3 FY2006-07 release,official_measured,True,d0dd808600a8a2d0013b1fe4772d104f14dc18fc810c21a09a16aad01ea5624a,"Release is an administrative cash funding flow, not expenditure or physical achievement. Current release footnote explicitly till 31 December 2025. Allocation is a disclosed funding plan; original approval/vintage date undisclosed, excluded from arithmetic. State roads is broader than SH only.",CRIF State Roads,2007,crif_state_roads_release_inr_crore,1426.29,official_measured,official,,,,,,,,MoRTH_Appendix3_CRIF|State roads (multiple classes),,,,,,,,,2006-07,reported,administrative_reported,d0dd808600a8a2d0013b1fe4772d104f14dc18fc810c21a09a16aad01ea5624a,,
crif_state_roads,CRIF State Roads,agency,MoRTH,All India,State roads (multiple classes),crif_state_roads_allocation_inr_crore,1565.32,INR crore,1565.32,INR crore,2007-04-01,2008-03-31,fiscal_year,allocation,MoRTH_Appendix3_CRIF,,2026-03-30,morth_annual_report_2025_26,https://morth.gov.in/backend/documents/uploaded/RTH%20Annual%20Report%20English.pdf,PDF p131; printed p129; Appendix3 FY2007-08 allocation,target,False,d0dd808600a8a2d0013b1fe4772d104f14dc18fc810c21a09a16aad01ea5624a,"Release is an administrative cash funding flow, not expenditure or physical achievement. Current release footnote explicitly till 31 December 2025. Allocation is a disclosed funding plan; original approval/vintage date undisclosed, excluded from arithmetic. State roads is broader than SH only.",CRIF State Roads,2008,crif_state_roads_allocation_inr_crore,1565.32,official_measured,official,,,,,,,,MoRTH_Appendix3_CRIF|State roads (multiple classes),,,,,,,,,2007-08,estimate,administrative_reported,d0dd808600a8a2d0013b1fe4772d104f14dc18fc810c21a09a16aad01ea5624a,,
crif_state_roads,CRIF State Roads,agency,MoRTH,All India,State roads (multiple classes),crif_state_roads_release_inr_crore,1322.19,INR crore,1322.19,INR crore,2007-04-01,2008-03-31,fiscal_year,actual,MoRTH_Appendix3_CRIF,2008-03-31,2026-03-30,morth_annual_report_2025_26,https://morth.gov.in/backend/documents/uploaded/RTH%20Annual%20Report%20English.pdf,PDF p131; printed p129; Appendix3 FY2007-08 release,official_measured,True,d0dd808600a8a2d0013b1fe4772d104f14dc18fc810c21a09a16aad01ea5624a,"Release is an administrative cash funding flow, not expenditure or physical achievement. Current release footnote explicitly till 31 December 2025. Allocation is a disclosed funding plan; original approval/vintage date undisclosed, excluded from arithmetic. State roads is broader than SH only.",CRIF State Roads,2008,crif_state_roads_release_inr_crore,1322.19,official_measured,official,,,,,,,,MoRTH_Appendix3_CRIF|State roads (multiple classes),,,,,,,,,2007-08,reported,administrative_reported,d0dd808600a8a2d0013b1fe4772d104f14dc18fc810c21a09a16aad01ea5624a,,
crif_state_roads,CRIF State Roads,agency,MoRTH,All India,State roads (multiple classes),crif_state_roads_allocation_inr_crore,1271.64,INR crore,1271.64,INR crore,2008-04-01,2009-03-31,fiscal_year,allocation,MoRTH_Appendix3_CRIF,,2026-03-30,morth_annual_report_2025_26,https://morth.gov.in/backend/documents/uploaded/RTH%20Annual%20Report%20English.pdf,PDF p131; printed p129; Appendix3 FY2008-09 allocation,target,False,d0dd808600a8a2d0013b1fe4772d104f14dc18fc810c21a09a16aad01ea5624a,"Release is an administrative cash funding flow, not expenditure or physical achievement. Current release footnote explicitly till 31 December 2025. Allocation is a disclosed funding plan; original approval/vintage date undisclosed, excluded from arithmetic. State roads is broader than SH only.",CRIF State Roads,2009,crif_state_roads_allocation_inr_crore,1271.64,official_measured,official,,,,,,,,MoRTH_Appendix3_CRIF|State roads (multiple classes),,,,,,,,,2008-09,estimate,administrative_reported,d0dd808600a8a2d0013b1fe4772d104f14dc18fc810c21a09a16aad01ea5624a,,
crif_state_roads,CRIF State Roads,agency,MoRTH,All India,State roads (multiple classes),crif_state_roads_release_inr_crore,2122.0,INR crore,2122.0,INR crore,2008-04-01,2009-03-31,fiscal_year,actual,MoRTH_Appendix3_CRIF,2009-03-31,2026-03-30,morth_annual_report_2025_26,https://morth.gov.in/backend/documents/uploaded/RTH%20Annual%20Report%20English.pdf,PDF p131; printed p129; Appendix3 FY2008-09 release,official_measured,True,d0dd808600a8a2d0013b1fe4772d104f14dc18fc810c21a09a16aad01ea5624a,"Release is an administrative cash funding flow, not expenditure or physical achievement. Current release footnote explicitly till 31 December 2025. Allocation is a disclosed funding plan; original approval/vintage date undisclosed, excluded from arithmetic. State roads is broader than SH only.",CRIF State Roads,2009,crif_state_roads_release_inr_crore,2122.0,official_measured,official,,,,,,,,MoRTH_Appendix3_CRIF|State roads (multiple classes),,,,,,,,,2008-09,reported,administrative_reported,d0dd808600a8a2d0013b1fe4772d104f14dc18fc810c21a09a16aad01ea5624a,,
crif_state_roads,CRIF State Roads,agency,MoRTH,All India,State roads (multiple classes),crif_state_roads_allocation_inr_crore,1786.56,INR crore,1786.56,INR crore,2009-04-01,2010-03-31,fiscal_year,allocation,MoRTH_Appendix3_CRIF,,2026-03-30,morth_annual_report_2025_26,https://morth.gov.in/backend/documents/uploaded/RTH%20Annual%20Report%20English.pdf,PDF p131; printed p129; Appendix3 FY2009-10 allocation,target,False,d0dd808600a8a2d0013b1fe4772d104f14dc18fc810c21a09a16aad01ea5624a,"Release is an administrative cash funding flow, not expenditure or physical achievement. Current release footnote explicitly till 31 December 2025. Allocation is a disclosed funding plan; original approval/vintage date undisclosed, excluded from arithmetic. State roads is broader than SH only.",CRIF State Roads,2010,crif_state_roads_allocation_inr_crore,1786.56,official_measured,official,,,,,,,,MoRTH_Appendix3_CRIF|State roads (multiple classes),,,,,,,,,2009-10,estimate,administrative_reported,d0dd808600a8a2d0013b1fe4772d104f14dc18fc810c21a09a16aad01ea5624a,,
crif_state_roads,CRIF State Roads,agency,MoRTH,All India,State roads (multiple classes),crif_state_roads_release_inr_crore,1344.98,INR crore,1344.98,INR crore,2009-04-01,2010-03-31,fiscal_year,actual,MoRTH_Appendix3_CRIF,2010-03-31,2026-03-30,morth_annual_report_2025_26,https://morth.gov.in/backend/documents/uploaded/RTH%20Annual%20Report%20English.pdf,PDF p131; printed p129; Appendix3 FY2009-10 release,official_measured,True,d0dd808600a8a2d0013b1fe4772d104f14dc18fc810c21a09a16aad01ea5624a,"Release is an administrative cash funding flow, not expenditure or physical achievement. Current release footnote explicitly till 31 December 2025. Allocation is a disclosed funding plan; original approval/vintage date undisclosed, excluded from arithmetic. State roads is broader than SH only.",CRIF State Roads,2010,crif_state_roads_release_inr_crore,1344.98,official_measured,official,,,,,,,,MoRTH_Appendix3_CRIF|State roads (multiple classes),,,,,,,,,2009-10,reported,administrative_reported,d0dd808600a8a2d0013b1fe4772d104f14dc18fc810c21a09a16aad01ea5624a,,
crif_state_roads,CRIF State Roads,agency,MoRTH,All India,State roads (multiple classes),crif_state_roads_allocation_inr_crore,2714.87,INR crore,2714.87,INR crore,2010-04-01,2011-03-31,fiscal_year,allocation,MoRTH_Appendix3_CRIF,,2026-03-30,morth_annual_report_2025_26,https://morth.gov.in/backend/documents/uploaded/RTH%20Annual%20Report%20English.pdf,PDF p131; printed p129; Appendix3 FY2010-11 allocation,target,False,d0dd808600a8a2d0013b1fe4772d104f14dc18fc810c21a09a16aad01ea5624a,"Release is an administrative cash funding flow, not expenditure or physical achievement. Current release footnote explicitly till 31 December 2025. Allocation is a disclosed funding plan; original approval/vintage date undisclosed, excluded from arithmetic. State roads is broader than SH only.",CRIF State Roads,2011,crif_state_roads_allocation_inr_crore,2714.87,official_measured,official,,,,,,,,MoRTH_Appendix3_CRIF|State roads (multiple classes),,,,,,,,,2010-11,estimate,administrative_reported,d0dd808600a8a2d0013b1fe4772d104f14dc18fc810c21a09a16aad01ea5624a,,
crif_state_roads,CRIF State Roads,agency,MoRTH,All India,State roads (multiple classes),crif_state_roads_release_inr_crore,2460.29,INR crore,2460.29,INR crore,2010-04-01,2011-03-31,fiscal_year,actual,MoRTH_Appendix3_CRIF,2011-03-31,2026-03-30,morth_annual_report_2025_26,https://morth.gov.in/backend/documents/uploaded/RTH%20Annual%20Report%20English.pdf,PDF p131; printed p129; Appendix3 FY2010-11 release,official_measured,True,d0dd808600a8a2d0013b1fe4772d104f14dc18fc810c21a09a16aad01ea5624a,"Release is an administrative cash funding flow, not expenditure or physical achievement. Current release footnote explicitly till 31 December 2025. Allocation is a disclosed funding plan; original approval/vintage date undisclosed, excluded from arithmetic. State roads is broader than SH only.",CRIF State Roads,2011,crif_state_roads_release_inr_crore,2460.29,official_measured,official,,,,,,,,MoRTH_Appendix3_CRIF|State roads (multiple classes),,,,,,,,,2010-11,reported,administrative_reported,d0dd808600a8a2d0013b1fe4772d104f14dc18fc810c21a09a16aad01ea5624a,,
crif_state_roads,CRIF State Roads,agency,MoRTH,All India,State roads (multiple classes),crif_state_roads_allocation_inr_crore,2288.65,INR crore,2288.65,INR crore,2011-04-01,2012-03-31,fiscal_year,allocation,MoRTH_Appendix3_CRIF,,2026-03-30,morth_annual_report_2025_26,https://morth.gov.in/backend/documents/uploaded/RTH%20Annual%20Report%20English.pdf,PDF p131; printed p129; Appendix3 FY2011-12 allocation,target,False,d0dd808600a8a2d0013b1fe4772d104f14dc18fc810c21a09a16aad01ea5624a,"Release is an administrative cash funding flow, not expenditure or physical achievement. Current release footnote explicitly till 31 December 2025. Allocation is a disclosed funding plan; original approval/vintage date undisclosed, excluded from arithmetic. State roads is broader than SH only.",CRIF State Roads,2012,crif_state_roads_allocation_inr_crore,2288.65,official_measured,official,,,,,,,,MoRTH_Appendix3_CRIF|State roads (multiple classes),,,,,,,,,2011-12,estimate,administrative_reported,d0dd808600a8a2d0013b1fe4772d104f14dc18fc810c21a09a16aad01ea5624a,,
crif_state_roads,CRIF State Roads,agency,MoRTH,All India,State roads (multiple classes),crif_state_roads_release_inr_crore,1927.39,INR crore,1927.39,INR crore,2011-04-01,2012-03-31,fiscal_year,actual,MoRTH_Appendix3_CRIF,2012-03-31,2026-03-30,morth_annual_report_2025_26,https://morth.gov.in/backend/documents/uploaded/RTH%20Annual%20Report%20English.pdf,PDF p131; printed p129; Appendix3 FY2011-12 release,official_measured,True,d0dd808600a8a2d0013b1fe4772d104f14dc18fc810c21a09a16aad01ea5624a,"Release is an administrative cash funding flow, not expenditure or physical achievement. Current release footnote explicitly till 31 December 2025. Allocation is a disclosed funding plan; original approval/vintage date undisclosed, excluded from arithmetic. State roads is broader than SH only.",CRIF State Roads,2012,crif_state_roads_release_inr_crore,1927.39,official_measured,official,,,,,,,,MoRTH_Appendix3_CRIF|State roads (multiple classes),,,,,,,,,2011-12,reported,administrative_reported,d0dd808600a8a2d0013b1fe4772d104f14dc18fc810c21a09a16aad01ea5624a,,
crif_state_roads,CRIF State Roads,agency,MoRTH,All India,State roads (multiple classes),crif_state_roads_allocation_inr_crore,2359.91,INR crore,2359.91,INR crore,2012-04-01,2013-03-31,fiscal_year,allocation,MoRTH_Appendix3_CRIF,,2026-03-30,morth_annual_report_2025_26,https://morth.gov.in/backend/documents/uploaded/RTH%20Annual%20Report%20English.pdf,PDF p131; printed p129; Appendix3 FY2012-13 allocation,target,False,d0dd808600a8a2d0013b1fe4772d104f14dc18fc810c21a09a16aad01ea5624a,"Release is an administrative cash funding flow, not expenditure or physical achievement. Current release footnote explicitly till 31 December 2025. Allocation is a disclosed funding plan; original approval/vintage date undisclosed, excluded from arithmetic. State roads is broader than SH only.",CRIF State Roads,2013,crif_state_roads_allocation_inr_crore,2359.91,official_measured,official,,,,,,,,MoRTH_Appendix3_CRIF|State roads (multiple classes),,,,,,,,,2012-13,estimate,administrative_reported,d0dd808600a8a2d0013b1fe4772d104f14dc18fc810c21a09a16aad01ea5624a,,
crif_state_roads,CRIF State Roads,agency,MoRTH,All India,State roads (multiple classes),crif_state_roads_release_inr_crore,2350.37,INR crore,2350.37,INR crore,2012-04-01,2013-03-31,fiscal_year,actual,MoRTH_Appendix3_CRIF,2013-03-31,2026-03-30,morth_annual_report_2025_26,https://morth.gov.in/backend/documents/uploaded/RTH%20Annual%20Report%20English.pdf,PDF p131; printed p129; Appendix3 FY2012-13 release,official_measured,True,d0dd808600a8a2d0013b1fe4772d104f14dc18fc810c21a09a16aad01ea5624a,"Release is an administrative cash funding flow, not expenditure or physical achievement. Current release footnote explicitly till 31 December 2025. Allocation is a disclosed funding plan; original approval/vintage date undisclosed, excluded from arithmetic. State roads is broader than SH only.",CRIF State Roads,2013,crif_state_roads_release_inr_crore,2350.37,official_measured,official,,,,,,,,MoRTH_Appendix3_CRIF|State roads (multiple classes),,,,,,,,,2012-13,reported,administrative_reported,d0dd808600a8a2d0013b1fe4772d104f14dc18fc810c21a09a16aad01ea5624a,,
crif_state_roads,CRIF State Roads,agency,MoRTH,All India,State roads (multiple classes),crif_state_roads_allocation_inr_crore,2359.91,INR crore,2359.91,INR crore,2013-04-01,2014-03-31,fiscal_year,allocation,MoRTH_Appendix3_CRIF,,2026-03-30,morth_annual_report_2025_26,https://morth.gov.in/backend/documents/uploaded/RTH%20Annual%20Report%20English.pdf,PDF p131; printed p129; Appendix3 FY2013-14 allocation,target,False,d0dd808600a8a2d0013b1fe4772d104f14dc18fc810c21a09a16aad01ea5624a,"Release is an administrative cash funding flow, not expenditure or physical achievement. Current release footnote explicitly till 31 December 2025. Allocation is a disclosed funding plan; original approval/vintage date undisclosed, excluded from arithmetic. State roads is broader than SH only.",CRIF State Roads,2014,crif_state_roads_allocation_inr_crore,2359.91,official_measured,official,,,,,,,,MoRTH_Appendix3_CRIF|State roads (multiple classes),,,,,,,,,2013-14,estimate,administrative_reported,d0dd808600a8a2d0013b1fe4772d104f14dc18fc810c21a09a16aad01ea5624a,,
crif_state_roads,CRIF State Roads,agency,MoRTH,All India,State roads (multiple classes),crif_state_roads_release_inr_crore,2226.6,INR crore,2226.6,INR crore,2013-04-01,2014-03-31,fiscal_year,actual,MoRTH_Appendix3_CRIF,2014-03-31,2026-03-30,morth_annual_report_2025_26,https://morth.gov.in/backend/documents/uploaded/RTH%20Annual%20Report%20English.pdf,PDF p131; printed p129; Appendix3 FY2013-14 release,official_measured,True,d0dd808600a8a2d0013b1fe4772d104f14dc18fc810c21a09a16aad01ea5624a,"Release is an administrative cash funding flow, not expenditure or physical achievement. Current release footnote explicitly till 31 December 2025. Allocation is a disclosed funding plan; original approval/vintage date undisclosed, excluded from arithmetic. State roads is broader than SH only.",CRIF State Roads,2014,crif_state_roads_release_inr_crore,2226.6,official_measured,official,,,,,,,,MoRTH_Appendix3_CRIF|State roads (multiple classes),,,,,,,,,2013-14,reported,administrative_reported,d0dd808600a8a2d0013b1fe4772d104f14dc18fc810c21a09a16aad01ea5624a,,
crif_state_roads,CRIF State Roads,agency,MoRTH,All India,State roads (multiple classes),crif_state_roads_allocation_inr_crore,2642.63,INR crore,2642.63,INR crore,2014-04-01,2015-03-31,fiscal_year,allocation,MoRTH_Appendix3_CRIF,,2026-03-30,morth_annual_report_2025_26,https://morth.gov.in/backend/documents/uploaded/RTH%20Annual%20Report%20English.pdf,PDF p131; printed p129; Appendix3 FY2014-15 allocation,target,False,d0dd808600a8a2d0013b1fe4772d104f14dc18fc810c21a09a16aad01ea5624a,"Release is an administrative cash funding flow, not expenditure or physical achievement. Current release footnote explicitly till 31 December 2025. Allocation is a disclosed funding plan; original approval/vintage date undisclosed, excluded from arithmetic. State roads is broader than SH only.",CRIF State Roads,2015,crif_state_roads_allocation_inr_crore,2642.63,official_measured,official,,,,,,,,MoRTH_Appendix3_CRIF|State roads (multiple classes),,,,,,,,,2014-15,estimate,administrative_reported,d0dd808600a8a2d0013b1fe4772d104f14dc18fc810c21a09a16aad01ea5624a,,
crif_state_roads,CRIF State Roads,agency,MoRTH,All India,State roads (multiple classes),crif_state_roads_release_inr_crore,2094.78,INR crore,2094.78,INR crore,2014-04-01,2015-03-31,fiscal_year,actual,MoRTH_Appendix3_CRIF,2015-03-31,2026-03-30,morth_annual_report_2025_26,https://morth.gov.in/backend/documents/uploaded/RTH%20Annual%20Report%20English.pdf,PDF p131; printed p129; Appendix3 FY2014-15 release,official_measured,True,d0dd808600a8a2d0013b1fe4772d104f14dc18fc810c21a09a16aad01ea5624a,"Release is an administrative cash funding flow, not expenditure or physical achievement. Current release footnote explicitly till 31 December 2025. Allocation is a disclosed funding plan; original approval/vintage date undisclosed, excluded from arithmetic. State roads is broader than SH only.",CRIF State Roads,2015,crif_state_roads_release_inr_crore,2094.78,official_measured,official,,,,,,,,MoRTH_Appendix3_CRIF|State roads (multiple classes),,,,,,,,,2014-15,reported,administrative_reported,d0dd808600a8a2d0013b1fe4772d104f14dc18fc810c21a09a16aad01ea5624a,,
crif_state_roads,CRIF State Roads,agency,MoRTH,All India,State roads (multiple classes),crif_state_roads_allocation_inr_crore,2852.64,INR crore,2852.64,INR crore,2015-04-01,2016-03-31,fiscal_year,allocation,MoRTH_Appendix3_CRIF,,2026-03-30,morth_annual_report_2025_26,https://morth.gov.in/backend/documents/uploaded/RTH%20Annual%20Report%20English.pdf,PDF p131; printed p129; Appendix3 FY2015-16 allocation,target,False,d0dd808600a8a2d0013b1fe4772d104f14dc18fc810c21a09a16aad01ea5624a,"Release is an administrative cash funding flow, not expenditure or physical achievement. Current release footnote explicitly till 31 December 2025. Allocation is a disclosed funding plan; original approval/vintage date undisclosed, excluded from arithmetic. State roads is broader than SH only.",CRIF State Roads,2016,crif_state_roads_allocation_inr_crore,2852.64,official_measured,official,,,,,,,,MoRTH_Appendix3_CRIF|State roads (multiple classes),,,,,,,,,2015-16,estimate,administrative_reported,d0dd808600a8a2d0013b1fe4772d104f14dc18fc810c21a09a16aad01ea5624a,,
crif_state_roads,CRIF State Roads,agency,MoRTH,All India,State roads (multiple classes),crif_state_roads_release_inr_crore,2369.47,INR crore,2369.47,INR crore,2015-04-01,2016-03-31,fiscal_year,actual,MoRTH_Appendix3_CRIF,2016-03-31,2026-03-30,morth_annual_report_2025_26,https://morth.gov.in/backend/documents/uploaded/RTH%20Annual%20Report%20English.pdf,PDF p131; printed p129; Appendix3 FY2015-16 release,official_measured,True,d0dd808600a8a2d0013b1fe4772d104f14dc18fc810c21a09a16aad01ea5624a,"Release is an administrative cash funding flow, not expenditure or physical achievement. Current release footnote explicitly till 31 December 2025. Allocation is a disclosed funding plan; original approval/vintage date undisclosed, excluded from arithmetic. State roads is broader than SH only.",CRIF State Roads,2016,crif_state_roads_release_inr_crore,2369.47,official_measured,official,,,,,,,,MoRTH_Appendix3_CRIF|State roads (multiple classes),,,,,,,,,2015-16,reported,administrative_reported,d0dd808600a8a2d0013b1fe4772d104f14dc18fc810c21a09a16aad01ea5624a,,
crif_state_roads,CRIF State Roads,agency,MoRTH,All India,State roads (multiple classes),crif_state_roads_allocation_inr_crore,7175.0,INR crore,7175.0,INR crore,2016-04-01,2017-03-31,fiscal_year,allocation,MoRTH_Appendix3_CRIF,,2026-03-30,morth_annual_report_2025_26,https://morth.gov.in/backend/documents/uploaded/RTH%20Annual%20Report%20English.pdf,PDF p131; printed p129; Appendix3 FY2016-17 allocation,target,False,d0dd808600a8a2d0013b1fe4772d104f14dc18fc810c21a09a16aad01ea5624a,"Release is an administrative cash funding flow, not expenditure or physical achievement. Current release footnote explicitly till 31 December 2025. Allocation is a disclosed funding plan; original approval/vintage date undisclosed, excluded from arithmetic. State roads is broader than SH only.",CRIF State Roads,2017,crif_state_roads_allocation_inr_crore,7175.0,official_measured,official,,,,,,,,MoRTH_Appendix3_CRIF|State roads (multiple classes),,,,,,,,,2016-17,estimate,administrative_reported,d0dd808600a8a2d0013b1fe4772d104f14dc18fc810c21a09a16aad01ea5624a,,
crif_state_roads,CRIF State Roads,agency,MoRTH,All India,State roads (multiple classes),crif_state_roads_release_inr_crore,5069.82,INR crore,5069.82,INR crore,2016-04-01,2017-03-31,fiscal_year,actual,MoRTH_Appendix3_CRIF,2017-03-31,2026-03-30,morth_annual_report_2025_26,https://morth.gov.in/backend/documents/uploaded/RTH%20Annual%20Report%20English.pdf,PDF p131; printed p129; Appendix3 FY2016-17 release,official_measured,True,d0dd808600a8a2d0013b1fe4772d104f14dc18fc810c21a09a16aad01ea5624a,"Release is an administrative cash funding flow, not expenditure or physical achievement. Current release footnote explicitly till 31 December 2025. Allocation is a disclosed funding plan; original approval/vintage date undisclosed, excluded from arithmetic. State roads is broader than SH only.",CRIF State Roads,2017,crif_state_roads_release_inr_crore,5069.82,official_measured,official,,,,,,,,MoRTH_Appendix3_CRIF|State roads (multiple classes),,,,,,,,,2016-17,reported,administrative_reported,d0dd808600a8a2d0013b1fe4772d104f14dc18fc810c21a09a16aad01ea5624a,,
crif_state_roads,CRIF State Roads,agency,MoRTH,All India,State roads (multiple classes),crif_state_roads_allocation_inr_crore,6744.07,INR crore,6744.07,INR crore,2017-04-01,2018-03-31,fiscal_year,allocation,MoRTH_Appendix3_CRIF,,2026-03-30,morth_annual_report_2025_26,https://morth.gov.in/backend/documents/uploaded/RTH%20Annual%20Report%20English.pdf,PDF p131; printed p129; Appendix3 FY2017-18 allocation,target,False,d0dd808600a8a2d0013b1fe4772d104f14dc18fc810c21a09a16aad01ea5624a,"Release is an administrative cash funding flow, not expenditure or physical achievement. Current release footnote explicitly till 31 December 2025. Allocation is a disclosed funding plan; original approval/vintage date undisclosed, excluded from arithmetic. State roads is broader than SH only.",CRIF State Roads,2018,crif_state_roads_allocation_inr_crore,6744.07,official_measured,official,,,,,,,,MoRTH_Appendix3_CRIF|State roads (multiple classes),,,,,,,,,2017-18,estimate,administrative_reported,d0dd808600a8a2d0013b1fe4772d104f14dc18fc810c21a09a16aad01ea5624a,,
crif_state_roads,CRIF State Roads,agency,MoRTH,All India,State roads (multiple classes),crif_state_roads_release_inr_crore,6367.11,INR crore,6367.11,INR crore,2017-04-01,2018-03-31,fiscal_year,actual,MoRTH_Appendix3_CRIF,2018-03-31,2026-03-30,morth_annual_report_2025_26,https://morth.gov.in/backend/documents/uploaded/RTH%20Annual%20Report%20English.pdf,PDF p131; printed p129; Appendix3 FY2017-18 release,official_measured,True,d0dd808600a8a2d0013b1fe4772d104f14dc18fc810c21a09a16aad01ea5624a,"Release is an administrative cash funding flow, not expenditure or physical achievement. Current release footnote explicitly till 31 December 2025. Allocation is a disclosed funding plan; original approval/vintage date undisclosed, excluded from arithmetic. State roads is broader than SH only.",CRIF State Roads,2018,crif_state_roads_release_inr_crore,6367.11,official_measured,official,,,,,,,,MoRTH_Appendix3_CRIF|State roads (multiple classes),,,,,,,,,2017-18,reported,administrative_reported,d0dd808600a8a2d0013b1fe4772d104f14dc18fc810c21a09a16aad01ea5624a,,
crif_state_roads,CRIF State Roads,agency,MoRTH,All India,State roads (multiple classes),crif_state_roads_allocation_inr_crore,6998.93,INR crore,6998.93,INR crore,2018-04-01,2019-03-31,fiscal_year,allocation,MoRTH_Appendix3_CRIF,,2026-03-30,morth_annual_report_2025_26,https://morth.gov.in/backend/documents/uploaded/RTH%20Annual%20Report%20English.pdf,PDF p131; printed p129; Appendix3 FY2018-19 allocation,target,False,d0dd808600a8a2d0013b1fe4772d104f14dc18fc810c21a09a16aad01ea5624a,"Release is an administrative cash funding flow, not expenditure or physical achievement. Current release footnote explicitly till 31 December 2025. Allocation is a disclosed funding plan; original approval/vintage date undisclosed, excluded from arithmetic. State roads is broader than SH only.",CRIF State Roads,2019,crif_state_roads_allocation_inr_crore,6998.93,official_measured,official,,,,,,,,MoRTH_Appendix3_CRIF|State roads (multiple classes),,,,,,,,,2018-19,estimate,administrative_reported,d0dd808600a8a2d0013b1fe4772d104f14dc18fc810c21a09a16aad01ea5624a,,
crif_state_roads,CRIF State Roads,agency,MoRTH,All India,State roads (multiple classes),crif_state_roads_release_inr_crore,6784.5,INR crore,6784.5,INR crore,2018-04-01,2019-03-31,fiscal_year,actual,MoRTH_Appendix3_CRIF,2019-03-31,2026-03-30,morth_annual_report_2025_26,https://morth.gov.in/backend/documents/uploaded/RTH%20Annual%20Report%20English.pdf,PDF p131; printed p129; Appendix3 FY2018-19 release,official_measured,True,d0dd808600a8a2d0013b1fe4772d104f14dc18fc810c21a09a16aad01ea5624a,"Release is an administrative cash funding flow, not expenditure or physical achievement. Current release footnote explicitly till 31 December 2025. Allocation is a disclosed funding plan; original approval/vintage date undisclosed, excluded from arithmetic. State roads is broader than SH only.",CRIF State Roads,2019,crif_state_roads_release_inr_crore,6784.5,official_measured,official,,,,,,,,MoRTH_Appendix3_CRIF|State roads (multiple classes),,,,,,,,,2018-19,reported,administrative_reported,d0dd808600a8a2d0013b1fe4772d104f14dc18fc810c21a09a16aad01ea5624a,,
crif_state_roads,CRIF State Roads,agency,MoRTH,All India,State roads (multiple classes),crif_state_roads_allocation_inr_crore,7421.58,INR crore,7421.58,INR crore,2019-04-01,2020-03-31,fiscal_year,allocation,MoRTH_Appendix3_CRIF,,2026-03-30,morth_annual_report_2025_26,https://morth.gov.in/backend/documents/uploaded/RTH%20Annual%20Report%20English.pdf,PDF p131; printed p129; Appendix3 FY2019-20 allocation,target,False,d0dd808600a8a2d0013b1fe4772d104f14dc18fc810c21a09a16aad01ea5624a,"Release is an administrative cash funding flow, not expenditure or physical achievement. Current release footnote explicitly till 31 December 2025. Allocation is a disclosed funding plan; original approval/vintage date undisclosed, excluded from arithmetic. State roads is broader than SH only.",CRIF State Roads,2020,crif_state_roads_allocation_inr_crore,7421.58,official_measured,official,,,,,,,,MoRTH_Appendix3_CRIF|State roads (multiple classes),,,,,,,,,2019-20,estimate,administrative_reported,d0dd808600a8a2d0013b1fe4772d104f14dc18fc810c21a09a16aad01ea5624a,,
crif_state_roads,CRIF State Roads,agency,MoRTH,All India,State roads (multiple classes),crif_state_roads_release_inr_crore,6868.66,INR crore,6868.66,INR crore,2019-04-01,2020-03-31,fiscal_year,actual,MoRTH_Appendix3_CRIF,2020-03-31,2026-03-30,morth_annual_report_2025_26,https://morth.gov.in/backend/documents/uploaded/RTH%20Annual%20Report%20English.pdf,PDF p131; printed p129; Appendix3 FY2019-20 release,official_measured,True,d0dd808600a8a2d0013b1fe4772d104f14dc18fc810c21a09a16aad01ea5624a,"Release is an administrative cash funding flow, not expenditure or physical achievement. Current release footnote explicitly till 31 December 2025. Allocation is a disclosed funding plan; original approval/vintage date undisclosed, excluded from arithmetic. State roads is broader than SH only.",CRIF State Roads,2020,crif_state_roads_release_inr_crore,6868.66,official_measured,official,,,,,,,,MoRTH_Appendix3_CRIF|State roads (multiple classes),,,,,,,,,2019-20,reported,administrative_reported,d0dd808600a8a2d0013b1fe4772d104f14dc18fc810c21a09a16aad01ea5624a,,
crif_state_roads,CRIF State Roads,agency,MoRTH,All India,State roads (multiple classes),crif_state_roads_allocation_inr_crore,6820.0,INR crore,6820.0,INR crore,2020-04-01,2021-03-31,fiscal_year,allocation,MoRTH_Appendix3_CRIF,,2026-03-30,morth_annual_report_2025_26,https://morth.gov.in/backend/documents/uploaded/RTH%20Annual%20Report%20English.pdf,PDF p131; printed p129; Appendix3 FY2020-21 allocation,target,False,d0dd808600a8a2d0013b1fe4772d104f14dc18fc810c21a09a16aad01ea5624a,"Release is an administrative cash funding flow, not expenditure or physical achievement. Current release footnote explicitly till 31 December 2025. Allocation is a disclosed funding plan; original approval/vintage date undisclosed, excluded from arithmetic. State roads is broader than SH only.",CRIF State Roads,2021,crif_state_roads_allocation_inr_crore,6820.0,official_measured,official,,,,,,,,MoRTH_Appendix3_CRIF|State roads (multiple classes),,,,,,,,,2020-21,estimate,administrative_reported,d0dd808600a8a2d0013b1fe4772d104f14dc18fc810c21a09a16aad01ea5624a,,
crif_state_roads,CRIF State Roads,agency,MoRTH,All India,State roads (multiple classes),crif_state_roads_release_inr_crore,6613.3,INR crore,6613.3,INR crore,2020-04-01,2021-03-31,fiscal_year,actual,MoRTH_Appendix3_CRIF,2021-03-31,2026-03-30,morth_annual_report_2025_26,https://morth.gov.in/backend/documents/uploaded/RTH%20Annual%20Report%20English.pdf,PDF p131; printed p129; Appendix3 FY2020-21 release,official_measured,True,d0dd808600a8a2d0013b1fe4772d104f14dc18fc810c21a09a16aad01ea5624a,"Release is an administrative cash funding flow, not expenditure or physical achievement. Current release footnote explicitly till 31 December 2025. Allocation is a disclosed funding plan; original approval/vintage date undisclosed, excluded from arithmetic. State roads is broader than SH only.",CRIF State Roads,2021,crif_state_roads_release_inr_crore,6613.3,official_measured,official,,,,,,,,MoRTH_Appendix3_CRIF|State roads (multiple classes),,,,,,,,,2020-21,reported,administrative_reported,d0dd808600a8a2d0013b1fe4772d104f14dc18fc810c21a09a16aad01ea5624a,,
crif_state_roads,CRIF State Roads,agency,MoRTH,All India,State roads (multiple classes),crif_state_roads_allocation_inr_crore,6945.22,INR crore,6945.22,INR crore,2021-04-01,2022-03-31,fiscal_year,allocation,MoRTH_Appendix3_CRIF,,2026-03-30,morth_annual_report_2025_26,https://morth.gov.in/backend/documents/uploaded/RTH%20Annual%20Report%20English.pdf,PDF p131; printed p129; Appendix3 FY2021-22 allocation,target,False,d0dd808600a8a2d0013b1fe4772d104f14dc18fc810c21a09a16aad01ea5624a,"Release is an administrative cash funding flow, not expenditure or physical achievement. Current release footnote explicitly till 31 December 2025. Allocation is a disclosed funding plan; original approval/vintage date undisclosed, excluded from arithmetic. State roads is broader than SH only.",CRIF State Roads,2022,crif_state_roads_allocation_inr_crore,6945.22,official_measured,official,,,,,,,,MoRTH_Appendix3_CRIF|State roads (multiple classes),,,,,,,,,2021-22,estimate,administrative_reported,d0dd808600a8a2d0013b1fe4772d104f14dc18fc810c21a09a16aad01ea5624a,,
crif_state_roads,CRIF State Roads,agency,MoRTH,All India,State roads (multiple classes),crif_state_roads_release_inr_crore,6926.58,INR crore,6926.58,INR crore,2021-04-01,2022-03-31,fiscal_year,actual,MoRTH_Appendix3_CRIF,2022-03-31,2026-03-30,morth_annual_report_2025_26,https://morth.gov.in/backend/documents/uploaded/RTH%20Annual%20Report%20English.pdf,PDF p131; printed p129; Appendix3 FY2021-22 release,official_measured,True,d0dd808600a8a2d0013b1fe4772d104f14dc18fc810c21a09a16aad01ea5624a,"Release is an administrative cash funding flow, not expenditure or physical achievement. Current release footnote explicitly till 31 December 2025. Allocation is a disclosed funding plan; original approval/vintage date undisclosed, excluded from arithmetic. State roads is broader than SH only.",CRIF State Roads,2022,crif_state_roads_release_inr_crore,6926.58,official_measured,official,,,,,,,,MoRTH_Appendix3_CRIF|State roads (multiple classes),,,,,,,,,2021-22,reported,administrative_reported,d0dd808600a8a2d0013b1fe4772d104f14dc18fc810c21a09a16aad01ea5624a,,
crif_state_roads,CRIF State Roads,agency,MoRTH,All India,State roads (multiple classes),crif_state_roads_allocation_inr_crore,7974.31,INR crore,7974.31,INR crore,2022-04-01,2023-03-31,fiscal_year,allocation,MoRTH_Appendix3_CRIF,,2026-03-30,morth_annual_report_2025_26,https://morth.gov.in/backend/documents/uploaded/RTH%20Annual%20Report%20English.pdf,PDF p131; printed p129; Appendix3 FY2022-23 allocation,target,False,d0dd808600a8a2d0013b1fe4772d104f14dc18fc810c21a09a16aad01ea5624a,"Release is an administrative cash funding flow, not expenditure or physical achievement. Current release footnote explicitly till 31 December 2025. Allocation is a disclosed funding plan; original approval/vintage date undisclosed, excluded from arithmetic. State roads is broader than SH only.",CRIF State Roads,2023,crif_state_roads_allocation_inr_crore,7974.31,official_measured,official,,,,,,,,MoRTH_Appendix3_CRIF|State roads (multiple classes),,,,,,,,,2022-23,estimate,administrative_reported,d0dd808600a8a2d0013b1fe4772d104f14dc18fc810c21a09a16aad01ea5624a,,
crif_state_roads,CRIF State Roads,agency,MoRTH,All India,State roads (multiple classes),crif_state_roads_release_inr_crore,7551.98,INR crore,7551.98,INR crore,2022-04-01,2023-03-31,fiscal_year,actual,MoRTH_Appendix3_CRIF,2023-03-31,2026-03-30,morth_annual_report_2025_26,https://morth.gov.in/backend/documents/uploaded/RTH%20Annual%20Report%20English.pdf,PDF p131; printed p129; Appendix3 FY2022-23 release,official_measured,True,d0dd808600a8a2d0013b1fe4772d104f14dc18fc810c21a09a16aad01ea5624a,"Release is an administrative cash funding flow, not expenditure or physical achievement. Current release footnote explicitly till 31 December 2025. Allocation is a disclosed funding plan; original approval/vintage date undisclosed, excluded from arithmetic. State roads is broader than SH only.",CRIF State Roads,2023,crif_state_roads_release_inr_crore,7551.98,official_measured,official,,,,,,,,MoRTH_Appendix3_CRIF|State roads (multiple classes),,,,,,,,,2022-23,reported,administrative_reported,d0dd808600a8a2d0013b1fe4772d104f14dc18fc810c21a09a16aad01ea5624a,,
crif_state_roads,CRIF State Roads,agency,MoRTH,All India,State roads (multiple classes),crif_state_roads_allocation_inr_crore,8835.8,INR crore,8835.8,INR crore,2023-04-01,2024-03-31,fiscal_year,allocation,MoRTH_Appendix3_CRIF,,2026-03-30,morth_annual_report_2025_26,https://morth.gov.in/backend/documents/uploaded/RTH%20Annual%20Report%20English.pdf,PDF p131; printed p129; Appendix3 FY2023-24 allocation,target,False,d0dd808600a8a2d0013b1fe4772d104f14dc18fc810c21a09a16aad01ea5624a,"Release is an administrative cash funding flow, not expenditure or physical achievement. Current release footnote explicitly till 31 December 2025. Allocation is a disclosed funding plan; original approval/vintage date undisclosed, excluded from arithmetic. State roads is broader than SH only.",CRIF State Roads,2024,crif_state_roads_allocation_inr_crore,8835.8,official_measured,official,,,,,,,,MoRTH_Appendix3_CRIF|State roads (multiple classes),,,,,,,,,2023-24,estimate,administrative_reported,d0dd808600a8a2d0013b1fe4772d104f14dc18fc810c21a09a16aad01ea5624a,,
crif_state_roads,CRIF State Roads,agency,MoRTH,All India,State roads (multiple classes),crif_state_roads_release_inr_crore,8646.23,INR crore,8646.23,INR crore,2023-04-01,2024-03-31,fiscal_year,actual,MoRTH_Appendix3_CRIF,2024-03-31,2026-03-30,morth_annual_report_2025_26,https://morth.gov.in/backend/documents/uploaded/RTH%20Annual%20Report%20English.pdf,PDF p131; printed p129; Appendix3 FY2023-24 release,official_measured,True,d0dd808600a8a2d0013b1fe4772d104f14dc18fc810c21a09a16aad01ea5624a,"Release is an administrative cash funding flow, not expenditure or physical achievement. Current release footnote explicitly till 31 December 2025. Allocation is a disclosed funding plan; original approval/vintage date undisclosed, excluded from arithmetic. State roads is broader than SH only.",CRIF State Roads,2024,crif_state_roads_release_inr_crore,8646.23,official_measured,official,,,,,,,,MoRTH_Appendix3_CRIF|State roads (multiple classes),,,,,,,,,2023-24,reported,administrative_reported,d0dd808600a8a2d0013b1fe4772d104f14dc18fc810c21a09a16aad01ea5624a,,
crif_state_roads,CRIF State Roads,agency,MoRTH,All India,State roads (multiple classes),crif_state_roads_allocation_inr_crore,8799.6,INR crore,8799.6,INR crore,2024-04-01,2025-03-31,fiscal_year,allocation,MoRTH_Appendix3_CRIF,,2026-03-30,morth_annual_report_2025_26,https://morth.gov.in/backend/documents/uploaded/RTH%20Annual%20Report%20English.pdf,PDF p131; printed p129; Appendix3 FY2024-25 allocation,target,False,d0dd808600a8a2d0013b1fe4772d104f14dc18fc810c21a09a16aad01ea5624a,"Release is an administrative cash funding flow, not expenditure or physical achievement. Current release footnote explicitly till 31 December 2025. Allocation is a disclosed funding plan; original approval/vintage date undisclosed, excluded from arithmetic. State roads is broader than SH only.",CRIF State Roads,2025,crif_state_roads_allocation_inr_crore,8799.6,official_measured,official,,,,,,,,MoRTH_Appendix3_CRIF|State roads (multiple classes),,,,,,,,,2024-25,estimate,administrative_reported,d0dd808600a8a2d0013b1fe4772d104f14dc18fc810c21a09a16aad01ea5624a,,
crif_state_roads,CRIF State Roads,agency,MoRTH,All India,State roads (multiple classes),crif_state_roads_release_inr_crore,8743.44,INR crore,8743.44,INR crore,2024-04-01,2025-03-31,fiscal_year,actual,MoRTH_Appendix3_CRIF,2025-03-31,2026-03-30,morth_annual_report_2025_26,https://morth.gov.in/backend/documents/uploaded/RTH%20Annual%20Report%20English.pdf,PDF p131; printed p129; Appendix3 FY2024-25 release,official_measured,True,d0dd808600a8a2d0013b1fe4772d104f14dc18fc810c21a09a16aad01ea5624a,"Release is an administrative cash funding flow, not expenditure or physical achievement. Current release footnote explicitly till 31 December 2025. Allocation is a disclosed funding plan; original approval/vintage date undisclosed, excluded from arithmetic. State roads is broader than SH only.",CRIF State Roads,2025,crif_state_roads_release_inr_crore,8743.44,official_measured,official,,,,,,,,MoRTH_Appendix3_CRIF|State roads (multiple classes),,,,,,,,,2024-25,reported,administrative_reported,d0dd808600a8a2d0013b1fe4772d104f14dc18fc810c21a09a16aad01ea5624a,,
crif_state_roads,CRIF State Roads,agency,MoRTH,All India,State roads (multiple classes),crif_state_roads_allocation_inr_crore,9933.01,INR crore,9933.01,INR crore,2025-04-01,2026-03-31,fiscal_year,allocation,MoRTH_Appendix3_CRIF,,2026-03-30,morth_annual_report_2025_26,https://morth.gov.in/backend/documents/uploaded/RTH%20Annual%20Report%20English.pdf,PDF p131; printed p129; Appendix3 FY2025-26 allocation,target,False,d0dd808600a8a2d0013b1fe4772d104f14dc18fc810c21a09a16aad01ea5624a,"Release is an administrative cash funding flow, not expenditure or physical achievement. Current release footnote explicitly till 31 December 2025. Allocation is a disclosed funding plan; original approval/vintage date undisclosed, excluded from arithmetic. State roads is broader than SH only.",CRIF State Roads,2026,crif_state_roads_allocation_inr_crore,9933.01,official_measured,official,,,,,,,,MoRTH_Appendix3_CRIF|State roads (multiple classes),,,,,,,,,2025-26,estimate,administrative_reported,d0dd808600a8a2d0013b1fe4772d104f14dc18fc810c21a09a16aad01ea5624a,,
crif_state_roads,CRIF State Roads,agency,MoRTH,All India,State roads (multiple classes),crif_state_roads_release_inr_crore,6971.18,INR crore,6971.18,INR crore,2025-04-01,2025-12-31,fiscal_year,YTD,MoRTH_Appendix3_CRIF,2025-12-31,2026-03-30,morth_annual_report_2025_26,https://morth.gov.in/backend/documents/uploaded/RTH%20Annual%20Report%20English.pdf,PDF p131; printed p129; Appendix3 FY2025-26 release,official_measured,True,d0dd808600a8a2d0013b1fe4772d104f14dc18fc810c21a09a16aad01ea5624a,"Release is an administrative cash funding flow, not expenditure or physical achievement. Current release footnote explicitly till 31 December 2025. Allocation is a disclosed funding plan; original approval/vintage date undisclosed, excluded from arithmetic. State roads is broader than SH only.",CRIF State Roads,2025,crif_state_roads_release_inr_crore,6971.18,official_measured,official,,,,,,,,MoRTH_Appendix3_CRIF|State roads (multiple classes),,,,,,,,,2025-26,reported,administrative_reported,d0dd808600a8a2d0013b1fe4772d104f14dc18fc810c21a09a16aad01ea5624a,,
permit_andhra_pradesh,Andhra Pradesh,state_ut,MoRTH,Andhra Pradesh,All road transport,national_permit_fee_disbursement_inr_crore,65.36044799999999,INR crore,653604480.0,INR,2025-04-01,2025-12-31,fiscal_year,YTD,MoRTH_Appendix5_National_Permit_fee,2025-12-31,2026-03-30,morth_annual_report_2025_26,https://morth.gov.in/backend/documents/uploaded/RTH%20Annual%20Report%20English.pdf,PDF p133; printed p131; Appendix5 Andhra Pradesh,official_measured,True,d0dd808600a8a2d0013b1fe4772d104f14dc18fc810c21a09a16aad01ea5624a,"Original Rs. in Actual means absolute INR, multiplied by 0.0000001 to crore. State-wise National Permit fee disbursement; neither gross toll collections nor highway expenditure.33 state cells reconcile to INR18,723,045,000.",Andhra Pradesh,2025,national_permit_fee_disbursement_inr_crore,65.36044799999999,official_measured,official,,,,,,,,MoRTH_Appendix5_National_Permit_fee|All road transport,,,,,,,,,,reported,administrative_reported,d0dd808600a8a2d0013b1fe4772d104f14dc18fc810c21a09a16aad01ea5624a,,
permit_arunachal_pradesh,Arunachal Pradesh,state_ut,MoRTH,Arunachal Pradesh,All road transport,national_permit_fee_disbursement_inr_crore,0.11347299999999999,INR crore,1134730.0,INR,2025-04-01,2025-12-31,fiscal_year,YTD,MoRTH_Appendix5_National_Permit_fee,2025-12-31,2026-03-30,morth_annual_report_2025_26,https://morth.gov.in/backend/documents/uploaded/RTH%20Annual%20Report%20English.pdf,PDF p133; printed p131; Appendix5 Arunachal Pradesh,official_measured,True,d0dd808600a8a2d0013b1fe4772d104f14dc18fc810c21a09a16aad01ea5624a,"Original Rs. in Actual means absolute INR, multiplied by 0.0000001 to crore. State-wise National Permit fee disbursement; neither gross toll collections nor highway expenditure.33 state cells reconcile to INR18,723,045,000.",Arunachal Pradesh,2025,national_permit_fee_disbursement_inr_crore,0.11347299999999999,official_measured,official,,,,,,,,MoRTH_Appendix5_National_Permit_fee|All road transport,,,,,,,,,,reported,administrative_reported,d0dd808600a8a2d0013b1fe4772d104f14dc18fc810c21a09a16aad01ea5624a,,
permit_assam,Assam,state_ut,MoRTH,Assam,All road transport,national_permit_fee_disbursement_inr_crore,25.304479,INR crore,253044790.0,INR,2025-04-01,2025-12-31,fiscal_year,YTD,MoRTH_Appendix5_National_Permit_fee,2025-12-31,2026-03-30,morth_annual_report_2025_26,https://morth.gov.in/backend/documents/uploaded/RTH%20Annual%20Report%20English.pdf,PDF p133; printed p131; Appendix5 Assam,official_measured,True,d0dd808600a8a2d0013b1fe4772d104f14dc18fc810c21a09a16aad01ea5624a,"Original Rs. in Actual means absolute INR, multiplied by 0.0000001 to crore. State-wise National Permit fee disbursement; neither gross toll collections nor highway expenditure.33 state cells reconcile to INR18,723,045,000.",Assam,2025,national_permit_fee_disbursement_inr_crore,25.304479,official_measured,official,,,,,,,,MoRTH_Appendix5_National_Permit_fee|All road transport,,,,,,,,,,reported,administrative_reported,d0dd808600a8a2d0013b1fe4772d104f14dc18fc810c21a09a16aad01ea5624a,,
permit_bihar,Bihar,state_ut,MoRTH,Bihar,All road transport,national_permit_fee_disbursement_inr_crore,82.38139799999999,INR crore,823813980.0,INR,2025-04-01,2025-12-31,fiscal_year,YTD,MoRTH_Appendix5_National_Permit_fee,2025-12-31,2026-03-30,morth_annual_report_2025_26,https://morth.gov.in/backend/documents/uploaded/RTH%20Annual%20Report%20English.pdf,PDF p133; printed p131; Appendix5 Bihar,official_measured,True,d0dd808600a8a2d0013b1fe4772d104f14dc18fc810c21a09a16aad01ea5624a,"Original Rs. in Actual means absolute INR, multiplied by 0.0000001 to crore. State-wise National Permit fee disbursement; neither gross toll collections nor highway expenditure.33 state cells reconcile to INR18,723,045,000.",Bihar,2025,national_permit_fee_disbursement_inr_crore,82.38139799999999,official_measured,official,,,,,,,,MoRTH_Appendix5_National_Permit_fee|All road transport,,,,,,,,,,reported,administrative_reported,d0dd808600a8a2d0013b1fe4772d104f14dc18fc810c21a09a16aad01ea5624a,,
permit_chandigarh,Chandigarh,state_ut,MoRTH,Chandigarh,All road transport,national_permit_fee_disbursement_inr_crore,23.035019,INR crore,230350190.0,INR,2025-04-01,2025-12-31,fiscal_year,YTD,MoRTH_Appendix5_National_Permit_fee,2025-12-31,2026-03-30,morth_annual_report_2025_26,https://morth.gov.in/backend/documents/uploaded/RTH%20Annual%20Report%20English.pdf,PDF p133; printed p131; Appendix5 Chandigarh,official_measured,True,d0dd808600a8a2d0013b1fe4772d104f14dc18fc810c21a09a16aad01ea5624a,"Original Rs. in Actual means absolute INR, multiplied by 0.0000001 to crore. State-wise National Permit fee disbursement; neither gross toll collections nor highway expenditure.33 state cells reconcile to INR18,723,045,000.",Chandigarh,2025,national_permit_fee_disbursement_inr_crore,23.035019,official_measured,official,,,,,,,,MoRTH_Appendix5_National_Permit_fee|All road transport,,,,,,,,,,reported,administrative_reported,d0dd808600a8a2d0013b1fe4772d104f14dc18fc810c21a09a16aad01ea5624a,,
permit_chhattisgarh,Chhattisgarh,state_ut,MoRTH,Chhattisgarh,All road transport,national_permit_fee_disbursement_inr_crore,32.339805,INR crore,323398050.0,INR,2025-04-01,2025-12-31,fiscal_year,YTD,MoRTH_Appendix5_National_Permit_fee,2025-12-31,2026-03-30,morth_annual_report_2025_26,https://morth.gov.in/backend/documents/uploaded/RTH%20Annual%20Report%20English.pdf,PDF p133; printed p131; Appendix5 Chhattisgarh,official_measured,True,d0dd808600a8a2d0013b1fe4772d104f14dc18fc810c21a09a16aad01ea5624a,"Original Rs. in Actual means absolute INR, multiplied by 0.0000001 to crore. State-wise National Permit fee disbursement; neither gross toll collections nor highway expenditure.33 state cells reconcile to INR18,723,045,000.",Chhattisgarh,2025,national_permit_fee_disbursement_inr_crore,32.339805,official_measured,official,,,,,,,,MoRTH_Appendix5_National_Permit_fee|All road transport,,,,,,,,,,reported,administrative_reported,d0dd808600a8a2d0013b1fe4772d104f14dc18fc810c21a09a16aad01ea5624a,,
permit_dadra_and_nagar_haveli_and_daman_and_diu,Dadra and Nagar Haveli and Daman and Diu,state_ut,MoRTH,Dadra and Nagar Haveli and Daman and Diu,All road transport,national_permit_fee_disbursement_inr_crore,16.680531,INR crore,166805310.0,INR,2025-04-01,2025-12-31,fiscal_year,YTD,MoRTH_Appendix5_National_Permit_fee,2025-12-31,2026-03-30,morth_annual_report_2025_26,https://morth.gov.in/backend/documents/uploaded/RTH%20Annual%20Report%20English.pdf,PDF p133; printed p131; Appendix5 Dadra and Nagar Haveli and Daman and Diu,official_measured,True,d0dd808600a8a2d0013b1fe4772d104f14dc18fc810c21a09a16aad01ea5624a,"Original Rs. in Actual means absolute INR, multiplied by 0.0000001 to crore. State-wise National Permit fee disbursement; neither gross toll collections nor highway expenditure.33 state cells reconcile to INR18,723,045,000.",Dadra and Nagar Haveli and Daman and Diu,2025,national_permit_fee_disbursement_inr_crore,16.680531,official_measured,official,,,,,,,,MoRTH_Appendix5_National_Permit_fee|All road transport,,,,,,,,,,reported,administrative_reported,d0dd808600a8a2d0013b1fe4772d104f14dc18fc810c21a09a16aad01ea5624a,,
permit_delhi,Delhi,state_ut,MoRTH,Delhi,All road transport,national_permit_fee_disbursement_inr_crore,75.68649099999999,INR crore,756864910.0,INR,2025-04-01,2025-12-31,fiscal_year,YTD,MoRTH_Appendix5_National_Permit_fee,2025-12-31,2026-03-30,morth_annual_report_2025_26,https://morth.gov.in/backend/documents/uploaded/RTH%20Annual%20Report%20English.pdf,PDF p133; printed p131; Appendix5 Delhi,official_measured,True,d0dd808600a8a2d0013b1fe4772d104f14dc18fc810c21a09a16aad01ea5624a,"Original Rs. in Actual means absolute INR, multiplied by 0.0000001 to crore. State-wise National Permit fee disbursement; neither gross toll collections nor highway expenditure.33 state cells reconcile to INR18,723,045,000.",Delhi,2025,national_permit_fee_disbursement_inr_crore,75.68649099999999,official_measured,official,,,,,,,,MoRTH_Appendix5_National_Permit_fee|All road transport,,,,,,,,,,reported,administrative_reported,d0dd808600a8a2d0013b1fe4772d104f14dc18fc810c21a09a16aad01ea5624a,,
permit_goa,Goa,state_ut,MoRTH,Goa,All road transport,national_permit_fee_disbursement_inr_crore,11.574245999999999,INR crore,115742460.0,INR,2025-04-01,2025-12-31,fiscal_year,YTD,MoRTH_Appendix5_National_Permit_fee,2025-12-31,2026-03-30,morth_annual_report_2025_26,https://morth.gov.in/backend/documents/uploaded/RTH%20Annual%20Report%20English.pdf,PDF p133; printed p131; Appendix5 Goa,official_measured,True,d0dd808600a8a2d0013b1fe4772d104f14dc18fc810c21a09a16aad01ea5624a,"Original Rs. in Actual means absolute INR, multiplied by 0.0000001 to crore. State-wise National Permit fee disbursement; neither gross toll collections nor highway expenditure.33 state cells reconcile to INR18,723,045,000.",Goa,2025,national_permit_fee_disbursement_inr_crore,11.574245999999999,official_measured,official,,,,,,,,MoRTH_Appendix5_National_Permit_fee|All road transport,,,,,,,,,,reported,administrative_reported,d0dd808600a8a2d0013b1fe4772d104f14dc18fc810c21a09a16aad01ea5624a,,
permit_gujarat,Gujarat,state_ut,MoRTH,Gujarat,All road transport,national_permit_fee_disbursement_inr_crore,114.26731099999999,INR crore,1142673110.0,INR,2025-04-01,2025-12-31,fiscal_year,YTD,MoRTH_Appendix5_National_Permit_fee,2025-12-31,2026-03-30,morth_annual_report_2025_26,https://morth.gov.in/backend/documents/uploaded/RTH%20Annual%20Report%20English.pdf,PDF p133; printed p131; Appendix5 Gujarat,official_measured,True,d0dd808600a8a2d0013b1fe4772d104f14dc18fc810c21a09a16aad01ea5624a,"Original Rs. in Actual means absolute INR, multiplied by 0.0000001 to crore. State-wise National Permit fee disbursement; neither gross toll collections nor highway expenditure.33 state cells reconcile to INR18,723,045,000.",Gujarat,2025,national_permit_fee_disbursement_inr_crore,114.26731099999999,official_measured,official,,,,,,,,MoRTH_Appendix5_National_Permit_fee|All road transport,,,,,,,,,,reported,administrative_reported,d0dd808600a8a2d0013b1fe4772d104f14dc18fc810c21a09a16aad01ea5624a,,
permit_haryana,Haryana,state_ut,MoRTH,Haryana,All road transport,national_permit_fee_disbursement_inr_crore,89.870616,INR crore,898706160.0,INR,2025-04-01,2025-12-31,fiscal_year,YTD,MoRTH_Appendix5_National_Permit_fee,2025-12-31,2026-03-30,morth_annual_report_2025_26,https://morth.gov.in/backend/documents/uploaded/RTH%20Annual%20Report%20English.pdf,PDF p133; printed p131; Appendix5 Haryana,official_measured,True,d0dd808600a8a2d0013b1fe4772d104f14dc18fc810c21a09a16aad01ea5624a,"Original Rs. in Actual means absolute INR, multiplied by 0.0000001 to crore. State-wise National Permit fee disbursement; neither gross toll collections nor highway expenditure.33 state cells reconcile to INR18,723,045,000.",Haryana,2025,national_permit_fee_disbursement_inr_crore,89.870616,official_measured,official,,,,,,,,MoRTH_Appendix5_National_Permit_fee|All road transport,,,,,,,,,,reported,administrative_reported,d0dd808600a8a2d0013b1fe4772d104f14dc18fc810c21a09a16aad01ea5624a,,
permit_himachal_pradesh,Himachal Pradesh,state_ut,MoRTH,Himachal Pradesh,All road transport,national_permit_fee_disbursement_inr_crore,33.588007999999995,INR crore,335880080.0,INR,2025-04-01,2025-12-31,fiscal_year,YTD,MoRTH_Appendix5_National_Permit_fee,2025-12-31,2026-03-30,morth_annual_report_2025_26,https://morth.gov.in/backend/documents/uploaded/RTH%20Annual%20Report%20English.pdf,PDF p133; printed p131; Appendix5 Himachal Pradesh,official_measured,True,d0dd808600a8a2d0013b1fe4772d104f14dc18fc810c21a09a16aad01ea5624a,"Original Rs. in Actual means absolute INR, multiplied by 0.0000001 to crore. State-wise National Permit fee disbursement; neither gross toll collections nor highway expenditure.33 state cells reconcile to INR18,723,045,000.",Himachal Pradesh,2025,national_permit_fee_disbursement_inr_crore,33.588007999999995,official_measured,official,,,,,,,,MoRTH_Appendix5_National_Permit_fee|All road transport,,,,,,,,,,reported,administrative_reported,d0dd808600a8a2d0013b1fe4772d104f14dc18fc810c21a09a16aad01ea5624a,,
permit_jammu_kashmir,Jammu & Kashmir,state_ut,MoRTH,Jammu & Kashmir,All road transport,national_permit_fee_disbursement_inr_crore,9.645204999999999,INR crore,96452050.0,INR,2025-04-01,2025-12-31,fiscal_year,YTD,MoRTH_Appendix5_National_Permit_fee,2025-12-31,2026-03-30,morth_annual_report_2025_26,https://morth.gov.in/backend/documents/uploaded/RTH%20Annual%20Report%20English.pdf,PDF p133; printed p131; Appendix5 Jammu & Kashmir,official_measured,True,d0dd808600a8a2d0013b1fe4772d104f14dc18fc810c21a09a16aad01ea5624a,"Original Rs. in Actual means absolute INR, multiplied by 0.0000001 to crore. State-wise National Permit fee disbursement; neither gross toll collections nor highway expenditure.33 state cells reconcile to INR18,723,045,000.",Jammu & Kashmir,2025,national_permit_fee_disbursement_inr_crore,9.645204999999999,official_measured,official,,,,,,,,MoRTH_Appendix5_National_Permit_fee|All road transport,,,,,,,,,,reported,administrative_reported,d0dd808600a8a2d0013b1fe4772d104f14dc18fc810c21a09a16aad01ea5624a,,
permit_jharkhand,Jharkhand,state_ut,MoRTH,Jharkhand,All road transport,national_permit_fee_disbursement_inr_crore,75.34607199999999,INR crore,753460720.0,INR,2025-04-01,2025-12-31,fiscal_year,YTD,MoRTH_Appendix5_National_Permit_fee,2025-12-31,2026-03-30,morth_annual_report_2025_26,https://morth.gov.in/backend/documents/uploaded/RTH%20Annual%20Report%20English.pdf,PDF p133; printed p131; Appendix5 Jharkhand,official_measured,True,d0dd808600a8a2d0013b1fe4772d104f14dc18fc810c21a09a16aad01ea5624a,"Original Rs. in Actual means absolute INR, multiplied by 0.0000001 to crore. State-wise National Permit fee disbursement; neither gross toll collections nor highway expenditure.33 state cells reconcile to INR18,723,045,000.",Jharkhand,2025,national_permit_fee_disbursement_inr_crore,75.34607199999999,official_measured,official,,,,,,,,MoRTH_Appendix5_National_Permit_fee|All road transport,,,,,,,,,,reported,administrative_reported,d0dd808600a8a2d0013b1fe4772d104f14dc18fc810c21a09a16aad01ea5624a,,
permit_karnataka,Karnataka,state_ut,MoRTH,Karnataka,All road transport,national_permit_fee_disbursement_inr_crore,146.039751,INR crore,1460397510.0,INR,2025-04-01,2025-12-31,fiscal_year,YTD,MoRTH_Appendix5_National_Permit_fee,2025-12-31,2026-03-30,morth_annual_report_2025_26,https://morth.gov.in/backend/documents/uploaded/RTH%20Annual%20Report%20English.pdf,PDF p133; printed p131; Appendix5 Karnataka,official_measured,True,d0dd808600a8a2d0013b1fe4772d104f14dc18fc810c21a09a16aad01ea5624a,"Original Rs. in Actual means absolute INR, multiplied by 0.0000001 to crore. State-wise National Permit fee disbursement; neither gross toll collections nor highway expenditure.33 state cells reconcile to INR18,723,045,000.",Karnataka,2025,national_permit_fee_disbursement_inr_crore,146.039751,official_measured,official,,,,,,,,MoRTH_Appendix5_National_Permit_fee|All road transport,,,,,,,,,,reported,administrative_reported,d0dd808600a8a2d0013b1fe4772d104f14dc18fc810c21a09a16aad01ea5624a,,
permit_kerala,Kerala,state_ut,MoRTH,Kerala,All road transport,national_permit_fee_disbursement_inr_crore,45.389199999999995,INR crore,453892000.0,INR,2025-04-01,2025-12-31,fiscal_year,YTD,MoRTH_Appendix5_National_Permit_fee,2025-12-31,2026-03-30,morth_annual_report_2025_26,https://morth.gov.in/backend/documents/uploaded/RTH%20Annual%20Report%20English.pdf,PDF p133; printed p131; Appendix5 Kerala,official_measured,True,d0dd808600a8a2d0013b1fe4772d104f14dc18fc810c21a09a16aad01ea5624a,"Original Rs. in Actual means absolute INR, multiplied by 0.0000001 to crore. State-wise National Permit fee disbursement; neither gross toll collections nor highway expenditure.33 state cells reconcile to INR18,723,045,000.",Kerala,2025,national_permit_fee_disbursement_inr_crore,45.389199999999995,official_measured,official,,,,,,,,MoRTH_Appendix5_National_Permit_fee|All road transport,,,,,,,,,,reported,administrative_reported,d0dd808600a8a2d0013b1fe4772d104f14dc18fc810c21a09a16aad01ea5624a,,
permit_madhya_pradesh,Madhya Pradesh,state_ut,MoRTH,Madhya Pradesh,All road transport,national_permit_fee_disbursement_inr_crore,178.15260999999998,INR crore,1781526100.0,INR,2025-04-01,2025-12-31,fiscal_year,YTD,MoRTH_Appendix5_National_Permit_fee,2025-12-31,2026-03-30,morth_annual_report_2025_26,https://morth.gov.in/backend/documents/uploaded/RTH%20Annual%20Report%20English.pdf,PDF p133; printed p131; Appendix5 Madhya Pradesh,official_measured,True,d0dd808600a8a2d0013b1fe4772d104f14dc18fc810c21a09a16aad01ea5624a,"Original Rs. in Actual means absolute INR, multiplied by 0.0000001 to crore. State-wise National Permit fee disbursement; neither gross toll collections nor highway expenditure.33 state cells reconcile to INR18,723,045,000.",Madhya Pradesh,2025,national_permit_fee_disbursement_inr_crore,178.15260999999998,official_measured,official,,,,,,,,MoRTH_Appendix5_National_Permit_fee|All road transport,,,,,,,,,,reported,administrative_reported,d0dd808600a8a2d0013b1fe4772d104f14dc18fc810c21a09a16aad01ea5624a,,
permit_maharashtra,Maharashtra,state_ut,MoRTH,Maharashtra,All road transport,national_permit_fee_disbursement_inr_crore,185.641828,INR crore,1856418280.0,INR,2025-04-01,2025-12-31,fiscal_year,YTD,MoRTH_Appendix5_National_Permit_fee,2025-12-31,2026-03-30,morth_annual_report_2025_26,https://morth.gov.in/backend/documents/uploaded/RTH%20Annual%20Report%20English.pdf,PDF p133; printed p131; Appendix5 Maharashtra,official_measured,True,d0dd808600a8a2d0013b1fe4772d104f14dc18fc810c21a09a16aad01ea5624a,"Original Rs. in Actual means absolute INR, multiplied by 0.0000001 to crore. State-wise National Permit fee disbursement; neither gross toll collections nor highway expenditure.33 state cells reconcile to INR18,723,045,000.",Maharashtra,2025,national_permit_fee_disbursement_inr_crore,185.641828,official_measured,official,,,,,,,,MoRTH_Appendix5_National_Permit_fee|All road transport,,,,,,,,,,reported,administrative_reported,d0dd808600a8a2d0013b1fe4772d104f14dc18fc810c21a09a16aad01ea5624a,,
permit_manipur,Manipur,state_ut,MoRTH,Manipur,All road transport,national_permit_fee_disbursement_inr_crore,0.22694599999999998,INR crore,2269460.0,INR,2025-04-01,2025-12-31,fiscal_year,YTD,MoRTH_Appendix5_National_Permit_fee,2025-12-31,2026-03-30,morth_annual_report_2025_26,https://morth.gov.in/backend/documents/uploaded/RTH%20Annual%20Report%20English.pdf,PDF p133; printed p131; Appendix5 Manipur,official_measured,True,d0dd808600a8a2d0013b1fe4772d104f14dc18fc810c21a09a16aad01ea5624a,"Original Rs. in Actual means absolute INR, multiplied by 0.0000001 to crore. State-wise National Permit fee disbursement; neither gross toll collections nor highway expenditure.33 state cells reconcile to INR18,723,045,000.",Manipur,2025,national_permit_fee_disbursement_inr_crore,0.22694599999999998,official_measured,official,,,,,,,,MoRTH_Appendix5_National_Permit_fee|All road transport,,,,,,,,,,reported,administrative_reported,d0dd808600a8a2d0013b1fe4772d104f14dc18fc810c21a09a16aad01ea5624a,,
permit_meghalaya,Meghalaya,state_ut,MoRTH,Meghalaya,All road transport,national_permit_fee_disbursement_inr_crore,2.0425139999999997,INR crore,20425140.0,INR,2025-04-01,2025-12-31,fiscal_year,YTD,MoRTH_Appendix5_National_Permit_fee,2025-12-31,2026-03-30,morth_annual_report_2025_26,https://morth.gov.in/backend/documents/uploaded/RTH%20Annual%20Report%20English.pdf,PDF p133; printed p131; Appendix5 Meghalaya,official_measured,True,d0dd808600a8a2d0013b1fe4772d104f14dc18fc810c21a09a16aad01ea5624a,"Original Rs. in Actual means absolute INR, multiplied by 0.0000001 to crore. State-wise National Permit fee disbursement; neither gross toll collections nor highway expenditure.33 state cells reconcile to INR18,723,045,000.",Meghalaya,2025,national_permit_fee_disbursement_inr_crore,2.0425139999999997,official_measured,official,,,,,,,,MoRTH_Appendix5_National_Permit_fee|All road transport,,,,,,,,,,reported,administrative_reported,d0dd808600a8a2d0013b1fe4772d104f14dc18fc810c21a09a16aad01ea5624a,,
permit_mizoram,Mizoram,state_ut,MoRTH,Mizoram,All road transport,national_permit_fee_disbursement_inr_crore,0.34041899999999997,INR crore,3404190.0,INR,2025-04-01,2025-12-31,fiscal_year,YTD,MoRTH_Appendix5_National_Permit_fee,2025-12-31,2026-03-30,morth_annual_report_2025_26,https://morth.gov.in/backend/documents/uploaded/RTH%20Annual%20Report%20English.pdf,PDF p133; printed p131; Appendix5 Mizoram,official_measured,True,d0dd808600a8a2d0013b1fe4772d104f14dc18fc810c21a09a16aad01ea5624a,"Original Rs. in Actual means absolute INR, multiplied by 0.0000001 to crore. State-wise National Permit fee disbursement; neither gross toll collections nor highway expenditure.33 state cells reconcile to INR18,723,045,000.",Mizoram,2025,national_permit_fee_disbursement_inr_crore,0.34041899999999997,official_measured,official,,,,,,,,MoRTH_Appendix5_National_Permit_fee|All road transport,,,,,,,,,,reported,administrative_reported,d0dd808600a8a2d0013b1fe4772d104f14dc18fc810c21a09a16aad01ea5624a,,
permit_nagaland,Nagaland,state_ut,MoRTH,Nagaland,All road transport,national_permit_fee_disbursement_inr_crore,1.588622,INR crore,15886220.0,INR,2025-04-01,2025-12-31,fiscal_year,YTD,MoRTH_Appendix5_National_Permit_fee,2025-12-31,2026-03-30,morth_annual_report_2025_26,https://morth.gov.in/backend/documents/uploaded/RTH%20Annual%20Report%20English.pdf,PDF p133; printed p131; Appendix5 Nagaland,official_measured,True,d0dd808600a8a2d0013b1fe4772d104f14dc18fc810c21a09a16aad01ea5624a,"Original Rs. in Actual means absolute INR, multiplied by 0.0000001 to crore. State-wise National Permit fee disbursement; neither gross toll collections nor highway expenditure.33 state cells reconcile to INR18,723,045,000.",Nagaland,2025,national_permit_fee_disbursement_inr_crore,1.588622,official_measured,official,,,,,,,,MoRTH_Appendix5_National_Permit_fee|All road transport,,,,,,,,,,reported,administrative_reported,d0dd808600a8a2d0013b1fe4772d104f14dc18fc810c21a09a16aad01ea5624a,,
permit_odisha,Odisha,state_ut,MoRTH,Odisha,All road transport,national_permit_fee_disbursement_inr_crore,54.126621,INR crore,541266210.0,INR,2025-04-01,2025-12-31,fiscal_year,YTD,MoRTH_Appendix5_National_Permit_fee,2025-12-31,2026-03-30,morth_annual_report_2025_26,https://morth.gov.in/backend/documents/uploaded/RTH%20Annual%20Report%20English.pdf,PDF p133; printed p131; Appendix5 Odisha,official_measured,True,d0dd808600a8a2d0013b1fe4772d104f14dc18fc810c21a09a16aad01ea5624a,"Original Rs. in Actual means absolute INR, multiplied by 0.0000001 to crore. State-wise National Permit fee disbursement; neither gross toll collections nor highway expenditure.33 state cells reconcile to INR18,723,045,000.",Odisha,2025,national_permit_fee_disbursement_inr_crore,54.126621,official_measured,official,,,,,,,,MoRTH_Appendix5_National_Permit_fee|All road transport,,,,,,,,,,reported,administrative_reported,d0dd808600a8a2d0013b1fe4772d104f14dc18fc810c21a09a16aad01ea5624a,,
permit_punjab,Punjab,state_ut,MoRTH,Punjab,All road transport,national_permit_fee_disbursement_inr_crore,62.864042,INR crore,628640420.0,INR,2025-04-01,2025-12-31,fiscal_year,YTD,MoRTH_Appendix5_National_Permit_fee,2025-12-31,2026-03-30,morth_annual_report_2025_26,https://morth.gov.in/backend/documents/uploaded/RTH%20Annual%20Report%20English.pdf,PDF p133; printed p131; Appendix5 Punjab,official_measured,True,d0dd808600a8a2d0013b1fe4772d104f14dc18fc810c21a09a16aad01ea5624a,"Original Rs. in Actual means absolute INR, multiplied by 0.0000001 to crore. State-wise National Permit fee disbursement; neither gross toll collections nor highway expenditure.33 state cells reconcile to INR18,723,045,000.",Punjab,2025,national_permit_fee_disbursement_inr_crore,62.864042,official_measured,official,,,,,,,,MoRTH_Appendix5_National_Permit_fee|All road transport,,,,,,,,,,reported,administrative_reported,d0dd808600a8a2d0013b1fe4772d104f14dc18fc810c21a09a16aad01ea5624a,,
permit_puducherry,Puducherry,state_ut,MoRTH,Puducherry,All road transport,national_permit_fee_disbursement_inr_crore,17.361369,INR crore,173613690.0,INR,2025-04-01,2025-12-31,fiscal_year,YTD,MoRTH_Appendix5_National_Permit_fee,2025-12-31,2026-03-30,morth_annual_report_2025_26,https://morth.gov.in/backend/documents/uploaded/RTH%20Annual%20Report%20English.pdf,PDF p133; printed p131; Appendix5 Puducherry,official_measured,True,d0dd808600a8a2d0013b1fe4772d104f14dc18fc810c21a09a16aad01ea5624a,"Original Rs. in Actual means absolute INR, multiplied by 0.0000001 to crore. State-wise National Permit fee disbursement; neither gross toll collections nor highway expenditure.33 state cells reconcile to INR18,723,045,000.",Puducherry,2025,national_permit_fee_disbursement_inr_crore,17.361369,official_measured,official,,,,,,,,MoRTH_Appendix5_National_Permit_fee|All road transport,,,,,,,,,,reported,administrative_reported,d0dd808600a8a2d0013b1fe4772d104f14dc18fc810c21a09a16aad01ea5624a,,
permit_rajasthan,Rajasthan,state_ut,MoRTH,Rajasthan,All road transport,national_permit_fee_disbursement_inr_crore,138.096641,INR crore,1380966410.0,INR,2025-04-01,2025-12-31,fiscal_year,YTD,MoRTH_Appendix5_National_Permit_fee,2025-12-31,2026-03-30,morth_annual_report_2025_26,https://morth.gov.in/backend/documents/uploaded/RTH%20Annual%20Report%20English.pdf,PDF p133; printed p131; Appendix5 Rajasthan,official_measured,True,d0dd808600a8a2d0013b1fe4772d104f14dc18fc810c21a09a16aad01ea5624a,"Original Rs. in Actual means absolute INR, multiplied by 0.0000001 to crore. State-wise National Permit fee disbursement; neither gross toll collections nor highway expenditure.33 state cells reconcile to INR18,723,045,000.",Rajasthan,2025,national_permit_fee_disbursement_inr_crore,138.096641,official_measured,official,,,,,,,,MoRTH_Appendix5_National_Permit_fee|All road transport,,,,,,,,,,reported,administrative_reported,d0dd808600a8a2d0013b1fe4772d104f14dc18fc810c21a09a16aad01ea5624a,,
permit_sikkim,Sikkim,state_ut,MoRTH,Sikkim,All road transport,national_permit_fee_disbursement_inr_crore,0.11347299999999999,INR crore,1134730.0,INR,2025-04-01,2025-12-31,fiscal_year,YTD,MoRTH_Appendix5_National_Permit_fee,2025-12-31,2026-03-30,morth_annual_report_2025_26,https://morth.gov.in/backend/documents/uploaded/RTH%20Annual%20Report%20English.pdf,PDF p133; printed p131; Appendix5 Sikkim,official_measured,True,d0dd808600a8a2d0013b1fe4772d104f14dc18fc810c21a09a16aad01ea5624a,"Original Rs. in Actual means absolute INR, multiplied by 0.0000001 to crore. State-wise National Permit fee disbursement; neither gross toll collections nor highway expenditure.33 state cells reconcile to INR18,723,045,000.",Sikkim,2025,national_permit_fee_disbursement_inr_crore,0.11347299999999999,official_measured,official,,,,,,,,MoRTH_Appendix5_National_Permit_fee|All road transport,,,,,,,,,,reported,administrative_reported,d0dd808600a8a2d0013b1fe4772d104f14dc18fc810c21a09a16aad01ea5624a,,
permit_tamil_nadu,Tamil Nadu,state_ut,MoRTH,Tamil Nadu,All road transport,national_permit_fee_disbursement_inr_crore,63.771826,INR crore,637718260.0,INR,2025-04-01,2025-12-31,fiscal_year,YTD,MoRTH_Appendix5_National_Permit_fee,2025-12-31,2026-03-30,morth_annual_report_2025_26,https://morth.gov.in/backend/documents/uploaded/RTH%20Annual%20Report%20English.pdf,PDF p133; printed p131; Appendix5 Tamil Nadu,official_measured,True,d0dd808600a8a2d0013b1fe4772d104f14dc18fc810c21a09a16aad01ea5624a,"Original Rs. in Actual means absolute INR, multiplied by 0.0000001 to crore. State-wise National Permit fee disbursement; neither gross toll collections nor highway expenditure.33 state cells reconcile to INR18,723,045,000.",Tamil Nadu,2025,national_permit_fee_disbursement_inr_crore,63.771826,official_measured,official,,,,,,,,MoRTH_Appendix5_National_Permit_fee|All road transport,,,,,,,,,,reported,administrative_reported,d0dd808600a8a2d0013b1fe4772d104f14dc18fc810c21a09a16aad01ea5624a,,
permit_telangana,Telangana,state_ut,MoRTH,Telangana,All road transport,national_permit_fee_disbursement_inr_crore,23.488910999999998,INR crore,234889110.0,INR,2025-04-01,2025-12-31,fiscal_year,YTD,MoRTH_Appendix5_National_Permit_fee,2025-12-31,2026-03-30,morth_annual_report_2025_26,https://morth.gov.in/backend/documents/uploaded/RTH%20Annual%20Report%20English.pdf,PDF p133; printed p131; Appendix5 Telangana,official_measured,True,d0dd808600a8a2d0013b1fe4772d104f14dc18fc810c21a09a16aad01ea5624a,"Original Rs. in Actual means absolute INR, multiplied by 0.0000001 to crore. State-wise National Permit fee disbursement; neither gross toll collections nor highway expenditure.33 state cells reconcile to INR18,723,045,000.",Telangana,2025,national_permit_fee_disbursement_inr_crore,23.488910999999998,official_measured,official,,,,,,,,MoRTH_Appendix5_National_Permit_fee|All road transport,,,,,,,,,,reported,administrative_reported,d0dd808600a8a2d0013b1fe4772d104f14dc18fc810c21a09a16aad01ea5624a,,
permit_tripura,Tripura,state_ut,MoRTH,Tripura,All road transport,national_permit_fee_disbursement_inr_crore,1.13473,INR crore,11347300.0,INR,2025-04-01,2025-12-31,fiscal_year,YTD,MoRTH_Appendix5_National_Permit_fee,2025-12-31,2026-03-30,morth_annual_report_2025_26,https://morth.gov.in/backend/documents/uploaded/RTH%20Annual%20Report%20English.pdf,PDF p133; printed p131; Appendix5 Tripura,official_measured,True,d0dd808600a8a2d0013b1fe4772d104f14dc18fc810c21a09a16aad01ea5624a,"Original Rs. in Actual means absolute INR, multiplied by 0.0000001 to crore. State-wise National Permit fee disbursement; neither gross toll collections nor highway expenditure.33 state cells reconcile to INR18,723,045,000.",Tripura,2025,national_permit_fee_disbursement_inr_crore,1.13473,official_measured,official,,,,,,,,MoRTH_Appendix5_National_Permit_fee|All road transport,,,,,,,,,,reported,administrative_reported,d0dd808600a8a2d0013b1fe4772d104f14dc18fc810c21a09a16aad01ea5624a,,
permit_uttarakhand,Uttarakhand,state_ut,MoRTH,Uttarakhand,All road transport,national_permit_fee_disbursement_inr_crore,45.389199999999995,INR crore,453892000.0,INR,2025-04-01,2025-12-31,fiscal_year,YTD,MoRTH_Appendix5_National_Permit_fee,2025-12-31,2026-03-30,morth_annual_report_2025_26,https://morth.gov.in/backend/documents/uploaded/RTH%20Annual%20Report%20English.pdf,PDF p133; printed p131; Appendix5 Uttarakhand,official_measured,True,d0dd808600a8a2d0013b1fe4772d104f14dc18fc810c21a09a16aad01ea5624a,"Original Rs. in Actual means absolute INR, multiplied by 0.0000001 to crore. State-wise National Permit fee disbursement; neither gross toll collections nor highway expenditure.33 state cells reconcile to INR18,723,045,000.",Uttarakhand,2025,national_permit_fee_disbursement_inr_crore,45.389199999999995,official_measured,official,,,,,,,,MoRTH_Appendix5_National_Permit_fee|All road transport,,,,,,,,,,reported,administrative_reported,d0dd808600a8a2d0013b1fe4772d104f14dc18fc810c21a09a16aad01ea5624a,,
permit_uttar_pradesh,Uttar Pradesh,state_ut,MoRTH,Uttar Pradesh,All road transport,national_permit_fee_disbursement_inr_crore,185.18793599999998,INR crore,1851879360.0,INR,2025-04-01,2025-12-31,fiscal_year,YTD,MoRTH_Appendix5_National_Permit_fee,2025-12-31,2026-03-30,morth_annual_report_2025_26,https://morth.gov.in/backend/documents/uploaded/RTH%20Annual%20Report%20English.pdf,PDF p133; printed p131; Appendix5 Uttar Pradesh,official_measured,True,d0dd808600a8a2d0013b1fe4772d104f14dc18fc810c21a09a16aad01ea5624a,"Original Rs. in Actual means absolute INR, multiplied by 0.0000001 to crore. State-wise National Permit fee disbursement; neither gross toll collections nor highway expenditure.33 state cells reconcile to INR18,723,045,000.",Uttar Pradesh,2025,national_permit_fee_disbursement_inr_crore,185.18793599999998,official_measured,official,,,,,,,,MoRTH_Appendix5_National_Permit_fee|All road transport,,,,,,,,,,reported,administrative_reported,d0dd808600a8a2d0013b1fe4772d104f14dc18fc810c21a09a16aad01ea5624a,,
permit_west_bengal,West Bengal,state_ut,MoRTH,West Bengal,All road transport,national_permit_fee_disbursement_inr_crore,66.154759,INR crore,661547590.0,INR,2025-04-01,2025-12-31,fiscal_year,YTD,MoRTH_Appendix5_National_Permit_fee,2025-12-31,2026-03-30,morth_annual_report_2025_26,https://morth.gov.in/backend/documents/uploaded/RTH%20Annual%20Report%20English.pdf,PDF p133; printed p131; Appendix5 West Bengal,official_measured,True,d0dd808600a8a2d0013b1fe4772d104f14dc18fc810c21a09a16aad01ea5624a,"Original Rs. in Actual means absolute INR, multiplied by 0.0000001 to crore. State-wise National Permit fee disbursement; neither gross toll collections nor highway expenditure.33 state cells reconcile to INR18,723,045,000.",West Bengal,2025,national_permit_fee_disbursement_inr_crore,66.154759,official_measured,official,,,,,,,,MoRTH_Appendix5_National_Permit_fee|All road transport,,,,,,,,,,reported,administrative_reported,d0dd808600a8a2d0013b1fe4772d104f14dc18fc810c21a09a16aad01ea5624a,,
permit_all_india,All India,published_total,MoRTH,All India,All road transport,national_permit_fee_disbursement_inr_crore,1872.3045,INR crore,18723045000.0,INR,2025-04-01,2025-12-31,fiscal_year,YTD,MoRTH_Appendix5_National_Permit_fee,2025-12-31,2026-03-30,morth_annual_report_2025_26,https://morth.gov.in/backend/documents/uploaded/RTH%20Annual%20Report%20English.pdf,PDF p133; printed p131; Appendix5 All India,official_measured,True,d0dd808600a8a2d0013b1fe4772d104f14dc18fc810c21a09a16aad01ea5624a,"Original Rs. in Actual means absolute INR, multiplied by 0.0000001 to crore. State-wise National Permit fee disbursement; neither gross toll collections nor highway expenditure.33 state cells reconcile to INR18,723,045,000.",All India,2025,national_permit_fee_disbursement_inr_crore,1872.3045,official_measured,official,,,,,,,,MoRTH_Appendix5_National_Permit_fee|All road transport,,,,,,,,,,reported,administrative_reported,d0dd808600a8a2d0013b1fe4772d104f14dc18fc810c21a09a16aad01ea5624a,,
morth_mh3451,MoRTH Secretariat,agency,MoRTH,All India,All road transport,major_head_expenditure_inr_crore,176.04,INR crore,176.04,INR crore,2025-04-01,2026-03-31,fiscal_year,BE,MoRTH_Appendix6_major_head_cash_accounts,,2026-03-30,morth_annual_report_2025_26,https://morth.gov.in/backend/documents/uploaded/RTH%20Annual%20Report%20English.pdf,"PDF p134; printed p132; Appendix6 Secretariat, BE",target,False,d0dd808600a8a2d0013b1fe4772d104f14dc18fc810c21a09a16aad01ea5624a,"Gross, recoveries, voted/charged and net rows are separate accounting views and must not be added. Negative recoveries retained. Explicit zero cells retained; NE expenditure shown through functional 5054 head. Detailed net capital YTD ₹228,952.36 crore differs from narrative overview ₹227,021 crore; no substitution. BE original vintage undisclosed in this report, so cutoff/vintage blank and arithmetic disabled.",MoRTH Secretariat,2026,major_head_expenditure_inr_crore,176.04,official_measured,official,,,,,,,,MoRTH_Appendix6_major_head_cash_accounts|All road transport,,,,,,,,,FY2025-26 BE,estimate,administrative_reported,d0dd808600a8a2d0013b1fe4772d104f14dc18fc810c21a09a16aad01ea5624a,,
morth_mh3451,MoRTH Secretariat,agency,MoRTH,All India,All road transport,major_head_expenditure_inr_crore,130.66,INR crore,130.66,INR crore,2025-04-01,2025-12-31,fiscal_year,YTD,MoRTH_Appendix6_major_head_cash_accounts,2025-12-31,2026-03-30,morth_annual_report_2025_26,https://morth.gov.in/backend/documents/uploaded/RTH%20Annual%20Report%20English.pdf,"PDF p134; printed p132; Appendix6 Secretariat, YTD",official_measured,True,d0dd808600a8a2d0013b1fe4772d104f14dc18fc810c21a09a16aad01ea5624a,"Gross, recoveries, voted/charged and net rows are separate accounting views and must not be added. Negative recoveries retained. Explicit zero cells retained; NE expenditure shown through functional 5054 head. Detailed net capital YTD ₹228,952.36 crore differs from narrative overview ₹227,021 crore; no substitution. BE original vintage undisclosed in this report, so cutoff/vintage blank and arithmetic disabled.",MoRTH Secretariat,2025,major_head_expenditure_inr_crore,130.66,official_measured,official,,,,,,,,MoRTH_Appendix6_major_head_cash_accounts|All road transport,,,,,,,,,FY2025-26 through December 2025,reported,administrative_reported,d0dd808600a8a2d0013b1fe4772d104f14dc18fc810c21a09a16aad01ea5624a,,
morth_mh3054,MoRTH Roads and Bridges,agency,MoRTH,All India,All roads (ministry accounts),major_head_expenditure_inr_crore,9628.0,INR crore,9628.0,INR crore,2025-04-01,2026-03-31,fiscal_year,BE,MoRTH_Appendix6_major_head_cash_accounts,,2026-03-30,morth_annual_report_2025_26,https://morth.gov.in/backend/documents/uploaded/RTH%20Annual%20Report%20English.pdf,"PDF p134; printed p132; Appendix6 Roads and Bridges, BE",target,False,d0dd808600a8a2d0013b1fe4772d104f14dc18fc810c21a09a16aad01ea5624a,"Gross, recoveries, voted/charged and net rows are separate accounting views and must not be added. Negative recoveries retained. Explicit zero cells retained; NE expenditure shown through functional 5054 head. Detailed net capital YTD ₹228,952.36 crore differs from narrative overview ₹227,021 crore; no substitution. BE original vintage undisclosed in this report, so cutoff/vintage blank and arithmetic disabled.",MoRTH Roads and Bridges,2026,major_head_expenditure_inr_crore,9628.0,official_measured,official,,,,,,,,MoRTH_Appendix6_major_head_cash_accounts|All roads (ministry accounts),,,,,,,,,FY2025-26 BE,estimate,administrative_reported,d0dd808600a8a2d0013b1fe4772d104f14dc18fc810c21a09a16aad01ea5624a,,
morth_mh3054,MoRTH Roads and Bridges,agency,MoRTH,All India,All roads (ministry accounts),major_head_expenditure_inr_crore,8459.81,INR crore,8459.81,INR crore,2025-04-01,2025-12-31,fiscal_year,YTD,MoRTH_Appendix6_major_head_cash_accounts,2025-12-31,2026-03-30,morth_annual_report_2025_26,https://morth.gov.in/backend/documents/uploaded/RTH%20Annual%20Report%20English.pdf,"PDF p134; printed p132; Appendix6 Roads and Bridges, YTD",official_measured,True,d0dd808600a8a2d0013b1fe4772d104f14dc18fc810c21a09a16aad01ea5624a,"Gross, recoveries, voted/charged and net rows are separate accounting views and must not be added. Negative recoveries retained. Explicit zero cells retained; NE expenditure shown through functional 5054 head. Detailed net capital YTD ₹228,952.36 crore differs from narrative overview ₹227,021 crore; no substitution. BE original vintage undisclosed in this report, so cutoff/vintage blank and arithmetic disabled.",MoRTH Roads and Bridges,2025,major_head_expenditure_inr_crore,8459.81,official_measured,official,,,,,,,,MoRTH_Appendix6_major_head_cash_accounts|All roads (ministry accounts),,,,,,,,,FY2025-26 through December 2025,reported,administrative_reported,d0dd808600a8a2d0013b1fe4772d104f14dc18fc810c21a09a16aad01ea5624a,,
morth_mh3055,MoRTH Road Transport,agency,MoRTH,All India,All road transport,major_head_expenditure_inr_crore,1170.04,INR crore,1170.04,INR crore,2025-04-01,2026-03-31,fiscal_year,BE,MoRTH_Appendix6_major_head_cash_accounts,,2026-03-30,morth_annual_report_2025_26,https://morth.gov.in/backend/documents/uploaded/RTH%20Annual%20Report%20English.pdf,"PDF p134; printed p132; Appendix6 Road Transport, BE",target,False,d0dd808600a8a2d0013b1fe4772d104f14dc18fc810c21a09a16aad01ea5624a,"Gross, recoveries, voted/charged and net rows are separate accounting views and must not be added. Negative recoveries retained. Explicit zero cells retained; NE expenditure shown through functional 5054 head. Detailed net capital YTD ₹228,952.36 crore differs from narrative overview ₹227,021 crore; no substitution. BE original vintage undisclosed in this report, so cutoff/vintage blank and arithmetic disabled.",MoRTH Road Transport,2026,major_head_expenditure_inr_crore,1170.04,official_measured,official,,,,,,,,MoRTH_Appendix6_major_head_cash_accounts|All road transport,,,,,,,,,FY2025-26 BE,estimate,administrative_reported,d0dd808600a8a2d0013b1fe4772d104f14dc18fc810c21a09a16aad01ea5624a,,
morth_mh3055,MoRTH Road Transport,agency,MoRTH,All India,All road transport,major_head_expenditure_inr_crore,611.33,INR crore,611.33,INR crore,2025-04-01,2025-12-31,fiscal_year,YTD,MoRTH_Appendix6_major_head_cash_accounts,2025-12-31,2026-03-30,morth_annual_report_2025_26,https://morth.gov.in/backend/documents/uploaded/RTH%20Annual%20Report%20English.pdf,"PDF p134; printed p132; Appendix6 Road Transport, YTD",official_measured,True,d0dd808600a8a2d0013b1fe4772d104f14dc18fc810c21a09a16aad01ea5624a,"Gross, recoveries, voted/charged and net rows are separate accounting views and must not be added. Negative recoveries retained. Explicit zero cells retained; NE expenditure shown through functional 5054 head. Detailed net capital YTD ₹228,952.36 crore differs from narrative overview ₹227,021 crore; no substitution. BE original vintage undisclosed in this report, so cutoff/vintage blank and arithmetic disabled.",MoRTH Road Transport,2025,major_head_expenditure_inr_crore,611.33,official_measured,official,,,,,,,,MoRTH_Appendix6_major_head_cash_accounts|All road transport,,,,,,,,,FY2025-26 through December 2025,reported,administrative_reported,d0dd808600a8a2d0013b1fe4772d104f14dc18fc810c21a09a16aad01ea5624a,,
morth_mh3601,MoRTH Grants in Aid to State Governments,agency,MoRTH,All India,All roads (ministry accounts),major_head_expenditure_inr_crore,18685.06,INR crore,18685.06,INR crore,2025-04-01,2026-03-31,fiscal_year,BE,MoRTH_Appendix6_major_head_cash_accounts,,2026-03-30,morth_annual_report_2025_26,https://morth.gov.in/backend/documents/uploaded/RTH%20Annual%20Report%20English.pdf,"PDF p134; printed p132; Appendix6 Grants in Aid to State Governments, BE",target,False,d0dd808600a8a2d0013b1fe4772d104f14dc18fc810c21a09a16aad01ea5624a,"Gross, recoveries, voted/charged and net rows are separate accounting views and must not be added. Negative recoveries retained. Explicit zero cells retained; NE expenditure shown through functional 5054 head. Detailed net capital YTD ₹228,952.36 crore differs from narrative overview ₹227,021 crore; no substitution. BE original vintage undisclosed in this report, so cutoff/vintage blank and arithmetic disabled.",MoRTH Grants in Aid to State Governments,2026,major_head_expenditure_inr_crore,18685.06,official_measured,official,,,,,,,,MoRTH_Appendix6_major_head_cash_accounts|All roads (ministry accounts),,,,,,,,,FY2025-26 BE,estimate,administrative_reported,d0dd808600a8a2d0013b1fe4772d104f14dc18fc810c21a09a16aad01ea5624a,,
morth_mh3601,MoRTH Grants in Aid to State Governments,agency,MoRTH,All India,All roads (ministry accounts),major_head_expenditure_inr_crore,16084.67,INR crore,16084.67,INR crore,2025-04-01,2025-12-31,fiscal_year,YTD,MoRTH_Appendix6_major_head_cash_accounts,2025-12-31,2026-03-30,morth_annual_report_2025_26,https://morth.gov.in/backend/documents/uploaded/RTH%20Annual%20Report%20English.pdf,"PDF p134; printed p132; Appendix6 Grants in Aid to State Governments, YTD",official_measured,True,d0dd808600a8a2d0013b1fe4772d104f14dc18fc810c21a09a16aad01ea5624a,"Gross, recoveries, voted/charged and net rows are separate accounting views and must not be added. Negative recoveries retained. Explicit zero cells retained; NE expenditure shown through functional 5054 head. Detailed net capital YTD ₹228,952.36 crore differs from narrative overview ₹227,021 crore; no substitution. BE original vintage undisclosed in this report, so cutoff/vintage blank and arithmetic disabled.",MoRTH Grants in Aid to State Governments,2025,major_head_expenditure_inr_crore,16084.67,official_measured,official,,,,,,,,MoRTH_Appendix6_major_head_cash_accounts|All roads (ministry accounts),,,,,,,,,FY2025-26 through December 2025,reported,administrative_reported,d0dd808600a8a2d0013b1fe4772d104f14dc18fc810c21a09a16aad01ea5624a,,
morth_mh3602,MoRTH Grants in Aid to Union Territories,agency,MoRTH,All India,All roads (ministry accounts),major_head_expenditure_inr_crore,388.84,INR crore,388.84,INR crore,2025-04-01,2026-03-31,fiscal_year,BE,MoRTH_Appendix6_major_head_cash_accounts,,2026-03-30,morth_annual_report_2025_26,https://morth.gov.in/backend/documents/uploaded/RTH%20Annual%20Report%20English.pdf,"PDF p134; printed p132; Appendix6 Grants in Aid to Union Territories, BE",target,False,d0dd808600a8a2d0013b1fe4772d104f14dc18fc810c21a09a16aad01ea5624a,"Gross, recoveries, voted/charged and net rows are separate accounting views and must not be added. Negative recoveries retained. Explicit zero cells retained; NE expenditure shown through functional 5054 head. Detailed net capital YTD ₹228,952.36 crore differs from narrative overview ₹227,021 crore; no substitution. BE original vintage undisclosed in this report, so cutoff/vintage blank and arithmetic disabled.",MoRTH Grants in Aid to Union Territories,2026,major_head_expenditure_inr_crore,388.84,official_measured,official,,,,,,,,MoRTH_Appendix6_major_head_cash_accounts|All roads (ministry accounts),,,,,,,,,FY2025-26 BE,estimate,administrative_reported,d0dd808600a8a2d0013b1fe4772d104f14dc18fc810c21a09a16aad01ea5624a,,
morth_mh3602,MoRTH Grants in Aid to Union Territories,agency,MoRTH,All India,All roads (ministry accounts),major_head_expenditure_inr_crore,324.02,INR crore,324.02,INR crore,2025-04-01,2025-12-31,fiscal_year,YTD,MoRTH_Appendix6_major_head_cash_accounts,2025-12-31,2026-03-30,morth_annual_report_2025_26,https://morth.gov.in/backend/documents/uploaded/RTH%20Annual%20Report%20English.pdf,"PDF p134; printed p132; Appendix6 Grants in Aid to Union Territories, YTD",official_measured,True,d0dd808600a8a2d0013b1fe4772d104f14dc18fc810c21a09a16aad01ea5624a,"Gross, recoveries, voted/charged and net rows are separate accounting views and must not be added. Negative recoveries retained. Explicit zero cells retained; NE expenditure shown through functional 5054 head. Detailed net capital YTD ₹228,952.36 crore differs from narrative overview ₹227,021 crore; no substitution. BE original vintage undisclosed in this report, so cutoff/vintage blank and arithmetic disabled.",MoRTH Grants in Aid to Union Territories,2025,major_head_expenditure_inr_crore,324.02,official_measured,official,,,,,,,,MoRTH_Appendix6_major_head_cash_accounts|All roads (ministry accounts),,,,,,,,,FY2025-26 through December 2025,reported,administrative_reported,d0dd808600a8a2d0013b1fe4772d104f14dc18fc810c21a09a16aad01ea5624a,,
morth_gross_revenue,MoRTH Gross Revenue Section,agency,MoRTH,All India,All roads (ministry accounts),major_head_expenditure_inr_crore,30047.98,INR crore,30047.98,INR crore,2025-04-01,2026-03-31,fiscal_year,BE,MoRTH_Appendix6_major_head_cash_accounts,,2026-03-30,morth_annual_report_2025_26,https://morth.gov.in/backend/documents/uploaded/RTH%20Annual%20Report%20English.pdf,"PDF p134; printed p132; Appendix6 Gross Revenue Section, BE",target,False,d0dd808600a8a2d0013b1fe4772d104f14dc18fc810c21a09a16aad01ea5624a,"Gross, recoveries, voted/charged and net rows are separate accounting views and must not be added. Negative recoveries retained. Explicit zero cells retained; NE expenditure shown through functional 5054 head. Detailed net capital YTD ₹228,952.36 crore differs from narrative overview ₹227,021 crore; no substitution. BE original vintage undisclosed in this report, so cutoff/vintage blank and arithmetic disabled.",MoRTH Gross Revenue Section,2026,major_head_expenditure_inr_crore,30047.98,official_measured,official,,,,,,,,MoRTH_Appendix6_major_head_cash_accounts|All roads (ministry accounts),,,,,,,,,FY2025-26 BE,estimate,administrative_reported,d0dd808600a8a2d0013b1fe4772d104f14dc18fc810c21a09a16aad01ea5624a,,
morth_gross_revenue,MoRTH Gross Revenue Section,agency,MoRTH,All India,All roads (ministry accounts),major_head_expenditure_inr_crore,25610.49,INR crore,25610.49,INR crore,2025-04-01,2025-12-31,fiscal_year,YTD,MoRTH_Appendix6_major_head_cash_accounts,2025-12-31,2026-03-30,morth_annual_report_2025_26,https://morth.gov.in/backend/documents/uploaded/RTH%20Annual%20Report%20English.pdf,"PDF p134; printed p132; Appendix6 Gross Revenue Section, YTD",official_measured,True,d0dd808600a8a2d0013b1fe4772d104f14dc18fc810c21a09a16aad01ea5624a,"Gross, recoveries, voted/charged and net rows are separate accounting views and must not be added. Negative recoveries retained. Explicit zero cells retained; NE expenditure shown through functional 5054 head. Detailed net capital YTD ₹228,952.36 crore differs from narrative overview ₹227,021 crore; no substitution. BE original vintage undisclosed in this report, so cutoff/vintage blank and arithmetic disabled.",MoRTH Gross Revenue Section,2025,major_head_expenditure_inr_crore,25610.49,official_measured,official,,,,,,,,MoRTH_Appendix6_major_head_cash_accounts|All roads (ministry accounts),,,,,,,,,FY2025-26 through December 2025,reported,administrative_reported,d0dd808600a8a2d0013b1fe4772d104f14dc18fc810c21a09a16aad01ea5624a,,
morth_revenue_recoveries,MoRTH Revenue Recoveries,agency,MoRTH,All India,All roads (ministry accounts),major_head_expenditure_inr_crore,-14955.97,INR crore,-14955.97,INR crore,2025-04-01,2026-03-31,fiscal_year,BE,MoRTH_Appendix6_major_head_cash_accounts,,2026-03-30,morth_annual_report_2025_26,https://morth.gov.in/backend/documents/uploaded/RTH%20Annual%20Report%20English.pdf,"PDF p134; printed p132; Appendix6 Revenue Recoveries, BE",target,False,d0dd808600a8a2d0013b1fe4772d104f14dc18fc810c21a09a16aad01ea5624a,"Gross, recoveries, voted/charged and net rows are separate accounting views and must not be added. Negative recoveries retained. Explicit zero cells retained; NE expenditure shown through functional 5054 head. Detailed net capital YTD ₹228,952.36 crore differs from narrative overview ₹227,021 crore; no substitution. BE original vintage undisclosed in this report, so cutoff/vintage blank and arithmetic disabled.",MoRTH Revenue Recoveries,2026,major_head_expenditure_inr_crore,-14955.97,official_measured,official,,,,,,,,MoRTH_Appendix6_major_head_cash_accounts|All roads (ministry accounts),,,,,,,,,FY2025-26 BE,estimate,administrative_reported,d0dd808600a8a2d0013b1fe4772d104f14dc18fc810c21a09a16aad01ea5624a,,
morth_revenue_recoveries,MoRTH Revenue Recoveries,agency,MoRTH,All India,All roads (ministry accounts),major_head_expenditure_inr_crore,-10456.84,INR crore,-10456.84,INR crore,2025-04-01,2025-12-31,fiscal_year,YTD,MoRTH_Appendix6_major_head_cash_accounts,2025-12-31,2026-03-30,morth_annual_report_2025_26,https://morth.gov.in/backend/documents/uploaded/RTH%20Annual%20Report%20English.pdf,"PDF p134; printed p132; Appendix6 Revenue Recoveries, YTD",official_measured,True,d0dd808600a8a2d0013b1fe4772d104f14dc18fc810c21a09a16aad01ea5624a,"Gross, recoveries, voted/charged and net rows are separate accounting views and must not be added. Negative recoveries retained. Explicit zero cells retained; NE expenditure shown through functional 5054 head. Detailed net capital YTD ₹228,952.36 crore differs from narrative overview ₹227,021 crore; no substitution. BE original vintage undisclosed in this report, so cutoff/vintage blank and arithmetic disabled.",MoRTH Revenue Recoveries,2025,major_head_expenditure_inr_crore,-10456.84,official_measured,official,,,,,,,,MoRTH_Appendix6_major_head_cash_accounts|All roads (ministry accounts),,,,,,,,,FY2025-26 through December 2025,reported,administrative_reported,d0dd808600a8a2d0013b1fe4772d104f14dc18fc810c21a09a16aad01ea5624a,,
morth_net_revenue,MoRTH Net Revenue Section,agency,MoRTH,All India,All roads (ministry accounts),major_head_expenditure_inr_crore,15092.01,INR crore,15092.01,INR crore,2025-04-01,2026-03-31,fiscal_year,BE,MoRTH_Appendix6_major_head_cash_accounts,,2026-03-30,morth_annual_report_2025_26,https://morth.gov.in/backend/documents/uploaded/RTH%20Annual%20Report%20English.pdf,"PDF p134; printed p132; Appendix6 Net Revenue Section, BE",target,False,d0dd808600a8a2d0013b1fe4772d104f14dc18fc810c21a09a16aad01ea5624a,"Gross, recoveries, voted/charged and net rows are separate accounting views and must not be added. Negative recoveries retained. Explicit zero cells retained; NE expenditure shown through functional 5054 head. Detailed net capital YTD ₹228,952.36 crore differs from narrative overview ₹227,021 crore; no substitution. BE original vintage undisclosed in this report, so cutoff/vintage blank and arithmetic disabled.",MoRTH Net Revenue Section,2026,major_head_expenditure_inr_crore,15092.01,official_measured,official,,,,,,,,MoRTH_Appendix6_major_head_cash_accounts|All roads (ministry accounts),,,,,,,,,FY2025-26 BE,estimate,administrative_reported,d0dd808600a8a2d0013b1fe4772d104f14dc18fc810c21a09a16aad01ea5624a,,
morth_net_revenue,MoRTH Net Revenue Section,agency,MoRTH,All India,All roads (ministry accounts),major_head_expenditure_inr_crore,15153.65,INR crore,15153.65,INR crore,2025-04-01,2025-12-31,fiscal_year,YTD,MoRTH_Appendix6_major_head_cash_accounts,2025-12-31,2026-03-30,morth_annual_report_2025_26,https://morth.gov.in/backend/documents/uploaded/RTH%20Annual%20Report%20English.pdf,"PDF p134; printed p132; Appendix6 Net Revenue Section, YTD",official_measured,True,d0dd808600a8a2d0013b1fe4772d104f14dc18fc810c21a09a16aad01ea5624a,"Gross, recoveries, voted/charged and net rows are separate accounting views and must not be added. Negative recoveries retained. Explicit zero cells retained; NE expenditure shown through functional 5054 head. Detailed net capital YTD ₹228,952.36 crore differs from narrative overview ₹227,021 crore; no substitution. BE original vintage undisclosed in this report, so cutoff/vintage blank and arithmetic disabled.",MoRTH Net Revenue Section,2025,major_head_expenditure_inr_crore,15153.65,official_measured,official,,,,,,,,MoRTH_Appendix6_major_head_cash_accounts|All roads (ministry accounts),,,,,,,,,FY2025-26 through December 2025,reported,administrative_reported,d0dd808600a8a2d0013b1fe4772d104f14dc18fc810c21a09a16aad01ea5624a,,
morth_mh4552,MoRTH North Eastern Areas,agency,MoRTH,All India,All roads (ministry accounts),major_head_expenditure_inr_crore,19499.09,INR crore,19499.09,INR crore,2025-04-01,2026-03-31,fiscal_year,BE,MoRTH_Appendix6_major_head_cash_accounts,,2026-03-30,morth_annual_report_2025_26,https://morth.gov.in/backend/documents/uploaded/RTH%20Annual%20Report%20English.pdf,"PDF p134; printed p132; Appendix6 North Eastern Areas, BE",target,False,d0dd808600a8a2d0013b1fe4772d104f14dc18fc810c21a09a16aad01ea5624a,"Gross, recoveries, voted/charged and net rows are separate accounting views and must not be added. Negative recoveries retained. Explicit zero cells retained; NE expenditure shown through functional 5054 head. Detailed net capital YTD ₹228,952.36 crore differs from narrative overview ₹227,021 crore; no substitution. BE original vintage undisclosed in this report, so cutoff/vintage blank and arithmetic disabled.",MoRTH North Eastern Areas,2026,major_head_expenditure_inr_crore,19499.09,official_measured,official,,,,,,,,MoRTH_Appendix6_major_head_cash_accounts|All roads (ministry accounts),,,,,,,,,FY2025-26 BE,estimate,administrative_reported,d0dd808600a8a2d0013b1fe4772d104f14dc18fc810c21a09a16aad01ea5624a,,
morth_mh4552,MoRTH North Eastern Areas,agency,MoRTH,All India,All roads (ministry accounts),major_head_expenditure_inr_crore,0.0,INR crore,0.0,INR crore,2025-04-01,2025-12-31,fiscal_year,YTD,MoRTH_Appendix6_major_head_cash_accounts,2025-12-31,2026-03-30,morth_annual_report_2025_26,https://morth.gov.in/backend/documents/uploaded/RTH%20Annual%20Report%20English.pdf,"PDF p134; printed p132; Appendix6 North Eastern Areas, YTD",official_measured,True,d0dd808600a8a2d0013b1fe4772d104f14dc18fc810c21a09a16aad01ea5624a,"Gross, recoveries, voted/charged and net rows are separate accounting views and must not be added. Negative recoveries retained. Explicit zero cells retained; NE expenditure shown through functional 5054 head. Detailed net capital YTD ₹228,952.36 crore differs from narrative overview ₹227,021 crore; no substitution. BE original vintage undisclosed in this report, so cutoff/vintage blank and arithmetic disabled.",MoRTH North Eastern Areas,2025,major_head_expenditure_inr_crore,0.0,official_measured,official,,,,,,,,MoRTH_Appendix6_major_head_cash_accounts|All roads (ministry accounts),,,,,,,,,FY2025-26 through December 2025,reported,administrative_reported,d0dd808600a8a2d0013b1fe4772d104f14dc18fc810c21a09a16aad01ea5624a,,
morth_mh5054_voted,MoRTH Capital Outlay on Roads and Bridges Voted,agency,MoRTH,All India,All roads (ministry accounts),major_head_expenditure_inr_crore,312757.09,INR crore,312757.09,INR crore,2025-04-01,2026-03-31,fiscal_year,BE,MoRTH_Appendix6_major_head_cash_accounts,,2026-03-30,morth_annual_report_2025_26,https://morth.gov.in/backend/documents/uploaded/RTH%20Annual%20Report%20English.pdf,"PDF p134; printed p132; Appendix6 Capital Outlay on Roads and Bridges Voted, BE",target,False,d0dd808600a8a2d0013b1fe4772d104f14dc18fc810c21a09a16aad01ea5624a,"Gross, recoveries, voted/charged and net rows are separate accounting views and must not be added. Negative recoveries retained. Explicit zero cells retained; NE expenditure shown through functional 5054 head. Detailed net capital YTD ₹228,952.36 crore differs from narrative overview ₹227,021 crore; no substitution. BE original vintage undisclosed in this report, so cutoff/vintage blank and arithmetic disabled.",MoRTH Capital Outlay on Roads and Bridges Voted,2026,major_head_expenditure_inr_crore,312757.09,official_measured,official,,,,,,,,MoRTH_Appendix6_major_head_cash_accounts|All roads (ministry accounts),,,,,,,,,FY2025-26 BE,estimate,administrative_reported,d0dd808600a8a2d0013b1fe4772d104f14dc18fc810c21a09a16aad01ea5624a,,
morth_mh5054_voted,MoRTH Capital Outlay on Roads and Bridges Voted,agency,MoRTH,All India,All roads (ministry accounts),major_head_expenditure_inr_crore,269038.07,INR crore,269038.07,INR crore,2025-04-01,2025-12-31,fiscal_year,YTD,MoRTH_Appendix6_major_head_cash_accounts,2025-12-31,2026-03-30,morth_annual_report_2025_26,https://morth.gov.in/backend/documents/uploaded/RTH%20Annual%20Report%20English.pdf,"PDF p134; printed p132; Appendix6 Capital Outlay on Roads and Bridges Voted, YTD",official_measured,True,d0dd808600a8a2d0013b1fe4772d104f14dc18fc810c21a09a16aad01ea5624a,"Gross, recoveries, voted/charged and net rows are separate accounting views and must not be added. Negative recoveries retained. Explicit zero cells retained; NE expenditure shown through functional 5054 head. Detailed net capital YTD ₹228,952.36 crore differs from narrative overview ₹227,021 crore; no substitution. BE original vintage undisclosed in this report, so cutoff/vintage blank and arithmetic disabled.",MoRTH Capital Outlay on Roads and Bridges Voted,2025,major_head_expenditure_inr_crore,269038.07,official_measured,official,,,,,,,,MoRTH_Appendix6_major_head_cash_accounts|All roads (ministry accounts),,,,,,,,,FY2025-26 through December 2025,reported,administrative_reported,d0dd808600a8a2d0013b1fe4772d104f14dc18fc810c21a09a16aad01ea5624a,,
morth_mh5054_charged,MoRTH Bharatmala Charged,agency,MoRTH,All India,All roads (ministry accounts),major_head_expenditure_inr_crore,5.0,INR crore,5.0,INR crore,2025-04-01,2026-03-31,fiscal_year,BE,MoRTH_Appendix6_major_head_cash_accounts,,2026-03-30,morth_annual_report_2025_26,https://morth.gov.in/backend/documents/uploaded/RTH%20Annual%20Report%20English.pdf,"PDF p134; printed p132; Appendix6 Bharatmala Charged, BE",target,False,d0dd808600a8a2d0013b1fe4772d104f14dc18fc810c21a09a16aad01ea5624a,"Gross, recoveries, voted/charged and net rows are separate accounting views and must not be added. Negative recoveries retained. Explicit zero cells retained; NE expenditure shown through functional 5054 head. Detailed net capital YTD ₹228,952.36 crore differs from narrative overview ₹227,021 crore; no substitution. BE original vintage undisclosed in this report, so cutoff/vintage blank and arithmetic disabled.",MoRTH Bharatmala Charged,2026,major_head_expenditure_inr_crore,5.0,official_measured,official,,,,,,,,MoRTH_Appendix6_major_head_cash_accounts|All roads (ministry accounts),,,,,,,,,FY2025-26 BE,estimate,administrative_reported,d0dd808600a8a2d0013b1fe4772d104f14dc18fc810c21a09a16aad01ea5624a,,
morth_mh5054_charged,MoRTH Bharatmala Charged,agency,MoRTH,All India,All roads (ministry accounts),major_head_expenditure_inr_crore,0.0,INR crore,0.0,INR crore,2025-04-01,2025-12-31,fiscal_year,YTD,MoRTH_Appendix6_major_head_cash_accounts,2025-12-31,2026-03-30,morth_annual_report_2025_26,https://morth.gov.in/backend/documents/uploaded/RTH%20Annual%20Report%20English.pdf,"PDF p134; printed p132; Appendix6 Bharatmala Charged, YTD",official_measured,True,d0dd808600a8a2d0013b1fe4772d104f14dc18fc810c21a09a16aad01ea5624a,"Gross, recoveries, voted/charged and net rows are separate accounting views and must not be added. Negative recoveries retained. Explicit zero cells retained; NE expenditure shown through functional 5054 head. Detailed net capital YTD ₹228,952.36 crore differs from narrative overview ₹227,021 crore; no substitution. BE original vintage undisclosed in this report, so cutoff/vintage blank and arithmetic disabled.",MoRTH Bharatmala Charged,2025,major_head_expenditure_inr_crore,0.0,official_measured,official,,,,,,,,MoRTH_Appendix6_major_head_cash_accounts|All roads (ministry accounts),,,,,,,,,FY2025-26 through December 2025,reported,administrative_reported,d0dd808600a8a2d0013b1fe4772d104f14dc18fc810c21a09a16aad01ea5624a,,
morth_mh5055,MoRTH Capital Outlay on Road Transport,agency,MoRTH,All India,All road transport,major_head_expenditure_inr_crore,60.0,INR crore,60.0,INR crore,2025-04-01,2026-03-31,fiscal_year,BE,MoRTH_Appendix6_major_head_cash_accounts,,2026-03-30,morth_annual_report_2025_26,https://morth.gov.in/backend/documents/uploaded/RTH%20Annual%20Report%20English.pdf,"PDF p134; printed p132; Appendix6 Capital Outlay on Road Transport, BE",target,False,d0dd808600a8a2d0013b1fe4772d104f14dc18fc810c21a09a16aad01ea5624a,"Gross, recoveries, voted/charged and net rows are separate accounting views and must not be added. Negative recoveries retained. Explicit zero cells retained; NE expenditure shown through functional 5054 head. Detailed net capital YTD ₹228,952.36 crore differs from narrative overview ₹227,021 crore; no substitution. BE original vintage undisclosed in this report, so cutoff/vintage blank and arithmetic disabled.",MoRTH Capital Outlay on Road Transport,2026,major_head_expenditure_inr_crore,60.0,official_measured,official,,,,,,,,MoRTH_Appendix6_major_head_cash_accounts|All road transport,,,,,,,,,FY2025-26 BE,estimate,administrative_reported,d0dd808600a8a2d0013b1fe4772d104f14dc18fc810c21a09a16aad01ea5624a,,
morth_mh5055,MoRTH Capital Outlay on Road Transport,agency,MoRTH,All India,All road transport,major_head_expenditure_inr_crore,22.04,INR crore,22.04,INR crore,2025-04-01,2025-12-31,fiscal_year,YTD,MoRTH_Appendix6_major_head_cash_accounts,2025-12-31,2026-03-30,morth_annual_report_2025_26,https://morth.gov.in/backend/documents/uploaded/RTH%20Annual%20Report%20English.pdf,"PDF p134; printed p132; Appendix6 Capital Outlay on Road Transport, YTD",official_measured,True,d0dd808600a8a2d0013b1fe4772d104f14dc18fc810c21a09a16aad01ea5624a,"Gross, recoveries, voted/charged and net rows are separate accounting views and must not be added. Negative recoveries retained. Explicit zero cells retained; NE expenditure shown through functional 5054 head. Detailed net capital YTD ₹228,952.36 crore differs from narrative overview ₹227,021 crore; no substitution. BE original vintage undisclosed in this report, so cutoff/vintage blank and arithmetic disabled.",MoRTH Capital Outlay on Road Transport,2025,major_head_expenditure_inr_crore,22.04,official_measured,official,,,,,,,,MoRTH_Appendix6_major_head_cash_accounts|All road transport,,,,,,,,,FY2025-26 through December 2025,reported,administrative_reported,d0dd808600a8a2d0013b1fe4772d104f14dc18fc810c21a09a16aad01ea5624a,,
morth_mh5475,MoRTH Other Economic Services,agency,MoRTH,All India,All road transport,major_head_expenditure_inr_crore,4.0,INR crore,4.0,INR crore,2025-04-01,2026-03-31,fiscal_year,BE,MoRTH_Appendix6_major_head_cash_accounts,,2026-03-30,morth_annual_report_2025_26,https://morth.gov.in/backend/documents/uploaded/RTH%20Annual%20Report%20English.pdf,"PDF p134; printed p132; Appendix6 Other Economic Services, BE",target,False,d0dd808600a8a2d0013b1fe4772d104f14dc18fc810c21a09a16aad01ea5624a,"Gross, recoveries, voted/charged and net rows are separate accounting views and must not be added. Negative recoveries retained. Explicit zero cells retained; NE expenditure shown through functional 5054 head. Detailed net capital YTD ₹228,952.36 crore differs from narrative overview ₹227,021 crore; no substitution. BE original vintage undisclosed in this report, so cutoff/vintage blank and arithmetic disabled.",MoRTH Other Economic Services,2026,major_head_expenditure_inr_crore,4.0,official_measured,official,,,,,,,,MoRTH_Appendix6_major_head_cash_accounts|All road transport,,,,,,,,,FY2025-26 BE,estimate,administrative_reported,d0dd808600a8a2d0013b1fe4772d104f14dc18fc810c21a09a16aad01ea5624a,,
morth_mh5475,MoRTH Other Economic Services,agency,MoRTH,All India,All road transport,major_head_expenditure_inr_crore,1.72,INR crore,1.72,INR crore,2025-04-01,2025-12-31,fiscal_year,YTD,MoRTH_Appendix6_major_head_cash_accounts,2025-12-31,2026-03-30,morth_annual_report_2025_26,https://morth.gov.in/backend/documents/uploaded/RTH%20Annual%20Report%20English.pdf,"PDF p134; printed p132; Appendix6 Other Economic Services, YTD",official_measured,True,d0dd808600a8a2d0013b1fe4772d104f14dc18fc810c21a09a16aad01ea5624a,"Gross, recoveries, voted/charged and net rows are separate accounting views and must not be added. Negative recoveries retained. Explicit zero cells retained; NE expenditure shown through functional 5054 head. Detailed net capital YTD ₹228,952.36 crore differs from narrative overview ₹227,021 crore; no substitution. BE original vintage undisclosed in this report, so cutoff/vintage blank and arithmetic disabled.",MoRTH Other Economic Services,2025,major_head_expenditure_inr_crore,1.72,official_measured,official,,,,,,,,MoRTH_Appendix6_major_head_cash_accounts|All road transport,,,,,,,,,FY2025-26 through December 2025,reported,administrative_reported,d0dd808600a8a2d0013b1fe4772d104f14dc18fc810c21a09a16aad01ea5624a,,
morth_gross_capital,MoRTH Gross Capital Section,agency,MoRTH,All India,All roads (ministry accounts),major_head_expenditure_inr_crore,332325.18,INR crore,332325.18,INR crore,2025-04-01,2026-03-31,fiscal_year,BE,MoRTH_Appendix6_major_head_cash_accounts,,2026-03-30,morth_annual_report_2025_26,https://morth.gov.in/backend/documents/uploaded/RTH%20Annual%20Report%20English.pdf,"PDF p134; printed p132; Appendix6 Gross Capital Section, BE",target,False,d0dd808600a8a2d0013b1fe4772d104f14dc18fc810c21a09a16aad01ea5624a,"Gross, recoveries, voted/charged and net rows are separate accounting views and must not be added. Negative recoveries retained. Explicit zero cells retained; NE expenditure shown through functional 5054 head. Detailed net capital YTD ₹228,952.36 crore differs from narrative overview ₹227,021 crore; no substitution. BE original vintage undisclosed in this report, so cutoff/vintage blank and arithmetic disabled.",MoRTH Gross Capital Section,2026,major_head_expenditure_inr_crore,332325.18,official_measured,official,,,,,,,,MoRTH_Appendix6_major_head_cash_accounts|All roads (ministry accounts),,,,,,,,,FY2025-26 BE,estimate,administrative_reported,d0dd808600a8a2d0013b1fe4772d104f14dc18fc810c21a09a16aad01ea5624a,,
morth_gross_capital,MoRTH Gross Capital Section,agency,MoRTH,All India,All roads (ministry accounts),major_head_expenditure_inr_crore,269061.83,INR crore,269061.83,INR crore,2025-04-01,2025-12-31,fiscal_year,YTD,MoRTH_Appendix6_major_head_cash_accounts,2025-12-31,2026-03-30,morth_annual_report_2025_26,https://morth.gov.in/backend/documents/uploaded/RTH%20Annual%20Report%20English.pdf,"PDF p134; printed p132; Appendix6 Gross Capital Section, YTD",official_measured,True,d0dd808600a8a2d0013b1fe4772d104f14dc18fc810c21a09a16aad01ea5624a,"Gross, recoveries, voted/charged and net rows are separate accounting views and must not be added. Negative recoveries retained. Explicit zero cells retained; NE expenditure shown through functional 5054 head. Detailed net capital YTD ₹228,952.36 crore differs from narrative overview ₹227,021 crore; no substitution. BE original vintage undisclosed in this report, so cutoff/vintage blank and arithmetic disabled.",MoRTH Gross Capital Section,2025,major_head_expenditure_inr_crore,269061.83,official_measured,official,,,,,,,,MoRTH_Appendix6_major_head_cash_accounts|All roads (ministry accounts),,,,,,,,,FY2025-26 through December 2025,reported,administrative_reported,d0dd808600a8a2d0013b1fe4772d104f14dc18fc810c21a09a16aad01ea5624a,,
morth_capital_recoveries,MoRTH Capital Recoveries,agency,MoRTH,All India,All roads (ministry accounts),major_head_expenditure_inr_crore,-60084.03,INR crore,-60084.03,INR crore,2025-04-01,2026-03-31,fiscal_year,BE,MoRTH_Appendix6_major_head_cash_accounts,,2026-03-30,morth_annual_report_2025_26,https://morth.gov.in/backend/documents/uploaded/RTH%20Annual%20Report%20English.pdf,"PDF p134; printed p132; Appendix6 Capital Recoveries, BE",target,False,d0dd808600a8a2d0013b1fe4772d104f14dc18fc810c21a09a16aad01ea5624a,"Gross, recoveries, voted/charged and net rows are separate accounting views and must not be added. Negative recoveries retained. Explicit zero cells retained; NE expenditure shown through functional 5054 head. Detailed net capital YTD ₹228,952.36 crore differs from narrative overview ₹227,021 crore; no substitution. BE original vintage undisclosed in this report, so cutoff/vintage blank and arithmetic disabled.",MoRTH Capital Recoveries,2026,major_head_expenditure_inr_crore,-60084.03,official_measured,official,,,,,,,,MoRTH_Appendix6_major_head_cash_accounts|All roads (ministry accounts),,,,,,,,,FY2025-26 BE,estimate,administrative_reported,d0dd808600a8a2d0013b1fe4772d104f14dc18fc810c21a09a16aad01ea5624a,,
morth_capital_recoveries,MoRTH Capital Recoveries,agency,MoRTH,All India,All roads (ministry accounts),major_head_expenditure_inr_crore,-40109.47,INR crore,-40109.47,INR crore,2025-04-01,2025-12-31,fiscal_year,YTD,MoRTH_Appendix6_major_head_cash_accounts,2025-12-31,2026-03-30,morth_annual_report_2025_26,https://morth.gov.in/backend/documents/uploaded/RTH%20Annual%20Report%20English.pdf,"PDF p134; printed p132; Appendix6 Capital Recoveries, YTD",official_measured,True,d0dd808600a8a2d0013b1fe4772d104f14dc18fc810c21a09a16aad01ea5624a,"Gross, recoveries, voted/charged and net rows are separate accounting views and must not be added. Negative recoveries retained. Explicit zero cells retained; NE expenditure shown through functional 5054 head. Detailed net capital YTD ₹228,952.36 crore differs from narrative overview ₹227,021 crore; no substitution. BE original vintage undisclosed in this report, so cutoff/vintage blank and arithmetic disabled.",MoRTH Capital Recoveries,2025,major_head_expenditure_inr_crore,-40109.47,official_measured,official,,,,,,,,MoRTH_Appendix6_major_head_cash_accounts|All roads (ministry accounts),,,,,,,,,FY2025-26 through December 2025,reported,administrative_reported,d0dd808600a8a2d0013b1fe4772d104f14dc18fc810c21a09a16aad01ea5624a,,
morth_net_capital_voted,MoRTH Net Capital Section Voted,agency,MoRTH,All India,All roads (ministry accounts),major_head_expenditure_inr_crore,272236.15,INR crore,272236.15,INR crore,2025-04-01,2026-03-31,fiscal_year,BE,MoRTH_Appendix6_major_head_cash_accounts,,2026-03-30,morth_annual_report_2025_26,https://morth.gov.in/backend/documents/uploaded/RTH%20Annual%20Report%20English.pdf,"PDF p134; printed p132; Appendix6 Net Capital Section Voted, BE",target,False,d0dd808600a8a2d0013b1fe4772d104f14dc18fc810c21a09a16aad01ea5624a,"Gross, recoveries, voted/charged and net rows are separate accounting views and must not be added. Negative recoveries retained. Explicit zero cells retained; NE expenditure shown through functional 5054 head. Detailed net capital YTD ₹228,952.36 crore differs from narrative overview ₹227,021 crore; no substitution. BE original vintage undisclosed in this report, so cutoff/vintage blank and arithmetic disabled.",MoRTH Net Capital Section Voted,2026,major_head_expenditure_inr_crore,272236.15,official_measured,official,,,,,,,,MoRTH_Appendix6_major_head_cash_accounts|All roads (ministry accounts),,,,,,,,,FY2025-26 BE,estimate,administrative_reported,d0dd808600a8a2d0013b1fe4772d104f14dc18fc810c21a09a16aad01ea5624a,,
morth_net_capital_voted,MoRTH Net Capital Section Voted,agency,MoRTH,All India,All roads (ministry accounts),major_head_expenditure_inr_crore,228952.36,INR crore,228952.36,INR crore,2025-04-01,2025-12-31,fiscal_year,YTD,MoRTH_Appendix6_major_head_cash_accounts,2025-12-31,2026-03-30,morth_annual_report_2025_26,https://morth.gov.in/backend/documents/uploaded/RTH%20Annual%20Report%20English.pdf,"PDF p134; printed p132; Appendix6 Net Capital Section Voted, YTD",official_measured,True,d0dd808600a8a2d0013b1fe4772d104f14dc18fc810c21a09a16aad01ea5624a,"Gross, recoveries, voted/charged and net rows are separate accounting views and must not be added. Negative recoveries retained. Explicit zero cells retained; NE expenditure shown through functional 5054 head. Detailed net capital YTD ₹228,952.36 crore differs from narrative overview ₹227,021 crore; no substitution. BE original vintage undisclosed in this report, so cutoff/vintage blank and arithmetic disabled.",MoRTH Net Capital Section Voted,2025,major_head_expenditure_inr_crore,228952.36,official_measured,official,,,,,,,,MoRTH_Appendix6_major_head_cash_accounts|All roads (ministry accounts),,,,,,,,,FY2025-26 through December 2025,reported,administrative_reported,d0dd808600a8a2d0013b1fe4772d104f14dc18fc810c21a09a16aad01ea5624a,,
morth_net_capital_charged,MoRTH Net Capital Section Charged,agency,MoRTH,All India,All roads (ministry accounts),major_head_expenditure_inr_crore,5.0,INR crore,5.0,INR crore,2025-04-01,2026-03-31,fiscal_year,BE,MoRTH_Appendix6_major_head_cash_accounts,,2026-03-30,morth_annual_report_2025_26,https://morth.gov.in/backend/documents/uploaded/RTH%20Annual%20Report%20English.pdf,"PDF p134; printed p132; Appendix6 Net Capital Section Charged, BE",target,False,d0dd808600a8a2d0013b1fe4772d104f14dc18fc810c21a09a16aad01ea5624a,"Gross, recoveries, voted/charged and net rows are separate accounting views and must not be added. Negative recoveries retained. Explicit zero cells retained; NE expenditure shown through functional 5054 head. Detailed net capital YTD ₹228,952.36 crore differs from narrative overview ₹227,021 crore; no substitution. BE original vintage undisclosed in this report, so cutoff/vintage blank and arithmetic disabled.",MoRTH Net Capital Section Charged,2026,major_head_expenditure_inr_crore,5.0,official_measured,official,,,,,,,,MoRTH_Appendix6_major_head_cash_accounts|All roads (ministry accounts),,,,,,,,,FY2025-26 BE,estimate,administrative_reported,d0dd808600a8a2d0013b1fe4772d104f14dc18fc810c21a09a16aad01ea5624a,,
morth_net_capital_charged,MoRTH Net Capital Section Charged,agency,MoRTH,All India,All roads (ministry accounts),major_head_expenditure_inr_crore,0.0,INR crore,0.0,INR crore,2025-04-01,2025-12-31,fiscal_year,YTD,MoRTH_Appendix6_major_head_cash_accounts,2025-12-31,2026-03-30,morth_annual_report_2025_26,https://morth.gov.in/backend/documents/uploaded/RTH%20Annual%20Report%20English.pdf,"PDF p134; printed p132; Appendix6 Net Capital Section Charged, YTD",official_measured,True,d0dd808600a8a2d0013b1fe4772d104f14dc18fc810c21a09a16aad01ea5624a,"Gross, recoveries, voted/charged and net rows are separate accounting views and must not be added. Negative recoveries retained. Explicit zero cells retained; NE expenditure shown through functional 5054 head. Detailed net capital YTD ₹228,952.36 crore differs from narrative overview ₹227,021 crore; no substitution. BE original vintage undisclosed in this report, so cutoff/vintage blank and arithmetic disabled.",MoRTH Net Capital Section Charged,2025,major_head_expenditure_inr_crore,0.0,official_measured,official,,,,,,,,MoRTH_Appendix6_major_head_cash_accounts|All roads (ministry accounts),,,,,,,,,FY2025-26 through December 2025,reported,administrative_reported,d0dd808600a8a2d0013b1fe4772d104f14dc18fc810c21a09a16aad01ea5624a,,
morth_net_capital,MoRTH Net Capital Section,agency,MoRTH,All India,All roads (ministry accounts),major_head_expenditure_inr_crore,272241.15,INR crore,272241.15,INR crore,2025-04-01,2026-03-31,fiscal_year,BE,MoRTH_Appendix6_major_head_cash_accounts,,2026-03-30,morth_annual_report_2025_26,https://morth.gov.in/backend/documents/uploaded/RTH%20Annual%20Report%20English.pdf,"PDF p134; printed p132; Appendix6 Net Capital Section, BE",target,False,d0dd808600a8a2d0013b1fe4772d104f14dc18fc810c21a09a16aad01ea5624a,"Gross, recoveries, voted/charged and net rows are separate accounting views and must not be added. Negative recoveries retained. Explicit zero cells retained; NE expenditure shown through functional 5054 head. Detailed net capital YTD ₹228,952.36 crore differs from narrative overview ₹227,021 crore; no substitution. BE original vintage undisclosed in this report, so cutoff/vintage blank and arithmetic disabled.",MoRTH Net Capital Section,2026,major_head_expenditure_inr_crore,272241.15,official_measured,official,,,,,,,,MoRTH_Appendix6_major_head_cash_accounts|All roads (ministry accounts),,,,,,,,,FY2025-26 BE,estimate,administrative_reported,d0dd808600a8a2d0013b1fe4772d104f14dc18fc810c21a09a16aad01ea5624a,,
morth_net_capital,MoRTH Net Capital Section,agency,MoRTH,All India,All roads (ministry accounts),major_head_expenditure_inr_crore,228952.36,INR crore,228952.36,INR crore,2025-04-01,2025-12-31,fiscal_year,YTD,MoRTH_Appendix6_major_head_cash_accounts,2025-12-31,2026-03-30,morth_annual_report_2025_26,https://morth.gov.in/backend/documents/uploaded/RTH%20Annual%20Report%20English.pdf,"PDF p134; printed p132; Appendix6 Net Capital Section, YTD",official_measured,True,d0dd808600a8a2d0013b1fe4772d104f14dc18fc810c21a09a16aad01ea5624a,"Gross, recoveries, voted/charged and net rows are separate accounting views and must not be added. Negative recoveries retained. Explicit zero cells retained; NE expenditure shown through functional 5054 head. Detailed net capital YTD ₹228,952.36 crore differs from narrative overview ₹227,021 crore; no substitution. BE original vintage undisclosed in this report, so cutoff/vintage blank and arithmetic disabled.",MoRTH Net Capital Section,2025,major_head_expenditure_inr_crore,228952.36,official_measured,official,,,,,,,,MoRTH_Appendix6_major_head_cash_accounts|All roads (ministry accounts),,,,,,,,,FY2025-26 through December 2025,reported,administrative_reported,d0dd808600a8a2d0013b1fe4772d104f14dc18fc810c21a09a16aad01ea5624a,,
morth_gross_total_voted,MoRTH Gross Total Voted,agency,MoRTH,All India,All roads (ministry accounts),major_head_expenditure_inr_crore,362368.16,INR crore,362368.16,INR crore,2025-04-01,2026-03-31,fiscal_year,BE,MoRTH_Appendix6_major_head_cash_accounts,,2026-03-30,morth_annual_report_2025_26,https://morth.gov.in/backend/documents/uploaded/RTH%20Annual%20Report%20English.pdf,"PDF p134; printed p132; Appendix6 Gross Total Voted, BE",target,False,d0dd808600a8a2d0013b1fe4772d104f14dc18fc810c21a09a16aad01ea5624a,"Gross, recoveries, voted/charged and net rows are separate accounting views and must not be added. Negative recoveries retained. Explicit zero cells retained; NE expenditure shown through functional 5054 head. Detailed net capital YTD ₹228,952.36 crore differs from narrative overview ₹227,021 crore; no substitution. BE original vintage undisclosed in this report, so cutoff/vintage blank and arithmetic disabled.",MoRTH Gross Total Voted,2026,major_head_expenditure_inr_crore,362368.16,official_measured,official,,,,,,,,MoRTH_Appendix6_major_head_cash_accounts|All roads (ministry accounts),,,,,,,,,FY2025-26 BE,estimate,administrative_reported,d0dd808600a8a2d0013b1fe4772d104f14dc18fc810c21a09a16aad01ea5624a,,
morth_gross_total_voted,MoRTH Gross Total Voted,agency,MoRTH,All India,All roads (ministry accounts),major_head_expenditure_inr_crore,294672.32,INR crore,294672.32,INR crore,2025-04-01,2025-12-31,fiscal_year,YTD,MoRTH_Appendix6_major_head_cash_accounts,2025-12-31,2026-03-30,morth_annual_report_2025_26,https://morth.gov.in/backend/documents/uploaded/RTH%20Annual%20Report%20English.pdf,"PDF p134; printed p132; Appendix6 Gross Total Voted, YTD",official_measured,True,d0dd808600a8a2d0013b1fe4772d104f14dc18fc810c21a09a16aad01ea5624a,"Gross, recoveries, voted/charged and net rows are separate accounting views and must not be added. Negative recoveries retained. Explicit zero cells retained; NE expenditure shown through functional 5054 head. Detailed net capital YTD ₹228,952.36 crore differs from narrative overview ₹227,021 crore; no substitution. BE original vintage undisclosed in this report, so cutoff/vintage blank and arithmetic disabled.",MoRTH Gross Total Voted,2025,major_head_expenditure_inr_crore,294672.32,official_measured,official,,,,,,,,MoRTH_Appendix6_major_head_cash_accounts|All roads (ministry accounts),,,,,,,,,FY2025-26 through December 2025,reported,administrative_reported,d0dd808600a8a2d0013b1fe4772d104f14dc18fc810c21a09a16aad01ea5624a,,
morth_gross_total_charged,MoRTH Gross Total Charged,agency,MoRTH,All India,All roads (ministry accounts),major_head_expenditure_inr_crore,5.0,INR crore,5.0,INR crore,2025-04-01,2026-03-31,fiscal_year,BE,MoRTH_Appendix6_major_head_cash_accounts,,2026-03-30,morth_annual_report_2025_26,https://morth.gov.in/backend/documents/uploaded/RTH%20Annual%20Report%20English.pdf,"PDF p134; printed p132; Appendix6 Gross Total Charged, BE",target,False,d0dd808600a8a2d0013b1fe4772d104f14dc18fc810c21a09a16aad01ea5624a,"Gross, recoveries, voted/charged and net rows are separate accounting views and must not be added. Negative recoveries retained. Explicit zero cells retained; NE expenditure shown through functional 5054 head. Detailed net capital YTD ₹228,952.36 crore differs from narrative overview ₹227,021 crore; no substitution. BE original vintage undisclosed in this report, so cutoff/vintage blank and arithmetic disabled.",MoRTH Gross Total Charged,2026,major_head_expenditure_inr_crore,5.0,official_measured,official,,,,,,,,MoRTH_Appendix6_major_head_cash_accounts|All roads (ministry accounts),,,,,,,,,FY2025-26 BE,estimate,administrative_reported,d0dd808600a8a2d0013b1fe4772d104f14dc18fc810c21a09a16aad01ea5624a,,
morth_gross_total_charged,MoRTH Gross Total Charged,agency,MoRTH,All India,All roads (ministry accounts),major_head_expenditure_inr_crore,0.0,INR crore,0.0,INR crore,2025-04-01,2025-12-31,fiscal_year,YTD,MoRTH_Appendix6_major_head_cash_accounts,2025-12-31,2026-03-30,morth_annual_report_2025_26,https://morth.gov.in/backend/documents/uploaded/RTH%20Annual%20Report%20English.pdf,"PDF p134; printed p132; Appendix6 Gross Total Charged, YTD",official_measured,True,d0dd808600a8a2d0013b1fe4772d104f14dc18fc810c21a09a16aad01ea5624a,"Gross, recoveries, voted/charged and net rows are separate accounting views and must not be added. Negative recoveries retained. Explicit zero cells retained; NE expenditure shown through functional 5054 head. Detailed net capital YTD ₹228,952.36 crore differs from narrative overview ₹227,021 crore; no substitution. BE original vintage undisclosed in this report, so cutoff/vintage blank and arithmetic disabled.",MoRTH Gross Total Charged,2025,major_head_expenditure_inr_crore,0.0,official_measured,official,,,,,,,,MoRTH_Appendix6_major_head_cash_accounts|All roads (ministry accounts),,,,,,,,,FY2025-26 through December 2025,reported,administrative_reported,d0dd808600a8a2d0013b1fe4772d104f14dc18fc810c21a09a16aad01ea5624a,,
morth_total_recoveries,MoRTH Total Recoveries,agency,MoRTH,All India,All roads (ministry accounts),major_head_expenditure_inr_crore,-75040.0,INR crore,-75040.0,INR crore,2025-04-01,2026-03-31,fiscal_year,BE,MoRTH_Appendix6_major_head_cash_accounts,,2026-03-30,morth_annual_report_2025_26,https://morth.gov.in/backend/documents/uploaded/RTH%20Annual%20Report%20English.pdf,"PDF p134; printed p132; Appendix6 Total Recoveries, BE",target,False,d0dd808600a8a2d0013b1fe4772d104f14dc18fc810c21a09a16aad01ea5624a,"Gross, recoveries, voted/charged and net rows are separate accounting views and must not be added. Negative recoveries retained. Explicit zero cells retained; NE expenditure shown through functional 5054 head. Detailed net capital YTD ₹228,952.36 crore differs from narrative overview ₹227,021 crore; no substitution. BE original vintage undisclosed in this report, so cutoff/vintage blank and arithmetic disabled.",MoRTH Total Recoveries,2026,major_head_expenditure_inr_crore,-75040.0,official_measured,official,,,,,,,,MoRTH_Appendix6_major_head_cash_accounts|All roads (ministry accounts),,,,,,,,,FY2025-26 BE,estimate,administrative_reported,d0dd808600a8a2d0013b1fe4772d104f14dc18fc810c21a09a16aad01ea5624a,,
morth_total_recoveries,MoRTH Total Recoveries,agency,MoRTH,All India,All roads (ministry accounts),major_head_expenditure_inr_crore,-50566.31,INR crore,-50566.31,INR crore,2025-04-01,2025-12-31,fiscal_year,YTD,MoRTH_Appendix6_major_head_cash_accounts,2025-12-31,2026-03-30,morth_annual_report_2025_26,https://morth.gov.in/backend/documents/uploaded/RTH%20Annual%20Report%20English.pdf,"PDF p134; printed p132; Appendix6 Total Recoveries, YTD",official_measured,True,d0dd808600a8a2d0013b1fe4772d104f14dc18fc810c21a09a16aad01ea5624a,"Gross, recoveries, voted/charged and net rows are separate accounting views and must not be added. Negative recoveries retained. Explicit zero cells retained; NE expenditure shown through functional 5054 head. Detailed net capital YTD ₹228,952.36 crore differs from narrative overview ₹227,021 crore; no substitution. BE original vintage undisclosed in this report, so cutoff/vintage blank and arithmetic disabled.",MoRTH Total Recoveries,2025,major_head_expenditure_inr_crore,-50566.31,official_measured,official,,,,,,,,MoRTH_Appendix6_major_head_cash_accounts|All roads (ministry accounts),,,,,,,,,FY2025-26 through December 2025,reported,administrative_reported,d0dd808600a8a2d0013b1fe4772d104f14dc18fc810c21a09a16aad01ea5624a,,
morth_net_total,MoRTH Net Total,agency,MoRTH,All India,All roads (ministry accounts),major_head_expenditure_inr_crore,287333.16,INR crore,287333.16,INR crore,2025-04-01,2026-03-31,fiscal_year,BE,MoRTH_Appendix6_major_head_cash_accounts,,2026-03-30,morth_annual_report_2025_26,https://morth.gov.in/backend/documents/uploaded/RTH%20Annual%20Report%20English.pdf,"PDF p134; printed p132; Appendix6 Net Total, BE",target,False,d0dd808600a8a2d0013b1fe4772d104f14dc18fc810c21a09a16aad01ea5624a,"Gross, recoveries, voted/charged and net rows are separate accounting views and must not be added. Negative recoveries retained. Explicit zero cells retained; NE expenditure shown through functional 5054 head. Detailed net capital YTD ₹228,952.36 crore differs from narrative overview ₹227,021 crore; no substitution. BE original vintage undisclosed in this report, so cutoff/vintage blank and arithmetic disabled.",MoRTH Net Total,2026,major_head_expenditure_inr_crore,287333.16,official_measured,official,,,,,,,,MoRTH_Appendix6_major_head_cash_accounts|All roads (ministry accounts),,,,,,,,,FY2025-26 BE,estimate,administrative_reported,d0dd808600a8a2d0013b1fe4772d104f14dc18fc810c21a09a16aad01ea5624a,,
morth_net_total,MoRTH Net Total,agency,MoRTH,All India,All roads (ministry accounts),major_head_expenditure_inr_crore,244106.01,INR crore,244106.01,INR crore,2025-04-01,2025-12-31,fiscal_year,YTD,MoRTH_Appendix6_major_head_cash_accounts,2025-12-31,2026-03-30,morth_annual_report_2025_26,https://morth.gov.in/backend/documents/uploaded/RTH%20Annual%20Report%20English.pdf,"PDF p134; printed p132; Appendix6 Net Total, YTD",official_measured,True,d0dd808600a8a2d0013b1fe4772d104f14dc18fc810c21a09a16aad01ea5624a,"Gross, recoveries, voted/charged and net rows are separate accounting views and must not be added. Negative recoveries retained. Explicit zero cells retained; NE expenditure shown through functional 5054 head. Detailed net capital YTD ₹228,952.36 crore differs from narrative overview ₹227,021 crore; no substitution. BE original vintage undisclosed in this report, so cutoff/vintage blank and arithmetic disabled.",MoRTH Net Total,2025,major_head_expenditure_inr_crore,244106.01,official_measured,official,,,,,,,,MoRTH_Appendix6_major_head_cash_accounts|All roads (ministry accounts),,,,,,,,,FY2025-26 through December 2025,reported,administrative_reported,d0dd808600a8a2d0013b1fe4772d104f14dc18fc810c21a09a16aad01ea5624a,,
morth,MoRTH,agency,MoRTH,All India,National Highway,constructed_length_km,4989.0,km,4989.0,km,2025-04-01,2025-12-31,fiscal_year,YTD,MoRTH_all_NH_administrative_performance,2025-12-31,2026-03-30,morth_annual_report_2025_26,https://morth.gov.in/backend/documents/uploaded/RTH%20Annual%20Report%20English.pdf,PDF p12; printed p10; Section2.3 Award and Construction,official_measured,True,d0dd808600a8a2d0013b1fe4772d104f14dc18fc810c21a09a16aad01ea5624a,"MoRTH-wide National Highway scope is distinct from NHAI-only 5,313 km FY2025-26. Current rows explicitly through December 2025, not complete FY2025–26.",MoRTH,2025,constructed_length_km,4989.0,official_measured,official,,,,,,,,MoRTH_all_NH_administrative_performance|National Highway,,,,,,,,,,reported,administrative_reported,d0dd808600a8a2d0013b1fe4772d104f14dc18fc810c21a09a16aad01ea5624a,,
morth,MoRTH,agency,MoRTH,All India,National Highway,awarded_length_km,2257.0,km,2257.0,km,2025-04-01,2025-12-31,fiscal_year,YTD,MoRTH_all_NH_administrative_performance,2025-12-31,2026-03-30,morth_annual_report_2025_26,https://morth.gov.in/backend/documents/uploaded/RTH%20Annual%20Report%20English.pdf,PDF p12; printed p10; Section2.3 Award and Construction,official_measured,True,d0dd808600a8a2d0013b1fe4772d104f14dc18fc810c21a09a16aad01ea5624a,"MoRTH-wide National Highway scope is distinct from NHAI-only 5,313 km FY2025-26. Current rows explicitly through December 2025, not complete FY2025–26.",MoRTH,2025,awarded_length_km,2257.0,official_measured,official,,,,,,,,MoRTH_all_NH_administrative_performance|National Highway,,,,,,,,,,reported,administrative_reported,d0dd808600a8a2d0013b1fe4772d104f14dc18fc810c21a09a16aad01ea5624a,,
morth,MoRTH,agency,MoRTH,All India,National Highway,awarded_length_km,7538.0,km,7538.0,km,2024-04-01,2025-03-31,fiscal_year,actual,MoRTH_all_NH_administrative_performance,2025-03-31,2026-03-30,morth_annual_report_2025_26,https://morth.gov.in/backend/documents/uploaded/RTH%20Annual%20Report%20English.pdf,PDF p12; printed p10; Section2.3 Award and Construction,official_measured,True,d0dd808600a8a2d0013b1fe4772d104f14dc18fc810c21a09a16aad01ea5624a,"MoRTH-wide National Highway scope is distinct from NHAI-only 5,313 km FY2025-26. Current rows explicitly through December 2025, not complete FY2025–26.",MoRTH,2025,awarded_length_km,7538.0,official_measured,official,,,,,,,,MoRTH_all_NH_administrative_performance|National Highway,,,,,,,,,,reported,administrative_reported,d0dd808600a8a2d0013b1fe4772d104f14dc18fc810c21a09a16aad01ea5624a,,
