entity_id,entity_name,entity_type,agency,state,road_class,metric,value,unit,original_value,original_unit,period_start,period_end,period_basis,estimate_type,statement_basis,data_as_of,published_at,source_id,citation_url,table_page,evidence_class,analytical_eligible,source_document_sha256,notes,entity,year,metric_name,metric_value,metric_category,source_type,asset_id,project_name,nh_number,project_stage,scheduled_completion_date,likely_completion_date,actual_completion_date,comparison_group,asset_owner_id,implementing_agency_id,operator_id,concessionaire_id,financing_entity_id,contractor_name,disclosure_as_of,estimate_vintage,reported_period,observation_status,assurance,revision_identity,price_basis,base_year
state_andaman_and_nicobar_islands,Andaman and Nicobar Islands,state_aggregate,RBI / NSO,Andaman and Nicobar Islands,All sectors,gsdp_current_prices_inr_crore,3978.4300000000003,INR crore,397843.0,INR lakh,2011-04-01,2012-03-31,fiscal_year,actual,GSDP_current_prices_2011_12_base,2012-03-31,2025-12-11,rbi_gsdp_current_prices_2024_25,https://rbidocs.rbi.org.in/rdocs/Publications/PDFs/21T_11122025D994949B48C44B68B4465FBB9ADDFF3D.PDF,"Table 21, state Andaman and Nicobar Islands, column 2011-12",official_measured,True,6e48293426935a2ef796c0163edbedeeb6dd165b21db8f018ac912502b3cc287,"Full RBI December2025 published vintage; values may revise earlier releases. Statistical estimates for completed reporting periods, not audited financial actuals; individual AE/RE/provisional status is not specified in this table. Missing cells omitted, never zero-filled. J&K throughFY2018-19 includes Ladakh; retained as a separate historical geography and not joined to present UT totals.",Andaman and Nicobar Islands,2012,gsdp_current_prices_inr_crore,3978.4300000000003,official_measured,official,,,,,,,,GSDP_current_prices_2011_12_base|All sectors,,,,,,,2025-12-11,,2011-12,reported,official_statistical_published,RBI Handbook of Statistics on Indian States 2024-25; Table 21; 11 December 2025,current_prices,2011-12
state_andaman_and_nicobar_islands,Andaman and Nicobar Islands,state_aggregate,RBI / NSO,Andaman and Nicobar Islands,All sectors,gsdp_current_prices_inr_crore,4421.18,INR crore,442118.0,INR lakh,2012-04-01,2013-03-31,fiscal_year,actual,GSDP_current_prices_2011_12_base,2013-03-31,2025-12-11,rbi_gsdp_current_prices_2024_25,https://rbidocs.rbi.org.in/rdocs/Publications/PDFs/21T_11122025D994949B48C44B68B4465FBB9ADDFF3D.PDF,"Table 21, state Andaman and Nicobar Islands, column 2012-13",official_measured,True,6e48293426935a2ef796c0163edbedeeb6dd165b21db8f018ac912502b3cc287,"Full RBI December2025 published vintage; values may revise earlier releases. Statistical estimates for completed reporting periods, not audited financial actuals; individual AE/RE/provisional status is not specified in this table. Missing cells omitted, never zero-filled. J&K throughFY2018-19 includes Ladakh; retained as a separate historical geography and not joined to present UT totals.",Andaman and Nicobar Islands,2013,gsdp_current_prices_inr_crore,4421.18,official_measured,official,,,,,,,,GSDP_current_prices_2011_12_base|All sectors,,,,,,,2025-12-11,,2012-13,reported,official_statistical_published,RBI Handbook of Statistics on Indian States 2024-25; Table 21; 11 December 2025,current_prices,2011-12
state_andaman_and_nicobar_islands,Andaman and Nicobar Islands,state_aggregate,RBI / NSO,Andaman and Nicobar Islands,All sectors,gsdp_current_prices_inr_crore,5022.63,INR crore,502263.0,INR lakh,2013-04-01,2014-03-31,fiscal_year,actual,GSDP_current_prices_2011_12_base,2014-03-31,2025-12-11,rbi_gsdp_current_prices_2024_25,https://rbidocs.rbi.org.in/rdocs/Publications/PDFs/21T_11122025D994949B48C44B68B4465FBB9ADDFF3D.PDF,"Table 21, state Andaman and Nicobar Islands, column 2013-14",official_measured,True,6e48293426935a2ef796c0163edbedeeb6dd165b21db8f018ac912502b3cc287,"Full RBI December2025 published vintage; values may revise earlier releases. Statistical estimates for completed reporting periods, not audited financial actuals; individual AE/RE/provisional status is not specified in this table. Missing cells omitted, never zero-filled. J&K throughFY2018-19 includes Ladakh; retained as a separate historical geography and not joined to present UT totals.",Andaman and Nicobar Islands,2014,gsdp_current_prices_inr_crore,5022.63,official_measured,official,,,,,,,,GSDP_current_prices_2011_12_base|All sectors,,,,,,,2025-12-11,,2013-14,reported,official_statistical_published,RBI Handbook of Statistics on Indian States 2024-25; Table 21; 11 December 2025,current_prices,2011-12
state_andaman_and_nicobar_islands,Andaman and Nicobar Islands,state_aggregate,RBI / NSO,Andaman and Nicobar Islands,All sectors,gsdp_current_prices_inr_crore,5477.22,INR crore,547722.0,INR lakh,2014-04-01,2015-03-31,fiscal_year,actual,GSDP_current_prices_2011_12_base,2015-03-31,2025-12-11,rbi_gsdp_current_prices_2024_25,https://rbidocs.rbi.org.in/rdocs/Publications/PDFs/21T_11122025D994949B48C44B68B4465FBB9ADDFF3D.PDF,"Table 21, state Andaman and Nicobar Islands, column 2014-15",official_measured,True,6e48293426935a2ef796c0163edbedeeb6dd165b21db8f018ac912502b3cc287,"Full RBI December2025 published vintage; values may revise earlier releases. Statistical estimates for completed reporting periods, not audited financial actuals; individual AE/RE/provisional status is not specified in this table. Missing cells omitted, never zero-filled. J&K throughFY2018-19 includes Ladakh; retained as a separate historical geography and not joined to present UT totals.",Andaman and Nicobar Islands,2015,gsdp_current_prices_inr_crore,5477.22,official_measured,official,,,,,,,,GSDP_current_prices_2011_12_base|All sectors,,,,,,,2025-12-11,,2014-15,reported,official_statistical_published,RBI Handbook of Statistics on Indian States 2024-25; Table 21; 11 December 2025,current_prices,2011-12
state_andaman_and_nicobar_islands,Andaman and Nicobar Islands,state_aggregate,RBI / NSO,Andaman and Nicobar Islands,All sectors,gsdp_current_prices_inr_crore,6031.7300000000005,INR crore,603173.0,INR lakh,2015-04-01,2016-03-31,fiscal_year,actual,GSDP_current_prices_2011_12_base,2016-03-31,2025-12-11,rbi_gsdp_current_prices_2024_25,https://rbidocs.rbi.org.in/rdocs/Publications/PDFs/21T_11122025D994949B48C44B68B4465FBB9ADDFF3D.PDF,"Table 21, state Andaman and Nicobar Islands, column 2015-16",official_measured,True,6e48293426935a2ef796c0163edbedeeb6dd165b21db8f018ac912502b3cc287,"Full RBI December2025 published vintage; values may revise earlier releases. Statistical estimates for completed reporting periods, not audited financial actuals; individual AE/RE/provisional status is not specified in this table. Missing cells omitted, never zero-filled. J&K throughFY2018-19 includes Ladakh; retained as a separate historical geography and not joined to present UT totals.",Andaman and Nicobar Islands,2016,gsdp_current_prices_inr_crore,6031.7300000000005,official_measured,official,,,,,,,,GSDP_current_prices_2011_12_base|All sectors,,,,,,,2025-12-11,,2015-16,reported,official_statistical_published,RBI Handbook of Statistics on Indian States 2024-25; Table 21; 11 December 2025,current_prices,2011-12
state_andaman_and_nicobar_islands,Andaman and Nicobar Islands,state_aggregate,RBI / NSO,Andaman and Nicobar Islands,All sectors,gsdp_current_prices_inr_crore,6835.87,INR crore,683587.0,INR lakh,2016-04-01,2017-03-31,fiscal_year,actual,GSDP_current_prices_2011_12_base,2017-03-31,2025-12-11,rbi_gsdp_current_prices_2024_25,https://rbidocs.rbi.org.in/rdocs/Publications/PDFs/21T_11122025D994949B48C44B68B4465FBB9ADDFF3D.PDF,"Table 21, state Andaman and Nicobar Islands, column 2016-17",official_measured,True,6e48293426935a2ef796c0163edbedeeb6dd165b21db8f018ac912502b3cc287,"Full RBI December2025 published vintage; values may revise earlier releases. Statistical estimates for completed reporting periods, not audited financial actuals; individual AE/RE/provisional status is not specified in this table. Missing cells omitted, never zero-filled. J&K throughFY2018-19 includes Ladakh; retained as a separate historical geography and not joined to present UT totals.",Andaman and Nicobar Islands,2017,gsdp_current_prices_inr_crore,6835.87,official_measured,official,,,,,,,,GSDP_current_prices_2011_12_base|All sectors,,,,,,,2025-12-11,,2016-17,reported,official_statistical_published,RBI Handbook of Statistics on Indian States 2024-25; Table 21; 11 December 2025,current_prices,2011-12
state_andhra_pradesh,Andhra Pradesh,state_aggregate,RBI / NSO,Andhra Pradesh,All sectors,gsdp_current_prices_inr_crore,379402.03,INR crore,37940203.0,INR lakh,2011-04-01,2012-03-31,fiscal_year,actual,GSDP_current_prices_2011_12_base,2012-03-31,2025-12-11,rbi_gsdp_current_prices_2024_25,https://rbidocs.rbi.org.in/rdocs/Publications/PDFs/21T_11122025D994949B48C44B68B4465FBB9ADDFF3D.PDF,"Table 21, state Andhra Pradesh, column 2011-12",official_measured,True,6e48293426935a2ef796c0163edbedeeb6dd165b21db8f018ac912502b3cc287,"Full RBI December2025 published vintage; values may revise earlier releases. Statistical estimates for completed reporting periods, not audited financial actuals; individual AE/RE/provisional status is not specified in this table. Missing cells omitted, never zero-filled. J&K throughFY2018-19 includes Ladakh; retained as a separate historical geography and not joined to present UT totals.",Andhra Pradesh,2012,gsdp_current_prices_inr_crore,379402.03,official_measured,official,,,,,,,,GSDP_current_prices_2011_12_base|All sectors,,,,,,,2025-12-11,,2011-12,reported,official_statistical_published,RBI Handbook of Statistics on Indian States 2024-25; Table 21; 11 December 2025,current_prices,2011-12
state_andhra_pradesh,Andhra Pradesh,state_aggregate,RBI / NSO,Andhra Pradesh,All sectors,gsdp_current_prices_inr_crore,411403.71,INR crore,41140371.0,INR lakh,2012-04-01,2013-03-31,fiscal_year,actual,GSDP_current_prices_2011_12_base,2013-03-31,2025-12-11,rbi_gsdp_current_prices_2024_25,https://rbidocs.rbi.org.in/rdocs/Publications/PDFs/21T_11122025D994949B48C44B68B4465FBB9ADDFF3D.PDF,"Table 21, state Andhra Pradesh, column 2012-13",official_measured,True,6e48293426935a2ef796c0163edbedeeb6dd165b21db8f018ac912502b3cc287,"Full RBI December2025 published vintage; values may revise earlier releases. Statistical estimates for completed reporting periods, not audited financial actuals; individual AE/RE/provisional status is not specified in this table. Missing cells omitted, never zero-filled. J&K throughFY2018-19 includes Ladakh; retained as a separate historical geography and not joined to present UT totals.",Andhra Pradesh,2013,gsdp_current_prices_inr_crore,411403.71,official_measured,official,,,,,,,,GSDP_current_prices_2011_12_base|All sectors,,,,,,,2025-12-11,,2012-13,reported,official_statistical_published,RBI Handbook of Statistics on Indian States 2024-25; Table 21; 11 December 2025,current_prices,2011-12
state_andhra_pradesh,Andhra Pradesh,state_aggregate,RBI / NSO,Andhra Pradesh,All sectors,gsdp_current_prices_inr_crore,464272.01,INR crore,46427201.0,INR lakh,2013-04-01,2014-03-31,fiscal_year,actual,GSDP_current_prices_2011_12_base,2014-03-31,2025-12-11,rbi_gsdp_current_prices_2024_25,https://rbidocs.rbi.org.in/rdocs/Publications/PDFs/21T_11122025D994949B48C44B68B4465FBB9ADDFF3D.PDF,"Table 21, state Andhra Pradesh, column 2013-14",official_measured,True,6e48293426935a2ef796c0163edbedeeb6dd165b21db8f018ac912502b3cc287,"Full RBI December2025 published vintage; values may revise earlier releases. Statistical estimates for completed reporting periods, not audited financial actuals; individual AE/RE/provisional status is not specified in this table. Missing cells omitted, never zero-filled. J&K throughFY2018-19 includes Ladakh; retained as a separate historical geography and not joined to present UT totals.",Andhra Pradesh,2014,gsdp_current_prices_inr_crore,464272.01,official_measured,official,,,,,,,,GSDP_current_prices_2011_12_base|All sectors,,,,,,,2025-12-11,,2013-14,reported,official_statistical_published,RBI Handbook of Statistics on Indian States 2024-25; Table 21; 11 December 2025,current_prices,2011-12
state_andhra_pradesh,Andhra Pradesh,state_aggregate,RBI / NSO,Andhra Pradesh,All sectors,gsdp_current_prices_inr_crore,524975.64,INR crore,52497564.0,INR lakh,2014-04-01,2015-03-31,fiscal_year,actual,GSDP_current_prices_2011_12_base,2015-03-31,2025-12-11,rbi_gsdp_current_prices_2024_25,https://rbidocs.rbi.org.in/rdocs/Publications/PDFs/21T_11122025D994949B48C44B68B4465FBB9ADDFF3D.PDF,"Table 21, state Andhra Pradesh, column 2014-15",official_measured,True,6e48293426935a2ef796c0163edbedeeb6dd165b21db8f018ac912502b3cc287,"Full RBI December2025 published vintage; values may revise earlier releases. Statistical estimates for completed reporting periods, not audited financial actuals; individual AE/RE/provisional status is not specified in this table. Missing cells omitted, never zero-filled. J&K throughFY2018-19 includes Ladakh; retained as a separate historical geography and not joined to present UT totals.",Andhra Pradesh,2015,gsdp_current_prices_inr_crore,524975.64,official_measured,official,,,,,,,,GSDP_current_prices_2011_12_base|All sectors,,,,,,,2025-12-11,,2014-15,reported,official_statistical_published,RBI Handbook of Statistics on Indian States 2024-25; Table 21; 11 December 2025,current_prices,2011-12
state_andhra_pradesh,Andhra Pradesh,state_aggregate,RBI / NSO,Andhra Pradesh,All sectors,gsdp_current_prices_inr_crore,604228.62,INR crore,60422862.0,INR lakh,2015-04-01,2016-03-31,fiscal_year,actual,GSDP_current_prices_2011_12_base,2016-03-31,2025-12-11,rbi_gsdp_current_prices_2024_25,https://rbidocs.rbi.org.in/rdocs/Publications/PDFs/21T_11122025D994949B48C44B68B4465FBB9ADDFF3D.PDF,"Table 21, state Andhra Pradesh, column 2015-16",official_measured,True,6e48293426935a2ef796c0163edbedeeb6dd165b21db8f018ac912502b3cc287,"Full RBI December2025 published vintage; values may revise earlier releases. Statistical estimates for completed reporting periods, not audited financial actuals; individual AE/RE/provisional status is not specified in this table. Missing cells omitted, never zero-filled. J&K throughFY2018-19 includes Ladakh; retained as a separate historical geography and not joined to present UT totals.",Andhra Pradesh,2016,gsdp_current_prices_inr_crore,604228.62,official_measured,official,,,,,,,,GSDP_current_prices_2011_12_base|All sectors,,,,,,,2025-12-11,,2015-16,reported,official_statistical_published,RBI Handbook of Statistics on Indian States 2024-25; Table 21; 11 December 2025,current_prices,2011-12
state_andhra_pradesh,Andhra Pradesh,state_aggregate,RBI / NSO,Andhra Pradesh,All sectors,gsdp_current_prices_inr_crore,684415.87,INR crore,68441587.0,INR lakh,2016-04-01,2017-03-31,fiscal_year,actual,GSDP_current_prices_2011_12_base,2017-03-31,2025-12-11,rbi_gsdp_current_prices_2024_25,https://rbidocs.rbi.org.in/rdocs/Publications/PDFs/21T_11122025D994949B48C44B68B4465FBB9ADDFF3D.PDF,"Table 21, state Andhra Pradesh, column 2016-17",official_measured,True,6e48293426935a2ef796c0163edbedeeb6dd165b21db8f018ac912502b3cc287,"Full RBI December2025 published vintage; values may revise earlier releases. Statistical estimates for completed reporting periods, not audited financial actuals; individual AE/RE/provisional status is not specified in this table. Missing cells omitted, never zero-filled. J&K throughFY2018-19 includes Ladakh; retained as a separate historical geography and not joined to present UT totals.",Andhra Pradesh,2017,gsdp_current_prices_inr_crore,684415.87,official_measured,official,,,,,,,,GSDP_current_prices_2011_12_base|All sectors,,,,,,,2025-12-11,,2016-17,reported,official_statistical_published,RBI Handbook of Statistics on Indian States 2024-25; Table 21; 11 December 2025,current_prices,2011-12
state_arunachal_pradesh,Arunachal Pradesh,state_aggregate,RBI / NSO,Arunachal Pradesh,All sectors,gsdp_current_prices_inr_crore,11062.69,INR crore,1106269.0,INR lakh,2011-04-01,2012-03-31,fiscal_year,actual,GSDP_current_prices_2011_12_base,2012-03-31,2025-12-11,rbi_gsdp_current_prices_2024_25,https://rbidocs.rbi.org.in/rdocs/Publications/PDFs/21T_11122025D994949B48C44B68B4465FBB9ADDFF3D.PDF,"Table 21, state Arunachal Pradesh, column 2011-12",official_measured,True,6e48293426935a2ef796c0163edbedeeb6dd165b21db8f018ac912502b3cc287,"Full RBI December2025 published vintage; values may revise earlier releases. Statistical estimates for completed reporting periods, not audited financial actuals; individual AE/RE/provisional status is not specified in this table. Missing cells omitted, never zero-filled. J&K throughFY2018-19 includes Ladakh; retained as a separate historical geography and not joined to present UT totals.",Arunachal Pradesh,2012,gsdp_current_prices_inr_crore,11062.69,official_measured,official,,,,,,,,GSDP_current_prices_2011_12_base|All sectors,,,,,,,2025-12-11,,2011-12,reported,official_statistical_published,RBI Handbook of Statistics on Indian States 2024-25; Table 21; 11 December 2025,current_prices,2011-12
state_arunachal_pradesh,Arunachal Pradesh,state_aggregate,RBI / NSO,Arunachal Pradesh,All sectors,gsdp_current_prices_inr_crore,12546.62,INR crore,1254662.0,INR lakh,2012-04-01,2013-03-31,fiscal_year,actual,GSDP_current_prices_2011_12_base,2013-03-31,2025-12-11,rbi_gsdp_current_prices_2024_25,https://rbidocs.rbi.org.in/rdocs/Publications/PDFs/21T_11122025D994949B48C44B68B4465FBB9ADDFF3D.PDF,"Table 21, state Arunachal Pradesh, column 2012-13",official_measured,True,6e48293426935a2ef796c0163edbedeeb6dd165b21db8f018ac912502b3cc287,"Full RBI December2025 published vintage; values may revise earlier releases. Statistical estimates for completed reporting periods, not audited financial actuals; individual AE/RE/provisional status is not specified in this table. Missing cells omitted, never zero-filled. J&K throughFY2018-19 includes Ladakh; retained as a separate historical geography and not joined to present UT totals.",Arunachal Pradesh,2013,gsdp_current_prices_inr_crore,12546.62,official_measured,official,,,,,,,,GSDP_current_prices_2011_12_base|All sectors,,,,,,,2025-12-11,,2012-13,reported,official_statistical_published,RBI Handbook of Statistics on Indian States 2024-25; Table 21; 11 December 2025,current_prices,2011-12
state_arunachal_pradesh,Arunachal Pradesh,state_aggregate,RBI / NSO,Arunachal Pradesh,All sectors,gsdp_current_prices_inr_crore,14581.07,INR crore,1458107.0,INR lakh,2013-04-01,2014-03-31,fiscal_year,actual,GSDP_current_prices_2011_12_base,2014-03-31,2025-12-11,rbi_gsdp_current_prices_2024_25,https://rbidocs.rbi.org.in/rdocs/Publications/PDFs/21T_11122025D994949B48C44B68B4465FBB9ADDFF3D.PDF,"Table 21, state Arunachal Pradesh, column 2013-14",official_measured,True,6e48293426935a2ef796c0163edbedeeb6dd165b21db8f018ac912502b3cc287,"Full RBI December2025 published vintage; values may revise earlier releases. Statistical estimates for completed reporting periods, not audited financial actuals; individual AE/RE/provisional status is not specified in this table. Missing cells omitted, never zero-filled. J&K throughFY2018-19 includes Ladakh; retained as a separate historical geography and not joined to present UT totals.",Arunachal Pradesh,2014,gsdp_current_prices_inr_crore,14581.07,official_measured,official,,,,,,,,GSDP_current_prices_2011_12_base|All sectors,,,,,,,2025-12-11,,2013-14,reported,official_statistical_published,RBI Handbook of Statistics on Indian States 2024-25; Table 21; 11 December 2025,current_prices,2011-12
state_arunachal_pradesh,Arunachal Pradesh,state_aggregate,RBI / NSO,Arunachal Pradesh,All sectors,gsdp_current_prices_inr_crore,17959.41,INR crore,1795941.0,INR lakh,2014-04-01,2015-03-31,fiscal_year,actual,GSDP_current_prices_2011_12_base,2015-03-31,2025-12-11,rbi_gsdp_current_prices_2024_25,https://rbidocs.rbi.org.in/rdocs/Publications/PDFs/21T_11122025D994949B48C44B68B4465FBB9ADDFF3D.PDF,"Table 21, state Arunachal Pradesh, column 2014-15",official_measured,True,6e48293426935a2ef796c0163edbedeeb6dd165b21db8f018ac912502b3cc287,"Full RBI December2025 published vintage; values may revise earlier releases. Statistical estimates for completed reporting periods, not audited financial actuals; individual AE/RE/provisional status is not specified in this table. Missing cells omitted, never zero-filled. J&K throughFY2018-19 includes Ladakh; retained as a separate historical geography and not joined to present UT totals.",Arunachal Pradesh,2015,gsdp_current_prices_inr_crore,17959.41,official_measured,official,,,,,,,,GSDP_current_prices_2011_12_base|All sectors,,,,,,,2025-12-11,,2014-15,reported,official_statistical_published,RBI Handbook of Statistics on Indian States 2024-25; Table 21; 11 December 2025,current_prices,2011-12
state_arunachal_pradesh,Arunachal Pradesh,state_aggregate,RBI / NSO,Arunachal Pradesh,All sectors,gsdp_current_prices_inr_crore,18509.16,INR crore,1850916.0,INR lakh,2015-04-01,2016-03-31,fiscal_year,actual,GSDP_current_prices_2011_12_base,2016-03-31,2025-12-11,rbi_gsdp_current_prices_2024_25,https://rbidocs.rbi.org.in/rdocs/Publications/PDFs/21T_11122025D994949B48C44B68B4465FBB9ADDFF3D.PDF,"Table 21, state Arunachal Pradesh, column 2015-16",official_measured,True,6e48293426935a2ef796c0163edbedeeb6dd165b21db8f018ac912502b3cc287,"Full RBI December2025 published vintage; values may revise earlier releases. Statistical estimates for completed reporting periods, not audited financial actuals; individual AE/RE/provisional status is not specified in this table. Missing cells omitted, never zero-filled. J&K throughFY2018-19 includes Ladakh; retained as a separate historical geography and not joined to present UT totals.",Arunachal Pradesh,2016,gsdp_current_prices_inr_crore,18509.16,official_measured,official,,,,,,,,GSDP_current_prices_2011_12_base|All sectors,,,,,,,2025-12-11,,2015-16,reported,official_statistical_published,RBI Handbook of Statistics on Indian States 2024-25; Table 21; 11 December 2025,current_prices,2011-12
state_arunachal_pradesh,Arunachal Pradesh,state_aggregate,RBI / NSO,Arunachal Pradesh,All sectors,gsdp_current_prices_inr_crore,19902.12,INR crore,1990212.0,INR lakh,2016-04-01,2017-03-31,fiscal_year,actual,GSDP_current_prices_2011_12_base,2017-03-31,2025-12-11,rbi_gsdp_current_prices_2024_25,https://rbidocs.rbi.org.in/rdocs/Publications/PDFs/21T_11122025D994949B48C44B68B4465FBB9ADDFF3D.PDF,"Table 21, state Arunachal Pradesh, column 2016-17",official_measured,True,6e48293426935a2ef796c0163edbedeeb6dd165b21db8f018ac912502b3cc287,"Full RBI December2025 published vintage; values may revise earlier releases. Statistical estimates for completed reporting periods, not audited financial actuals; individual AE/RE/provisional status is not specified in this table. Missing cells omitted, never zero-filled. J&K throughFY2018-19 includes Ladakh; retained as a separate historical geography and not joined to present UT totals.",Arunachal Pradesh,2017,gsdp_current_prices_inr_crore,19902.12,official_measured,official,,,,,,,,GSDP_current_prices_2011_12_base|All sectors,,,,,,,2025-12-11,,2016-17,reported,official_statistical_published,RBI Handbook of Statistics on Indian States 2024-25; Table 21; 11 December 2025,current_prices,2011-12
state_assam,Assam,state_aggregate,RBI / NSO,Assam,All sectors,gsdp_current_prices_inr_crore,143174.91,INR crore,14317491.0,INR lakh,2011-04-01,2012-03-31,fiscal_year,actual,GSDP_current_prices_2011_12_base,2012-03-31,2025-12-11,rbi_gsdp_current_prices_2024_25,https://rbidocs.rbi.org.in/rdocs/Publications/PDFs/21T_11122025D994949B48C44B68B4465FBB9ADDFF3D.PDF,"Table 21, state Assam, column 2011-12",official_measured,True,6e48293426935a2ef796c0163edbedeeb6dd165b21db8f018ac912502b3cc287,"Full RBI December2025 published vintage; values may revise earlier releases. Statistical estimates for completed reporting periods, not audited financial actuals; individual AE/RE/provisional status is not specified in this table. Missing cells omitted, never zero-filled. J&K throughFY2018-19 includes Ladakh; retained as a separate historical geography and not joined to present UT totals.",Assam,2012,gsdp_current_prices_inr_crore,143174.91,official_measured,official,,,,,,,,GSDP_current_prices_2011_12_base|All sectors,,,,,,,2025-12-11,,2011-12,reported,official_statistical_published,RBI Handbook of Statistics on Indian States 2024-25; Table 21; 11 December 2025,current_prices,2011-12
state_assam,Assam,state_aggregate,RBI / NSO,Assam,All sectors,gsdp_current_prices_inr_crore,156864.24,INR crore,15686424.0,INR lakh,2012-04-01,2013-03-31,fiscal_year,actual,GSDP_current_prices_2011_12_base,2013-03-31,2025-12-11,rbi_gsdp_current_prices_2024_25,https://rbidocs.rbi.org.in/rdocs/Publications/PDFs/21T_11122025D994949B48C44B68B4465FBB9ADDFF3D.PDF,"Table 21, state Assam, column 2012-13",official_measured,True,6e48293426935a2ef796c0163edbedeeb6dd165b21db8f018ac912502b3cc287,"Full RBI December2025 published vintage; values may revise earlier releases. Statistical estimates for completed reporting periods, not audited financial actuals; individual AE/RE/provisional status is not specified in this table. Missing cells omitted, never zero-filled. J&K throughFY2018-19 includes Ladakh; retained as a separate historical geography and not joined to present UT totals.",Assam,2013,gsdp_current_prices_inr_crore,156864.24,official_measured,official,,,,,,,,GSDP_current_prices_2011_12_base|All sectors,,,,,,,2025-12-11,,2012-13,reported,official_statistical_published,RBI Handbook of Statistics on Indian States 2024-25; Table 21; 11 December 2025,current_prices,2011-12
state_assam,Assam,state_aggregate,RBI / NSO,Assam,All sectors,gsdp_current_prices_inr_crore,177745.22,INR crore,17774522.0,INR lakh,2013-04-01,2014-03-31,fiscal_year,actual,GSDP_current_prices_2011_12_base,2014-03-31,2025-12-11,rbi_gsdp_current_prices_2024_25,https://rbidocs.rbi.org.in/rdocs/Publications/PDFs/21T_11122025D994949B48C44B68B4465FBB9ADDFF3D.PDF,"Table 21, state Assam, column 2013-14",official_measured,True,6e48293426935a2ef796c0163edbedeeb6dd165b21db8f018ac912502b3cc287,"Full RBI December2025 published vintage; values may revise earlier releases. Statistical estimates for completed reporting periods, not audited financial actuals; individual AE/RE/provisional status is not specified in this table. Missing cells omitted, never zero-filled. J&K throughFY2018-19 includes Ladakh; retained as a separate historical geography and not joined to present UT totals.",Assam,2014,gsdp_current_prices_inr_crore,177745.22,official_measured,official,,,,,,,,GSDP_current_prices_2011_12_base|All sectors,,,,,,,2025-12-11,,2013-14,reported,official_statistical_published,RBI Handbook of Statistics on Indian States 2024-25; Table 21; 11 December 2025,current_prices,2011-12
state_assam,Assam,state_aggregate,RBI / NSO,Assam,All sectors,gsdp_current_prices_inr_crore,195723.15,INR crore,19572315.0,INR lakh,2014-04-01,2015-03-31,fiscal_year,actual,GSDP_current_prices_2011_12_base,2015-03-31,2025-12-11,rbi_gsdp_current_prices_2024_25,https://rbidocs.rbi.org.in/rdocs/Publications/PDFs/21T_11122025D994949B48C44B68B4465FBB9ADDFF3D.PDF,"Table 21, state Assam, column 2014-15",official_measured,True,6e48293426935a2ef796c0163edbedeeb6dd165b21db8f018ac912502b3cc287,"Full RBI December2025 published vintage; values may revise earlier releases. Statistical estimates for completed reporting periods, not audited financial actuals; individual AE/RE/provisional status is not specified in this table. Missing cells omitted, never zero-filled. J&K throughFY2018-19 includes Ladakh; retained as a separate historical geography and not joined to present UT totals.",Assam,2015,gsdp_current_prices_inr_crore,195723.15,official_measured,official,,,,,,,,GSDP_current_prices_2011_12_base|All sectors,,,,,,,2025-12-11,,2014-15,reported,official_statistical_published,RBI Handbook of Statistics on Indian States 2024-25; Table 21; 11 December 2025,current_prices,2011-12
state_assam,Assam,state_aggregate,RBI / NSO,Assam,All sectors,gsdp_current_prices_inr_crore,227958.82,INR crore,22795882.0,INR lakh,2015-04-01,2016-03-31,fiscal_year,actual,GSDP_current_prices_2011_12_base,2016-03-31,2025-12-11,rbi_gsdp_current_prices_2024_25,https://rbidocs.rbi.org.in/rdocs/Publications/PDFs/21T_11122025D994949B48C44B68B4465FBB9ADDFF3D.PDF,"Table 21, state Assam, column 2015-16",official_measured,True,6e48293426935a2ef796c0163edbedeeb6dd165b21db8f018ac912502b3cc287,"Full RBI December2025 published vintage; values may revise earlier releases. Statistical estimates for completed reporting periods, not audited financial actuals; individual AE/RE/provisional status is not specified in this table. Missing cells omitted, never zero-filled. J&K throughFY2018-19 includes Ladakh; retained as a separate historical geography and not joined to present UT totals.",Assam,2016,gsdp_current_prices_inr_crore,227958.82,official_measured,official,,,,,,,,GSDP_current_prices_2011_12_base|All sectors,,,,,,,2025-12-11,,2015-16,reported,official_statistical_published,RBI Handbook of Statistics on Indian States 2024-25; Table 21; 11 December 2025,current_prices,2011-12
state_assam,Assam,state_aggregate,RBI / NSO,Assam,All sectors,gsdp_current_prices_inr_crore,254382.36000000002,INR crore,25438236.0,INR lakh,2016-04-01,2017-03-31,fiscal_year,actual,GSDP_current_prices_2011_12_base,2017-03-31,2025-12-11,rbi_gsdp_current_prices_2024_25,https://rbidocs.rbi.org.in/rdocs/Publications/PDFs/21T_11122025D994949B48C44B68B4465FBB9ADDFF3D.PDF,"Table 21, state Assam, column 2016-17",official_measured,True,6e48293426935a2ef796c0163edbedeeb6dd165b21db8f018ac912502b3cc287,"Full RBI December2025 published vintage; values may revise earlier releases. Statistical estimates for completed reporting periods, not audited financial actuals; individual AE/RE/provisional status is not specified in this table. Missing cells omitted, never zero-filled. J&K throughFY2018-19 includes Ladakh; retained as a separate historical geography and not joined to present UT totals.",Assam,2017,gsdp_current_prices_inr_crore,254382.36000000002,official_measured,official,,,,,,,,GSDP_current_prices_2011_12_base|All sectors,,,,,,,2025-12-11,,2016-17,reported,official_statistical_published,RBI Handbook of Statistics on Indian States 2024-25; Table 21; 11 December 2025,current_prices,2011-12
state_bihar,Bihar,state_aggregate,RBI / NSO,Bihar,All sectors,gsdp_current_prices_inr_crore,247143.96,INR crore,24714396.0,INR lakh,2011-04-01,2012-03-31,fiscal_year,actual,GSDP_current_prices_2011_12_base,2012-03-31,2025-12-11,rbi_gsdp_current_prices_2024_25,https://rbidocs.rbi.org.in/rdocs/Publications/PDFs/21T_11122025D994949B48C44B68B4465FBB9ADDFF3D.PDF,"Table 21, state Bihar, column 2011-12",official_measured,True,6e48293426935a2ef796c0163edbedeeb6dd165b21db8f018ac912502b3cc287,"Full RBI December2025 published vintage; values may revise earlier releases. Statistical estimates for completed reporting periods, not audited financial actuals; individual AE/RE/provisional status is not specified in this table. Missing cells omitted, never zero-filled. J&K throughFY2018-19 includes Ladakh; retained as a separate historical geography and not joined to present UT totals.",Bihar,2012,gsdp_current_prices_inr_crore,247143.96,official_measured,official,,,,,,,,GSDP_current_prices_2011_12_base|All sectors,,,,,,,2025-12-11,,2011-12,reported,official_statistical_published,RBI Handbook of Statistics on Indian States 2024-25; Table 21; 11 December 2025,current_prices,2011-12
state_bihar,Bihar,state_aggregate,RBI / NSO,Bihar,All sectors,gsdp_current_prices_inr_crore,282367.93,INR crore,28236793.0,INR lakh,2012-04-01,2013-03-31,fiscal_year,actual,GSDP_current_prices_2011_12_base,2013-03-31,2025-12-11,rbi_gsdp_current_prices_2024_25,https://rbidocs.rbi.org.in/rdocs/Publications/PDFs/21T_11122025D994949B48C44B68B4465FBB9ADDFF3D.PDF,"Table 21, state Bihar, column 2012-13",official_measured,True,6e48293426935a2ef796c0163edbedeeb6dd165b21db8f018ac912502b3cc287,"Full RBI December2025 published vintage; values may revise earlier releases. Statistical estimates for completed reporting periods, not audited financial actuals; individual AE/RE/provisional status is not specified in this table. Missing cells omitted, never zero-filled. J&K throughFY2018-19 includes Ladakh; retained as a separate historical geography and not joined to present UT totals.",Bihar,2013,gsdp_current_prices_inr_crore,282367.93,official_measured,official,,,,,,,,GSDP_current_prices_2011_12_base|All sectors,,,,,,,2025-12-11,,2012-13,reported,official_statistical_published,RBI Handbook of Statistics on Indian States 2024-25; Table 21; 11 December 2025,current_prices,2011-12
state_bihar,Bihar,state_aggregate,RBI / NSO,Bihar,All sectors,gsdp_current_prices_inr_crore,317101.34,INR crore,31710134.0,INR lakh,2013-04-01,2014-03-31,fiscal_year,actual,GSDP_current_prices_2011_12_base,2014-03-31,2025-12-11,rbi_gsdp_current_prices_2024_25,https://rbidocs.rbi.org.in/rdocs/Publications/PDFs/21T_11122025D994949B48C44B68B4465FBB9ADDFF3D.PDF,"Table 21, state Bihar, column 2013-14",official_measured,True,6e48293426935a2ef796c0163edbedeeb6dd165b21db8f018ac912502b3cc287,"Full RBI December2025 published vintage; values may revise earlier releases. Statistical estimates for completed reporting periods, not audited financial actuals; individual AE/RE/provisional status is not specified in this table. Missing cells omitted, never zero-filled. J&K throughFY2018-19 includes Ladakh; retained as a separate historical geography and not joined to present UT totals.",Bihar,2014,gsdp_current_prices_inr_crore,317101.34,official_measured,official,,,,,,,,GSDP_current_prices_2011_12_base|All sectors,,,,,,,2025-12-11,,2013-14,reported,official_statistical_published,RBI Handbook of Statistics on Indian States 2024-25; Table 21; 11 December 2025,current_prices,2011-12
state_bihar,Bihar,state_aggregate,RBI / NSO,Bihar,All sectors,gsdp_current_prices_inr_crore,342950.94,INR crore,34295094.0,INR lakh,2014-04-01,2015-03-31,fiscal_year,actual,GSDP_current_prices_2011_12_base,2015-03-31,2025-12-11,rbi_gsdp_current_prices_2024_25,https://rbidocs.rbi.org.in/rdocs/Publications/PDFs/21T_11122025D994949B48C44B68B4465FBB9ADDFF3D.PDF,"Table 21, state Bihar, column 2014-15",official_measured,True,6e48293426935a2ef796c0163edbedeeb6dd165b21db8f018ac912502b3cc287,"Full RBI December2025 published vintage; values may revise earlier releases. Statistical estimates for completed reporting periods, not audited financial actuals; individual AE/RE/provisional status is not specified in this table. Missing cells omitted, never zero-filled. J&K throughFY2018-19 includes Ladakh; retained as a separate historical geography and not joined to present UT totals.",Bihar,2015,gsdp_current_prices_inr_crore,342950.94,official_measured,official,,,,,,,,GSDP_current_prices_2011_12_base|All sectors,,,,,,,2025-12-11,,2014-15,reported,official_statistical_published,RBI Handbook of Statistics on Indian States 2024-25; Table 21; 11 December 2025,current_prices,2011-12
state_bihar,Bihar,state_aggregate,RBI / NSO,Bihar,All sectors,gsdp_current_prices_inr_crore,371601.79,INR crore,37160179.0,INR lakh,2015-04-01,2016-03-31,fiscal_year,actual,GSDP_current_prices_2011_12_base,2016-03-31,2025-12-11,rbi_gsdp_current_prices_2024_25,https://rbidocs.rbi.org.in/rdocs/Publications/PDFs/21T_11122025D994949B48C44B68B4465FBB9ADDFF3D.PDF,"Table 21, state Bihar, column 2015-16",official_measured,True,6e48293426935a2ef796c0163edbedeeb6dd165b21db8f018ac912502b3cc287,"Full RBI December2025 published vintage; values may revise earlier releases. Statistical estimates for completed reporting periods, not audited financial actuals; individual AE/RE/provisional status is not specified in this table. Missing cells omitted, never zero-filled. J&K throughFY2018-19 includes Ladakh; retained as a separate historical geography and not joined to present UT totals.",Bihar,2016,gsdp_current_prices_inr_crore,371601.79,official_measured,official,,,,,,,,GSDP_current_prices_2011_12_base|All sectors,,,,,,,2025-12-11,,2015-16,reported,official_statistical_published,RBI Handbook of Statistics on Indian States 2024-25; Table 21; 11 December 2025,current_prices,2011-12
state_bihar,Bihar,state_aggregate,RBI / NSO,Bihar,All sectors,gsdp_current_prices_inr_crore,421051.5,INR crore,42105150.0,INR lakh,2016-04-01,2017-03-31,fiscal_year,actual,GSDP_current_prices_2011_12_base,2017-03-31,2025-12-11,rbi_gsdp_current_prices_2024_25,https://rbidocs.rbi.org.in/rdocs/Publications/PDFs/21T_11122025D994949B48C44B68B4465FBB9ADDFF3D.PDF,"Table 21, state Bihar, column 2016-17",official_measured,True,6e48293426935a2ef796c0163edbedeeb6dd165b21db8f018ac912502b3cc287,"Full RBI December2025 published vintage; values may revise earlier releases. Statistical estimates for completed reporting periods, not audited financial actuals; individual AE/RE/provisional status is not specified in this table. Missing cells omitted, never zero-filled. J&K throughFY2018-19 includes Ladakh; retained as a separate historical geography and not joined to present UT totals.",Bihar,2017,gsdp_current_prices_inr_crore,421051.5,official_measured,official,,,,,,,,GSDP_current_prices_2011_12_base|All sectors,,,,,,,2025-12-11,,2016-17,reported,official_statistical_published,RBI Handbook of Statistics on Indian States 2024-25; Table 21; 11 December 2025,current_prices,2011-12
state_chandigarh,Chandigarh,state_aggregate,RBI / NSO,Chandigarh,All sectors,gsdp_current_prices_inr_crore,18768.16,INR crore,1876816.0,INR lakh,2011-04-01,2012-03-31,fiscal_year,actual,GSDP_current_prices_2011_12_base,2012-03-31,2025-12-11,rbi_gsdp_current_prices_2024_25,https://rbidocs.rbi.org.in/rdocs/Publications/PDFs/21T_11122025D994949B48C44B68B4465FBB9ADDFF3D.PDF,"Table 21, state Chandigarh, column 2011-12",official_measured,True,6e48293426935a2ef796c0163edbedeeb6dd165b21db8f018ac912502b3cc287,"Full RBI December2025 published vintage; values may revise earlier releases. Statistical estimates for completed reporting periods, not audited financial actuals; individual AE/RE/provisional status is not specified in this table. Missing cells omitted, never zero-filled. J&K throughFY2018-19 includes Ladakh; retained as a separate historical geography and not joined to present UT totals.",Chandigarh,2012,gsdp_current_prices_inr_crore,18768.16,official_measured,official,,,,,,,,GSDP_current_prices_2011_12_base|All sectors,,,,,,,2025-12-11,,2011-12,reported,official_statistical_published,RBI Handbook of Statistics on Indian States 2024-25; Table 21; 11 December 2025,current_prices,2011-12
state_chandigarh,Chandigarh,state_aggregate,RBI / NSO,Chandigarh,All sectors,gsdp_current_prices_inr_crore,21608.56,INR crore,2160856.0,INR lakh,2012-04-01,2013-03-31,fiscal_year,actual,GSDP_current_prices_2011_12_base,2013-03-31,2025-12-11,rbi_gsdp_current_prices_2024_25,https://rbidocs.rbi.org.in/rdocs/Publications/PDFs/21T_11122025D994949B48C44B68B4465FBB9ADDFF3D.PDF,"Table 21, state Chandigarh, column 2012-13",official_measured,True,6e48293426935a2ef796c0163edbedeeb6dd165b21db8f018ac912502b3cc287,"Full RBI December2025 published vintage; values may revise earlier releases. Statistical estimates for completed reporting periods, not audited financial actuals; individual AE/RE/provisional status is not specified in this table. Missing cells omitted, never zero-filled. J&K throughFY2018-19 includes Ladakh; retained as a separate historical geography and not joined to present UT totals.",Chandigarh,2013,gsdp_current_prices_inr_crore,21608.56,official_measured,official,,,,,,,,GSDP_current_prices_2011_12_base|All sectors,,,,,,,2025-12-11,,2012-13,reported,official_statistical_published,RBI Handbook of Statistics on Indian States 2024-25; Table 21; 11 December 2025,current_prices,2011-12
state_chandigarh,Chandigarh,state_aggregate,RBI / NSO,Chandigarh,All sectors,gsdp_current_prices_inr_crore,24821.73,INR crore,2482173.0,INR lakh,2013-04-01,2014-03-31,fiscal_year,actual,GSDP_current_prices_2011_12_base,2014-03-31,2025-12-11,rbi_gsdp_current_prices_2024_25,https://rbidocs.rbi.org.in/rdocs/Publications/PDFs/21T_11122025D994949B48C44B68B4465FBB9ADDFF3D.PDF,"Table 21, state Chandigarh, column 2013-14",official_measured,True,6e48293426935a2ef796c0163edbedeeb6dd165b21db8f018ac912502b3cc287,"Full RBI December2025 published vintage; values may revise earlier releases. Statistical estimates for completed reporting periods, not audited financial actuals; individual AE/RE/provisional status is not specified in this table. Missing cells omitted, never zero-filled. J&K throughFY2018-19 includes Ladakh; retained as a separate historical geography and not joined to present UT totals.",Chandigarh,2014,gsdp_current_prices_inr_crore,24821.73,official_measured,official,,,,,,,,GSDP_current_prices_2011_12_base|All sectors,,,,,,,2025-12-11,,2013-14,reported,official_statistical_published,RBI Handbook of Statistics on Indian States 2024-25; Table 21; 11 December 2025,current_prices,2011-12
state_chandigarh,Chandigarh,state_aggregate,RBI / NSO,Chandigarh,All sectors,gsdp_current_prices_inr_crore,26548.57,INR crore,2654857.0,INR lakh,2014-04-01,2015-03-31,fiscal_year,actual,GSDP_current_prices_2011_12_base,2015-03-31,2025-12-11,rbi_gsdp_current_prices_2024_25,https://rbidocs.rbi.org.in/rdocs/Publications/PDFs/21T_11122025D994949B48C44B68B4465FBB9ADDFF3D.PDF,"Table 21, state Chandigarh, column 2014-15",official_measured,True,6e48293426935a2ef796c0163edbedeeb6dd165b21db8f018ac912502b3cc287,"Full RBI December2025 published vintage; values may revise earlier releases. Statistical estimates for completed reporting periods, not audited financial actuals; individual AE/RE/provisional status is not specified in this table. Missing cells omitted, never zero-filled. J&K throughFY2018-19 includes Ladakh; retained as a separate historical geography and not joined to present UT totals.",Chandigarh,2015,gsdp_current_prices_inr_crore,26548.57,official_measured,official,,,,,,,,GSDP_current_prices_2011_12_base|All sectors,,,,,,,2025-12-11,,2014-15,reported,official_statistical_published,RBI Handbook of Statistics on Indian States 2024-25; Table 21; 11 December 2025,current_prices,2011-12
state_chandigarh,Chandigarh,state_aggregate,RBI / NSO,Chandigarh,All sectors,gsdp_current_prices_inr_crore,29275.08,INR crore,2927508.0,INR lakh,2015-04-01,2016-03-31,fiscal_year,actual,GSDP_current_prices_2011_12_base,2016-03-31,2025-12-11,rbi_gsdp_current_prices_2024_25,https://rbidocs.rbi.org.in/rdocs/Publications/PDFs/21T_11122025D994949B48C44B68B4465FBB9ADDFF3D.PDF,"Table 21, state Chandigarh, column 2015-16",official_measured,True,6e48293426935a2ef796c0163edbedeeb6dd165b21db8f018ac912502b3cc287,"Full RBI December2025 published vintage; values may revise earlier releases. Statistical estimates for completed reporting periods, not audited financial actuals; individual AE/RE/provisional status is not specified in this table. Missing cells omitted, never zero-filled. J&K throughFY2018-19 includes Ladakh; retained as a separate historical geography and not joined to present UT totals.",Chandigarh,2016,gsdp_current_prices_inr_crore,29275.08,official_measured,official,,,,,,,,GSDP_current_prices_2011_12_base|All sectors,,,,,,,2025-12-11,,2015-16,reported,official_statistical_published,RBI Handbook of Statistics on Indian States 2024-25; Table 21; 11 December 2025,current_prices,2011-12
state_chandigarh,Chandigarh,state_aggregate,RBI / NSO,Chandigarh,All sectors,gsdp_current_prices_inr_crore,32426.66,INR crore,3242666.0,INR lakh,2016-04-01,2017-03-31,fiscal_year,actual,GSDP_current_prices_2011_12_base,2017-03-31,2025-12-11,rbi_gsdp_current_prices_2024_25,https://rbidocs.rbi.org.in/rdocs/Publications/PDFs/21T_11122025D994949B48C44B68B4465FBB9ADDFF3D.PDF,"Table 21, state Chandigarh, column 2016-17",official_measured,True,6e48293426935a2ef796c0163edbedeeb6dd165b21db8f018ac912502b3cc287,"Full RBI December2025 published vintage; values may revise earlier releases. Statistical estimates for completed reporting periods, not audited financial actuals; individual AE/RE/provisional status is not specified in this table. Missing cells omitted, never zero-filled. J&K throughFY2018-19 includes Ladakh; retained as a separate historical geography and not joined to present UT totals.",Chandigarh,2017,gsdp_current_prices_inr_crore,32426.66,official_measured,official,,,,,,,,GSDP_current_prices_2011_12_base|All sectors,,,,,,,2025-12-11,,2016-17,reported,official_statistical_published,RBI Handbook of Statistics on Indian States 2024-25; Table 21; 11 December 2025,current_prices,2011-12
state_chhattisgarh,Chhattisgarh,state_aggregate,RBI / NSO,Chhattisgarh,All sectors,gsdp_current_prices_inr_crore,158073.82,INR crore,15807382.0,INR lakh,2011-04-01,2012-03-31,fiscal_year,actual,GSDP_current_prices_2011_12_base,2012-03-31,2025-12-11,rbi_gsdp_current_prices_2024_25,https://rbidocs.rbi.org.in/rdocs/Publications/PDFs/21T_11122025D994949B48C44B68B4465FBB9ADDFF3D.PDF,"Table 21, state Chhattisgarh, column 2011-12",official_measured,True,6e48293426935a2ef796c0163edbedeeb6dd165b21db8f018ac912502b3cc287,"Full RBI December2025 published vintage; values may revise earlier releases. Statistical estimates for completed reporting periods, not audited financial actuals; individual AE/RE/provisional status is not specified in this table. Missing cells omitted, never zero-filled. J&K throughFY2018-19 includes Ladakh; retained as a separate historical geography and not joined to present UT totals.",Chhattisgarh,2012,gsdp_current_prices_inr_crore,158073.82,official_measured,official,,,,,,,,GSDP_current_prices_2011_12_base|All sectors,,,,,,,2025-12-11,,2011-12,reported,official_statistical_published,RBI Handbook of Statistics on Indian States 2024-25; Table 21; 11 December 2025,current_prices,2011-12
state_chhattisgarh,Chhattisgarh,state_aggregate,RBI / NSO,Chhattisgarh,All sectors,gsdp_current_prices_inr_crore,177511.33000000002,INR crore,17751133.0,INR lakh,2012-04-01,2013-03-31,fiscal_year,actual,GSDP_current_prices_2011_12_base,2013-03-31,2025-12-11,rbi_gsdp_current_prices_2024_25,https://rbidocs.rbi.org.in/rdocs/Publications/PDFs/21T_11122025D994949B48C44B68B4465FBB9ADDFF3D.PDF,"Table 21, state Chhattisgarh, column 2012-13",official_measured,True,6e48293426935a2ef796c0163edbedeeb6dd165b21db8f018ac912502b3cc287,"Full RBI December2025 published vintage; values may revise earlier releases. Statistical estimates for completed reporting periods, not audited financial actuals; individual AE/RE/provisional status is not specified in this table. Missing cells omitted, never zero-filled. J&K throughFY2018-19 includes Ladakh; retained as a separate historical geography and not joined to present UT totals.",Chhattisgarh,2013,gsdp_current_prices_inr_crore,177511.33000000002,official_measured,official,,,,,,,,GSDP_current_prices_2011_12_base|All sectors,,,,,,,2025-12-11,,2012-13,reported,official_statistical_published,RBI Handbook of Statistics on Indian States 2024-25; Table 21; 11 December 2025,current_prices,2011-12
state_chhattisgarh,Chhattisgarh,state_aggregate,RBI / NSO,Chhattisgarh,All sectors,gsdp_current_prices_inr_crore,206833.18,INR crore,20683318.0,INR lakh,2013-04-01,2014-03-31,fiscal_year,actual,GSDP_current_prices_2011_12_base,2014-03-31,2025-12-11,rbi_gsdp_current_prices_2024_25,https://rbidocs.rbi.org.in/rdocs/Publications/PDFs/21T_11122025D994949B48C44B68B4465FBB9ADDFF3D.PDF,"Table 21, state Chhattisgarh, column 2013-14",official_measured,True,6e48293426935a2ef796c0163edbedeeb6dd165b21db8f018ac912502b3cc287,"Full RBI December2025 published vintage; values may revise earlier releases. Statistical estimates for completed reporting periods, not audited financial actuals; individual AE/RE/provisional status is not specified in this table. Missing cells omitted, never zero-filled. J&K throughFY2018-19 includes Ladakh; retained as a separate historical geography and not joined to present UT totals.",Chhattisgarh,2014,gsdp_current_prices_inr_crore,206833.18,official_measured,official,,,,,,,,GSDP_current_prices_2011_12_base|All sectors,,,,,,,2025-12-11,,2013-14,reported,official_statistical_published,RBI Handbook of Statistics on Indian States 2024-25; Table 21; 11 December 2025,current_prices,2011-12
state_chhattisgarh,Chhattisgarh,state_aggregate,RBI / NSO,Chhattisgarh,All sectors,gsdp_current_prices_inr_crore,221118.11000000002,INR crore,22111811.0,INR lakh,2014-04-01,2015-03-31,fiscal_year,actual,GSDP_current_prices_2011_12_base,2015-03-31,2025-12-11,rbi_gsdp_current_prices_2024_25,https://rbidocs.rbi.org.in/rdocs/Publications/PDFs/21T_11122025D994949B48C44B68B4465FBB9ADDFF3D.PDF,"Table 21, state Chhattisgarh, column 2014-15",official_measured,True,6e48293426935a2ef796c0163edbedeeb6dd165b21db8f018ac912502b3cc287,"Full RBI December2025 published vintage; values may revise earlier releases. Statistical estimates for completed reporting periods, not audited financial actuals; individual AE/RE/provisional status is not specified in this table. Missing cells omitted, never zero-filled. J&K throughFY2018-19 includes Ladakh; retained as a separate historical geography and not joined to present UT totals.",Chhattisgarh,2015,gsdp_current_prices_inr_crore,221118.11000000002,official_measured,official,,,,,,,,GSDP_current_prices_2011_12_base|All sectors,,,,,,,2025-12-11,,2014-15,reported,official_statistical_published,RBI Handbook of Statistics on Indian States 2024-25; Table 21; 11 December 2025,current_prices,2011-12
state_chhattisgarh,Chhattisgarh,state_aggregate,RBI / NSO,Chhattisgarh,All sectors,gsdp_current_prices_inr_crore,225162.99,INR crore,22516299.0,INR lakh,2015-04-01,2016-03-31,fiscal_year,actual,GSDP_current_prices_2011_12_base,2016-03-31,2025-12-11,rbi_gsdp_current_prices_2024_25,https://rbidocs.rbi.org.in/rdocs/Publications/PDFs/21T_11122025D994949B48C44B68B4465FBB9ADDFF3D.PDF,"Table 21, state Chhattisgarh, column 2015-16",official_measured,True,6e48293426935a2ef796c0163edbedeeb6dd165b21db8f018ac912502b3cc287,"Full RBI December2025 published vintage; values may revise earlier releases. Statistical estimates for completed reporting periods, not audited financial actuals; individual AE/RE/provisional status is not specified in this table. Missing cells omitted, never zero-filled. J&K throughFY2018-19 includes Ladakh; retained as a separate historical geography and not joined to present UT totals.",Chhattisgarh,2016,gsdp_current_prices_inr_crore,225162.99,official_measured,official,,,,,,,,GSDP_current_prices_2011_12_base|All sectors,,,,,,,2025-12-11,,2015-16,reported,official_statistical_published,RBI Handbook of Statistics on Indian States 2024-25; Table 21; 11 December 2025,current_prices,2011-12
state_chhattisgarh,Chhattisgarh,state_aggregate,RBI / NSO,Chhattisgarh,All sectors,gsdp_current_prices_inr_crore,262801.75,INR crore,26280175.0,INR lakh,2016-04-01,2017-03-31,fiscal_year,actual,GSDP_current_prices_2011_12_base,2017-03-31,2025-12-11,rbi_gsdp_current_prices_2024_25,https://rbidocs.rbi.org.in/rdocs/Publications/PDFs/21T_11122025D994949B48C44B68B4465FBB9ADDFF3D.PDF,"Table 21, state Chhattisgarh, column 2016-17",official_measured,True,6e48293426935a2ef796c0163edbedeeb6dd165b21db8f018ac912502b3cc287,"Full RBI December2025 published vintage; values may revise earlier releases. Statistical estimates for completed reporting periods, not audited financial actuals; individual AE/RE/provisional status is not specified in this table. Missing cells omitted, never zero-filled. J&K throughFY2018-19 includes Ladakh; retained as a separate historical geography and not joined to present UT totals.",Chhattisgarh,2017,gsdp_current_prices_inr_crore,262801.75,official_measured,official,,,,,,,,GSDP_current_prices_2011_12_base|All sectors,,,,,,,2025-12-11,,2016-17,reported,official_statistical_published,RBI Handbook of Statistics on Indian States 2024-25; Table 21; 11 December 2025,current_prices,2011-12
state_delhi,Delhi,state_aggregate,RBI / NSO,Delhi,All sectors,gsdp_current_prices_inr_crore,343797.5,INR crore,34379750.0,INR lakh,2011-04-01,2012-03-31,fiscal_year,actual,GSDP_current_prices_2011_12_base,2012-03-31,2025-12-11,rbi_gsdp_current_prices_2024_25,https://rbidocs.rbi.org.in/rdocs/Publications/PDFs/21T_11122025D994949B48C44B68B4465FBB9ADDFF3D.PDF,"Table 21, state Delhi, column 2011-12",official_measured,True,6e48293426935a2ef796c0163edbedeeb6dd165b21db8f018ac912502b3cc287,"Full RBI December2025 published vintage; values may revise earlier releases. Statistical estimates for completed reporting periods, not audited financial actuals; individual AE/RE/provisional status is not specified in this table. Missing cells omitted, never zero-filled. J&K throughFY2018-19 includes Ladakh; retained as a separate historical geography and not joined to present UT totals.",Delhi,2012,gsdp_current_prices_inr_crore,343797.5,official_measured,official,,,,,,,,GSDP_current_prices_2011_12_base|All sectors,,,,,,,2025-12-11,,2011-12,reported,official_statistical_published,RBI Handbook of Statistics on Indian States 2024-25; Table 21; 11 December 2025,current_prices,2011-12
state_delhi,Delhi,state_aggregate,RBI / NSO,Delhi,All sectors,gsdp_current_prices_inr_crore,391387.64,INR crore,39138764.0,INR lakh,2012-04-01,2013-03-31,fiscal_year,actual,GSDP_current_prices_2011_12_base,2013-03-31,2025-12-11,rbi_gsdp_current_prices_2024_25,https://rbidocs.rbi.org.in/rdocs/Publications/PDFs/21T_11122025D994949B48C44B68B4465FBB9ADDFF3D.PDF,"Table 21, state Delhi, column 2012-13",official_measured,True,6e48293426935a2ef796c0163edbedeeb6dd165b21db8f018ac912502b3cc287,"Full RBI December2025 published vintage; values may revise earlier releases. Statistical estimates for completed reporting periods, not audited financial actuals; individual AE/RE/provisional status is not specified in this table. Missing cells omitted, never zero-filled. J&K throughFY2018-19 includes Ladakh; retained as a separate historical geography and not joined to present UT totals.",Delhi,2013,gsdp_current_prices_inr_crore,391387.64,official_measured,official,,,,,,,,GSDP_current_prices_2011_12_base|All sectors,,,,,,,2025-12-11,,2012-13,reported,official_statistical_published,RBI Handbook of Statistics on Indian States 2024-25; Table 21; 11 December 2025,current_prices,2011-12
state_delhi,Delhi,state_aggregate,RBI / NSO,Delhi,All sectors,gsdp_current_prices_inr_crore,443959.89,INR crore,44395989.0,INR lakh,2013-04-01,2014-03-31,fiscal_year,actual,GSDP_current_prices_2011_12_base,2014-03-31,2025-12-11,rbi_gsdp_current_prices_2024_25,https://rbidocs.rbi.org.in/rdocs/Publications/PDFs/21T_11122025D994949B48C44B68B4465FBB9ADDFF3D.PDF,"Table 21, state Delhi, column 2013-14",official_measured,True,6e48293426935a2ef796c0163edbedeeb6dd165b21db8f018ac912502b3cc287,"Full RBI December2025 published vintage; values may revise earlier releases. Statistical estimates for completed reporting periods, not audited financial actuals; individual AE/RE/provisional status is not specified in this table. Missing cells omitted, never zero-filled. J&K throughFY2018-19 includes Ladakh; retained as a separate historical geography and not joined to present UT totals.",Delhi,2014,gsdp_current_prices_inr_crore,443959.89,official_measured,official,,,,,,,,GSDP_current_prices_2011_12_base|All sectors,,,,,,,2025-12-11,,2013-14,reported,official_statistical_published,RBI Handbook of Statistics on Indian States 2024-25; Table 21; 11 December 2025,current_prices,2011-12
state_delhi,Delhi,state_aggregate,RBI / NSO,Delhi,All sectors,gsdp_current_prices_inr_crore,494803.02,INR crore,49480302.0,INR lakh,2014-04-01,2015-03-31,fiscal_year,actual,GSDP_current_prices_2011_12_base,2015-03-31,2025-12-11,rbi_gsdp_current_prices_2024_25,https://rbidocs.rbi.org.in/rdocs/Publications/PDFs/21T_11122025D994949B48C44B68B4465FBB9ADDFF3D.PDF,"Table 21, state Delhi, column 2014-15",official_measured,True,6e48293426935a2ef796c0163edbedeeb6dd165b21db8f018ac912502b3cc287,"Full RBI December2025 published vintage; values may revise earlier releases. Statistical estimates for completed reporting periods, not audited financial actuals; individual AE/RE/provisional status is not specified in this table. Missing cells omitted, never zero-filled. J&K throughFY2018-19 includes Ladakh; retained as a separate historical geography and not joined to present UT totals.",Delhi,2015,gsdp_current_prices_inr_crore,494803.02,official_measured,official,,,,,,,,GSDP_current_prices_2011_12_base|All sectors,,,,,,,2025-12-11,,2014-15,reported,official_statistical_published,RBI Handbook of Statistics on Indian States 2024-25; Table 21; 11 December 2025,current_prices,2011-12
state_delhi,Delhi,state_aggregate,RBI / NSO,Delhi,All sectors,gsdp_current_prices_inr_crore,550803.7,INR crore,55080370.0,INR lakh,2015-04-01,2016-03-31,fiscal_year,actual,GSDP_current_prices_2011_12_base,2016-03-31,2025-12-11,rbi_gsdp_current_prices_2024_25,https://rbidocs.rbi.org.in/rdocs/Publications/PDFs/21T_11122025D994949B48C44B68B4465FBB9ADDFF3D.PDF,"Table 21, state Delhi, column 2015-16",official_measured,True,6e48293426935a2ef796c0163edbedeeb6dd165b21db8f018ac912502b3cc287,"Full RBI December2025 published vintage; values may revise earlier releases. Statistical estimates for completed reporting periods, not audited financial actuals; individual AE/RE/provisional status is not specified in this table. Missing cells omitted, never zero-filled. J&K throughFY2018-19 includes Ladakh; retained as a separate historical geography and not joined to present UT totals.",Delhi,2016,gsdp_current_prices_inr_crore,550803.7,official_measured,official,,,,,,,,GSDP_current_prices_2011_12_base|All sectors,,,,,,,2025-12-11,,2015-16,reported,official_statistical_published,RBI Handbook of Statistics on Indian States 2024-25; Table 21; 11 December 2025,current_prices,2011-12
state_delhi,Delhi,state_aggregate,RBI / NSO,Delhi,All sectors,gsdp_current_prices_inr_crore,616085.06,INR crore,61608506.0,INR lakh,2016-04-01,2017-03-31,fiscal_year,actual,GSDP_current_prices_2011_12_base,2017-03-31,2025-12-11,rbi_gsdp_current_prices_2024_25,https://rbidocs.rbi.org.in/rdocs/Publications/PDFs/21T_11122025D994949B48C44B68B4465FBB9ADDFF3D.PDF,"Table 21, state Delhi, column 2016-17",official_measured,True,6e48293426935a2ef796c0163edbedeeb6dd165b21db8f018ac912502b3cc287,"Full RBI December2025 published vintage; values may revise earlier releases. Statistical estimates for completed reporting periods, not audited financial actuals; individual AE/RE/provisional status is not specified in this table. Missing cells omitted, never zero-filled. J&K throughFY2018-19 includes Ladakh; retained as a separate historical geography and not joined to present UT totals.",Delhi,2017,gsdp_current_prices_inr_crore,616085.06,official_measured,official,,,,,,,,GSDP_current_prices_2011_12_base|All sectors,,,,,,,2025-12-11,,2016-17,reported,official_statistical_published,RBI Handbook of Statistics on Indian States 2024-25; Table 21; 11 December 2025,current_prices,2011-12
state_goa,Goa,state_aggregate,RBI / NSO,Goa,All sectors,gsdp_current_prices_inr_crore,42366.66,INR crore,4236666.0,INR lakh,2011-04-01,2012-03-31,fiscal_year,actual,GSDP_current_prices_2011_12_base,2012-03-31,2025-12-11,rbi_gsdp_current_prices_2024_25,https://rbidocs.rbi.org.in/rdocs/Publications/PDFs/21T_11122025D994949B48C44B68B4465FBB9ADDFF3D.PDF,"Table 21, state Goa, column 2011-12",official_measured,True,6e48293426935a2ef796c0163edbedeeb6dd165b21db8f018ac912502b3cc287,"Full RBI December2025 published vintage; values may revise earlier releases. Statistical estimates for completed reporting periods, not audited financial actuals; individual AE/RE/provisional status is not specified in this table. Missing cells omitted, never zero-filled. J&K throughFY2018-19 includes Ladakh; retained as a separate historical geography and not joined to present UT totals.",Goa,2012,gsdp_current_prices_inr_crore,42366.66,official_measured,official,,,,,,,,GSDP_current_prices_2011_12_base|All sectors,,,,,,,2025-12-11,,2011-12,reported,official_statistical_published,RBI Handbook of Statistics on Indian States 2024-25; Table 21; 11 December 2025,current_prices,2011-12
state_goa,Goa,state_aggregate,RBI / NSO,Goa,All sectors,gsdp_current_prices_inr_crore,38120.020000000004,INR crore,3812002.0,INR lakh,2012-04-01,2013-03-31,fiscal_year,actual,GSDP_current_prices_2011_12_base,2013-03-31,2025-12-11,rbi_gsdp_current_prices_2024_25,https://rbidocs.rbi.org.in/rdocs/Publications/PDFs/21T_11122025D994949B48C44B68B4465FBB9ADDFF3D.PDF,"Table 21, state Goa, column 2012-13",official_measured,True,6e48293426935a2ef796c0163edbedeeb6dd165b21db8f018ac912502b3cc287,"Full RBI December2025 published vintage; values may revise earlier releases. Statistical estimates for completed reporting periods, not audited financial actuals; individual AE/RE/provisional status is not specified in this table. Missing cells omitted, never zero-filled. J&K throughFY2018-19 includes Ladakh; retained as a separate historical geography and not joined to present UT totals.",Goa,2013,gsdp_current_prices_inr_crore,38120.020000000004,official_measured,official,,,,,,,,GSDP_current_prices_2011_12_base|All sectors,,,,,,,2025-12-11,,2012-13,reported,official_statistical_published,RBI Handbook of Statistics on Indian States 2024-25; Table 21; 11 December 2025,current_prices,2011-12
state_goa,Goa,state_aggregate,RBI / NSO,Goa,All sectors,gsdp_current_prices_inr_crore,35921.1,INR crore,3592110.0,INR lakh,2013-04-01,2014-03-31,fiscal_year,actual,GSDP_current_prices_2011_12_base,2014-03-31,2025-12-11,rbi_gsdp_current_prices_2024_25,https://rbidocs.rbi.org.in/rdocs/Publications/PDFs/21T_11122025D994949B48C44B68B4465FBB9ADDFF3D.PDF,"Table 21, state Goa, column 2013-14",official_measured,True,6e48293426935a2ef796c0163edbedeeb6dd165b21db8f018ac912502b3cc287,"Full RBI December2025 published vintage; values may revise earlier releases. Statistical estimates for completed reporting periods, not audited financial actuals; individual AE/RE/provisional status is not specified in this table. Missing cells omitted, never zero-filled. J&K throughFY2018-19 includes Ladakh; retained as a separate historical geography and not joined to present UT totals.",Goa,2014,gsdp_current_prices_inr_crore,35921.1,official_measured,official,,,,,,,,GSDP_current_prices_2011_12_base|All sectors,,,,,,,2025-12-11,,2013-14,reported,official_statistical_published,RBI Handbook of Statistics on Indian States 2024-25; Table 21; 11 December 2025,current_prices,2011-12
state_goa,Goa,state_aggregate,RBI / NSO,Goa,All sectors,gsdp_current_prices_inr_crore,47814.18,INR crore,4781418.0,INR lakh,2014-04-01,2015-03-31,fiscal_year,actual,GSDP_current_prices_2011_12_base,2015-03-31,2025-12-11,rbi_gsdp_current_prices_2024_25,https://rbidocs.rbi.org.in/rdocs/Publications/PDFs/21T_11122025D994949B48C44B68B4465FBB9ADDFF3D.PDF,"Table 21, state Goa, column 2014-15",official_measured,True,6e48293426935a2ef796c0163edbedeeb6dd165b21db8f018ac912502b3cc287,"Full RBI December2025 published vintage; values may revise earlier releases. Statistical estimates for completed reporting periods, not audited financial actuals; individual AE/RE/provisional status is not specified in this table. Missing cells omitted, never zero-filled. J&K throughFY2018-19 includes Ladakh; retained as a separate historical geography and not joined to present UT totals.",Goa,2015,gsdp_current_prices_inr_crore,47814.18,official_measured,official,,,,,,,,GSDP_current_prices_2011_12_base|All sectors,,,,,,,2025-12-11,,2014-15,reported,official_statistical_published,RBI Handbook of Statistics on Indian States 2024-25; Table 21; 11 December 2025,current_prices,2011-12
state_goa,Goa,state_aggregate,RBI / NSO,Goa,All sectors,gsdp_current_prices_inr_crore,55053.85,INR crore,5505385.0,INR lakh,2015-04-01,2016-03-31,fiscal_year,actual,GSDP_current_prices_2011_12_base,2016-03-31,2025-12-11,rbi_gsdp_current_prices_2024_25,https://rbidocs.rbi.org.in/rdocs/Publications/PDFs/21T_11122025D994949B48C44B68B4465FBB9ADDFF3D.PDF,"Table 21, state Goa, column 2015-16",official_measured,True,6e48293426935a2ef796c0163edbedeeb6dd165b21db8f018ac912502b3cc287,"Full RBI December2025 published vintage; values may revise earlier releases. Statistical estimates for completed reporting periods, not audited financial actuals; individual AE/RE/provisional status is not specified in this table. Missing cells omitted, never zero-filled. J&K throughFY2018-19 includes Ladakh; retained as a separate historical geography and not joined to present UT totals.",Goa,2016,gsdp_current_prices_inr_crore,55053.85,official_measured,official,,,,,,,,GSDP_current_prices_2011_12_base|All sectors,,,,,,,2025-12-11,,2015-16,reported,official_statistical_published,RBI Handbook of Statistics on Indian States 2024-25; Table 21; 11 December 2025,current_prices,2011-12
state_goa,Goa,state_aggregate,RBI / NSO,Goa,All sectors,gsdp_current_prices_inr_crore,62976.310000000005,INR crore,6297631.0,INR lakh,2016-04-01,2017-03-31,fiscal_year,actual,GSDP_current_prices_2011_12_base,2017-03-31,2025-12-11,rbi_gsdp_current_prices_2024_25,https://rbidocs.rbi.org.in/rdocs/Publications/PDFs/21T_11122025D994949B48C44B68B4465FBB9ADDFF3D.PDF,"Table 21, state Goa, column 2016-17",official_measured,True,6e48293426935a2ef796c0163edbedeeb6dd165b21db8f018ac912502b3cc287,"Full RBI December2025 published vintage; values may revise earlier releases. Statistical estimates for completed reporting periods, not audited financial actuals; individual AE/RE/provisional status is not specified in this table. Missing cells omitted, never zero-filled. J&K throughFY2018-19 includes Ladakh; retained as a separate historical geography and not joined to present UT totals.",Goa,2017,gsdp_current_prices_inr_crore,62976.310000000005,official_measured,official,,,,,,,,GSDP_current_prices_2011_12_base|All sectors,,,,,,,2025-12-11,,2016-17,reported,official_statistical_published,RBI Handbook of Statistics on Indian States 2024-25; Table 21; 11 December 2025,current_prices,2011-12
state_gujarat,Gujarat,state_aggregate,RBI / NSO,Gujarat,All sectors,gsdp_current_prices_inr_crore,615606.0700000001,INR crore,61560607.0,INR lakh,2011-04-01,2012-03-31,fiscal_year,actual,GSDP_current_prices_2011_12_base,2012-03-31,2025-12-11,rbi_gsdp_current_prices_2024_25,https://rbidocs.rbi.org.in/rdocs/Publications/PDFs/21T_11122025D994949B48C44B68B4465FBB9ADDFF3D.PDF,"Table 21, state Gujarat, column 2011-12",official_measured,True,6e48293426935a2ef796c0163edbedeeb6dd165b21db8f018ac912502b3cc287,"Full RBI December2025 published vintage; values may revise earlier releases. Statistical estimates for completed reporting periods, not audited financial actuals; individual AE/RE/provisional status is not specified in this table. Missing cells omitted, never zero-filled. J&K throughFY2018-19 includes Ladakh; retained as a separate historical geography and not joined to present UT totals.",Gujarat,2012,gsdp_current_prices_inr_crore,615606.0700000001,official_measured,official,,,,,,,,GSDP_current_prices_2011_12_base|All sectors,,,,,,,2025-12-11,,2011-12,reported,official_statistical_published,RBI Handbook of Statistics on Indian States 2024-25; Table 21; 11 December 2025,current_prices,2011-12
state_gujarat,Gujarat,state_aggregate,RBI / NSO,Gujarat,All sectors,gsdp_current_prices_inr_crore,724495.36,INR crore,72449536.0,INR lakh,2012-04-01,2013-03-31,fiscal_year,actual,GSDP_current_prices_2011_12_base,2013-03-31,2025-12-11,rbi_gsdp_current_prices_2024_25,https://rbidocs.rbi.org.in/rdocs/Publications/PDFs/21T_11122025D994949B48C44B68B4465FBB9ADDFF3D.PDF,"Table 21, state Gujarat, column 2012-13",official_measured,True,6e48293426935a2ef796c0163edbedeeb6dd165b21db8f018ac912502b3cc287,"Full RBI December2025 published vintage; values may revise earlier releases. Statistical estimates for completed reporting periods, not audited financial actuals; individual AE/RE/provisional status is not specified in this table. Missing cells omitted, never zero-filled. J&K throughFY2018-19 includes Ladakh; retained as a separate historical geography and not joined to present UT totals.",Gujarat,2013,gsdp_current_prices_inr_crore,724495.36,official_measured,official,,,,,,,,GSDP_current_prices_2011_12_base|All sectors,,,,,,,2025-12-11,,2012-13,reported,official_statistical_published,RBI Handbook of Statistics on Indian States 2024-25; Table 21; 11 December 2025,current_prices,2011-12
state_gujarat,Gujarat,state_aggregate,RBI / NSO,Gujarat,All sectors,gsdp_current_prices_inr_crore,807623.1900000001,INR crore,80762319.0,INR lakh,2013-04-01,2014-03-31,fiscal_year,actual,GSDP_current_prices_2011_12_base,2014-03-31,2025-12-11,rbi_gsdp_current_prices_2024_25,https://rbidocs.rbi.org.in/rdocs/Publications/PDFs/21T_11122025D994949B48C44B68B4465FBB9ADDFF3D.PDF,"Table 21, state Gujarat, column 2013-14",official_measured,True,6e48293426935a2ef796c0163edbedeeb6dd165b21db8f018ac912502b3cc287,"Full RBI December2025 published vintage; values may revise earlier releases. Statistical estimates for completed reporting periods, not audited financial actuals; individual AE/RE/provisional status is not specified in this table. Missing cells omitted, never zero-filled. J&K throughFY2018-19 includes Ladakh; retained as a separate historical geography and not joined to present UT totals.",Gujarat,2014,gsdp_current_prices_inr_crore,807623.1900000001,official_measured,official,,,,,,,,GSDP_current_prices_2011_12_base|All sectors,,,,,,,2025-12-11,,2013-14,reported,official_statistical_published,RBI Handbook of Statistics on Indian States 2024-25; Table 21; 11 December 2025,current_prices,2011-12
state_gujarat,Gujarat,state_aggregate,RBI / NSO,Gujarat,All sectors,gsdp_current_prices_inr_crore,921773.15,INR crore,92177315.0,INR lakh,2014-04-01,2015-03-31,fiscal_year,actual,GSDP_current_prices_2011_12_base,2015-03-31,2025-12-11,rbi_gsdp_current_prices_2024_25,https://rbidocs.rbi.org.in/rdocs/Publications/PDFs/21T_11122025D994949B48C44B68B4465FBB9ADDFF3D.PDF,"Table 21, state Gujarat, column 2014-15",official_measured,True,6e48293426935a2ef796c0163edbedeeb6dd165b21db8f018ac912502b3cc287,"Full RBI December2025 published vintage; values may revise earlier releases. Statistical estimates for completed reporting periods, not audited financial actuals; individual AE/RE/provisional status is not specified in this table. Missing cells omitted, never zero-filled. J&K throughFY2018-19 includes Ladakh; retained as a separate historical geography and not joined to present UT totals.",Gujarat,2015,gsdp_current_prices_inr_crore,921773.15,official_measured,official,,,,,,,,GSDP_current_prices_2011_12_base|All sectors,,,,,,,2025-12-11,,2014-15,reported,official_statistical_published,RBI Handbook of Statistics on Indian States 2024-25; Table 21; 11 December 2025,current_prices,2011-12
state_gujarat,Gujarat,state_aggregate,RBI / NSO,Gujarat,All sectors,gsdp_current_prices_inr_crore,1029009.74,INR crore,102900974.0,INR lakh,2015-04-01,2016-03-31,fiscal_year,actual,GSDP_current_prices_2011_12_base,2016-03-31,2025-12-11,rbi_gsdp_current_prices_2024_25,https://rbidocs.rbi.org.in/rdocs/Publications/PDFs/21T_11122025D994949B48C44B68B4465FBB9ADDFF3D.PDF,"Table 21, state Gujarat, column 2015-16",official_measured,True,6e48293426935a2ef796c0163edbedeeb6dd165b21db8f018ac912502b3cc287,"Full RBI December2025 published vintage; values may revise earlier releases. Statistical estimates for completed reporting periods, not audited financial actuals; individual AE/RE/provisional status is not specified in this table. Missing cells omitted, never zero-filled. J&K throughFY2018-19 includes Ladakh; retained as a separate historical geography and not joined to present UT totals.",Gujarat,2016,gsdp_current_prices_inr_crore,1029009.74,official_measured,official,,,,,,,,GSDP_current_prices_2011_12_base|All sectors,,,,,,,2025-12-11,,2015-16,reported,official_statistical_published,RBI Handbook of Statistics on Indian States 2024-25; Table 21; 11 December 2025,current_prices,2011-12
state_gujarat,Gujarat,state_aggregate,RBI / NSO,Gujarat,All sectors,gsdp_current_prices_inr_crore,1167155.58,INR crore,116715558.0,INR lakh,2016-04-01,2017-03-31,fiscal_year,actual,GSDP_current_prices_2011_12_base,2017-03-31,2025-12-11,rbi_gsdp_current_prices_2024_25,https://rbidocs.rbi.org.in/rdocs/Publications/PDFs/21T_11122025D994949B48C44B68B4465FBB9ADDFF3D.PDF,"Table 21, state Gujarat, column 2016-17",official_measured,True,6e48293426935a2ef796c0163edbedeeb6dd165b21db8f018ac912502b3cc287,"Full RBI December2025 published vintage; values may revise earlier releases. Statistical estimates for completed reporting periods, not audited financial actuals; individual AE/RE/provisional status is not specified in this table. Missing cells omitted, never zero-filled. J&K throughFY2018-19 includes Ladakh; retained as a separate historical geography and not joined to present UT totals.",Gujarat,2017,gsdp_current_prices_inr_crore,1167155.58,official_measured,official,,,,,,,,GSDP_current_prices_2011_12_base|All sectors,,,,,,,2025-12-11,,2016-17,reported,official_statistical_published,RBI Handbook of Statistics on Indian States 2024-25; Table 21; 11 December 2025,current_prices,2011-12
state_haryana,Haryana,state_aggregate,RBI / NSO,Haryana,All sectors,gsdp_current_prices_inr_crore,297538.52,INR crore,29753852.0,INR lakh,2011-04-01,2012-03-31,fiscal_year,actual,GSDP_current_prices_2011_12_base,2012-03-31,2025-12-11,rbi_gsdp_current_prices_2024_25,https://rbidocs.rbi.org.in/rdocs/Publications/PDFs/21T_11122025D994949B48C44B68B4465FBB9ADDFF3D.PDF,"Table 21, state Haryana, column 2011-12",official_measured,True,6e48293426935a2ef796c0163edbedeeb6dd165b21db8f018ac912502b3cc287,"Full RBI December2025 published vintage; values may revise earlier releases. Statistical estimates for completed reporting periods, not audited financial actuals; individual AE/RE/provisional status is not specified in this table. Missing cells omitted, never zero-filled. J&K throughFY2018-19 includes Ladakh; retained as a separate historical geography and not joined to present UT totals.",Haryana,2012,gsdp_current_prices_inr_crore,297538.52,official_measured,official,,,,,,,,GSDP_current_prices_2011_12_base|All sectors,,,,,,,2025-12-11,,2011-12,reported,official_statistical_published,RBI Handbook of Statistics on Indian States 2024-25; Table 21; 11 December 2025,current_prices,2011-12
state_haryana,Haryana,state_aggregate,RBI / NSO,Haryana,All sectors,gsdp_current_prices_inr_crore,347032.01,INR crore,34703201.0,INR lakh,2012-04-01,2013-03-31,fiscal_year,actual,GSDP_current_prices_2011_12_base,2013-03-31,2025-12-11,rbi_gsdp_current_prices_2024_25,https://rbidocs.rbi.org.in/rdocs/Publications/PDFs/21T_11122025D994949B48C44B68B4465FBB9ADDFF3D.PDF,"Table 21, state Haryana, column 2012-13",official_measured,True,6e48293426935a2ef796c0163edbedeeb6dd165b21db8f018ac912502b3cc287,"Full RBI December2025 published vintage; values may revise earlier releases. Statistical estimates for completed reporting periods, not audited financial actuals; individual AE/RE/provisional status is not specified in this table. Missing cells omitted, never zero-filled. J&K throughFY2018-19 includes Ladakh; retained as a separate historical geography and not joined to present UT totals.",Haryana,2013,gsdp_current_prices_inr_crore,347032.01,official_measured,official,,,,,,,,GSDP_current_prices_2011_12_base|All sectors,,,,,,,2025-12-11,,2012-13,reported,official_statistical_published,RBI Handbook of Statistics on Indian States 2024-25; Table 21; 11 December 2025,current_prices,2011-12
state_haryana,Haryana,state_aggregate,RBI / NSO,Haryana,All sectors,gsdp_current_prices_inr_crore,399268.12,INR crore,39926812.0,INR lakh,2013-04-01,2014-03-31,fiscal_year,actual,GSDP_current_prices_2011_12_base,2014-03-31,2025-12-11,rbi_gsdp_current_prices_2024_25,https://rbidocs.rbi.org.in/rdocs/Publications/PDFs/21T_11122025D994949B48C44B68B4465FBB9ADDFF3D.PDF,"Table 21, state Haryana, column 2013-14",official_measured,True,6e48293426935a2ef796c0163edbedeeb6dd165b21db8f018ac912502b3cc287,"Full RBI December2025 published vintage; values may revise earlier releases. Statistical estimates for completed reporting periods, not audited financial actuals; individual AE/RE/provisional status is not specified in this table. Missing cells omitted, never zero-filled. J&K throughFY2018-19 includes Ladakh; retained as a separate historical geography and not joined to present UT totals.",Haryana,2014,gsdp_current_prices_inr_crore,399268.12,official_measured,official,,,,,,,,GSDP_current_prices_2011_12_base|All sectors,,,,,,,2025-12-11,,2013-14,reported,official_statistical_published,RBI Handbook of Statistics on Indian States 2024-25; Table 21; 11 December 2025,current_prices,2011-12
state_haryana,Haryana,state_aggregate,RBI / NSO,Haryana,All sectors,gsdp_current_prices_inr_crore,437144.71,INR crore,43714471.0,INR lakh,2014-04-01,2015-03-31,fiscal_year,actual,GSDP_current_prices_2011_12_base,2015-03-31,2025-12-11,rbi_gsdp_current_prices_2024_25,https://rbidocs.rbi.org.in/rdocs/Publications/PDFs/21T_11122025D994949B48C44B68B4465FBB9ADDFF3D.PDF,"Table 21, state Haryana, column 2014-15",official_measured,True,6e48293426935a2ef796c0163edbedeeb6dd165b21db8f018ac912502b3cc287,"Full RBI December2025 published vintage; values may revise earlier releases. Statistical estimates for completed reporting periods, not audited financial actuals; individual AE/RE/provisional status is not specified in this table. Missing cells omitted, never zero-filled. J&K throughFY2018-19 includes Ladakh; retained as a separate historical geography and not joined to present UT totals.",Haryana,2015,gsdp_current_prices_inr_crore,437144.71,official_measured,official,,,,,,,,GSDP_current_prices_2011_12_base|All sectors,,,,,,,2025-12-11,,2014-15,reported,official_statistical_published,RBI Handbook of Statistics on Indian States 2024-25; Table 21; 11 December 2025,current_prices,2011-12
state_haryana,Haryana,state_aggregate,RBI / NSO,Haryana,All sectors,gsdp_current_prices_inr_crore,495504.11,INR crore,49550411.0,INR lakh,2015-04-01,2016-03-31,fiscal_year,actual,GSDP_current_prices_2011_12_base,2016-03-31,2025-12-11,rbi_gsdp_current_prices_2024_25,https://rbidocs.rbi.org.in/rdocs/Publications/PDFs/21T_11122025D994949B48C44B68B4465FBB9ADDFF3D.PDF,"Table 21, state Haryana, column 2015-16",official_measured,True,6e48293426935a2ef796c0163edbedeeb6dd165b21db8f018ac912502b3cc287,"Full RBI December2025 published vintage; values may revise earlier releases. Statistical estimates for completed reporting periods, not audited financial actuals; individual AE/RE/provisional status is not specified in this table. Missing cells omitted, never zero-filled. J&K throughFY2018-19 includes Ladakh; retained as a separate historical geography and not joined to present UT totals.",Haryana,2016,gsdp_current_prices_inr_crore,495504.11,official_measured,official,,,,,,,,GSDP_current_prices_2011_12_base|All sectors,,,,,,,2025-12-11,,2015-16,reported,official_statistical_published,RBI Handbook of Statistics on Indian States 2024-25; Table 21; 11 December 2025,current_prices,2011-12
state_haryana,Haryana,state_aggregate,RBI / NSO,Haryana,All sectors,gsdp_current_prices_inr_crore,561424.17,INR crore,56142417.0,INR lakh,2016-04-01,2017-03-31,fiscal_year,actual,GSDP_current_prices_2011_12_base,2017-03-31,2025-12-11,rbi_gsdp_current_prices_2024_25,https://rbidocs.rbi.org.in/rdocs/Publications/PDFs/21T_11122025D994949B48C44B68B4465FBB9ADDFF3D.PDF,"Table 21, state Haryana, column 2016-17",official_measured,True,6e48293426935a2ef796c0163edbedeeb6dd165b21db8f018ac912502b3cc287,"Full RBI December2025 published vintage; values may revise earlier releases. Statistical estimates for completed reporting periods, not audited financial actuals; individual AE/RE/provisional status is not specified in this table. Missing cells omitted, never zero-filled. J&K throughFY2018-19 includes Ladakh; retained as a separate historical geography and not joined to present UT totals.",Haryana,2017,gsdp_current_prices_inr_crore,561424.17,official_measured,official,,,,,,,,GSDP_current_prices_2011_12_base|All sectors,,,,,,,2025-12-11,,2016-17,reported,official_statistical_published,RBI Handbook of Statistics on Indian States 2024-25; Table 21; 11 December 2025,current_prices,2011-12
state_himachal_pradesh,Himachal Pradesh,state_aggregate,RBI / NSO,Himachal Pradesh,All sectors,gsdp_current_prices_inr_crore,72719.83,INR crore,7271983.0,INR lakh,2011-04-01,2012-03-31,fiscal_year,actual,GSDP_current_prices_2011_12_base,2012-03-31,2025-12-11,rbi_gsdp_current_prices_2024_25,https://rbidocs.rbi.org.in/rdocs/Publications/PDFs/21T_11122025D994949B48C44B68B4465FBB9ADDFF3D.PDF,"Table 21, state Himachal Pradesh, column 2011-12",official_measured,True,6e48293426935a2ef796c0163edbedeeb6dd165b21db8f018ac912502b3cc287,"Full RBI December2025 published vintage; values may revise earlier releases. Statistical estimates for completed reporting periods, not audited financial actuals; individual AE/RE/provisional status is not specified in this table. Missing cells omitted, never zero-filled. J&K throughFY2018-19 includes Ladakh; retained as a separate historical geography and not joined to present UT totals.",Himachal Pradesh,2012,gsdp_current_prices_inr_crore,72719.83,official_measured,official,,,,,,,,GSDP_current_prices_2011_12_base|All sectors,,,,,,,2025-12-11,,2011-12,reported,official_statistical_published,RBI Handbook of Statistics on Indian States 2024-25; Table 21; 11 December 2025,current_prices,2011-12
state_himachal_pradesh,Himachal Pradesh,state_aggregate,RBI / NSO,Himachal Pradesh,All sectors,gsdp_current_prices_inr_crore,82819.79000000001,INR crore,8281979.0,INR lakh,2012-04-01,2013-03-31,fiscal_year,actual,GSDP_current_prices_2011_12_base,2013-03-31,2025-12-11,rbi_gsdp_current_prices_2024_25,https://rbidocs.rbi.org.in/rdocs/Publications/PDFs/21T_11122025D994949B48C44B68B4465FBB9ADDFF3D.PDF,"Table 21, state Himachal Pradesh, column 2012-13",official_measured,True,6e48293426935a2ef796c0163edbedeeb6dd165b21db8f018ac912502b3cc287,"Full RBI December2025 published vintage; values may revise earlier releases. Statistical estimates for completed reporting periods, not audited financial actuals; individual AE/RE/provisional status is not specified in this table. Missing cells omitted, never zero-filled. J&K throughFY2018-19 includes Ladakh; retained as a separate historical geography and not joined to present UT totals.",Himachal Pradesh,2013,gsdp_current_prices_inr_crore,82819.79000000001,official_measured,official,,,,,,,,GSDP_current_prices_2011_12_base|All sectors,,,,,,,2025-12-11,,2012-13,reported,official_statistical_published,RBI Handbook of Statistics on Indian States 2024-25; Table 21; 11 December 2025,current_prices,2011-12
state_himachal_pradesh,Himachal Pradesh,state_aggregate,RBI / NSO,Himachal Pradesh,All sectors,gsdp_current_prices_inr_crore,94764.15000000001,INR crore,9476415.0,INR lakh,2013-04-01,2014-03-31,fiscal_year,actual,GSDP_current_prices_2011_12_base,2014-03-31,2025-12-11,rbi_gsdp_current_prices_2024_25,https://rbidocs.rbi.org.in/rdocs/Publications/PDFs/21T_11122025D994949B48C44B68B4465FBB9ADDFF3D.PDF,"Table 21, state Himachal Pradesh, column 2013-14",official_measured,True,6e48293426935a2ef796c0163edbedeeb6dd165b21db8f018ac912502b3cc287,"Full RBI December2025 published vintage; values may revise earlier releases. Statistical estimates for completed reporting periods, not audited financial actuals; individual AE/RE/provisional status is not specified in this table. Missing cells omitted, never zero-filled. J&K throughFY2018-19 includes Ladakh; retained as a separate historical geography and not joined to present UT totals.",Himachal Pradesh,2014,gsdp_current_prices_inr_crore,94764.15000000001,official_measured,official,,,,,,,,GSDP_current_prices_2011_12_base|All sectors,,,,,,,2025-12-11,,2013-14,reported,official_statistical_published,RBI Handbook of Statistics on Indian States 2024-25; Table 21; 11 December 2025,current_prices,2011-12
state_himachal_pradesh,Himachal Pradesh,state_aggregate,RBI / NSO,Himachal Pradesh,All sectors,gsdp_current_prices_inr_crore,103772.32,INR crore,10377232.0,INR lakh,2014-04-01,2015-03-31,fiscal_year,actual,GSDP_current_prices_2011_12_base,2015-03-31,2025-12-11,rbi_gsdp_current_prices_2024_25,https://rbidocs.rbi.org.in/rdocs/Publications/PDFs/21T_11122025D994949B48C44B68B4465FBB9ADDFF3D.PDF,"Table 21, state Himachal Pradesh, column 2014-15",official_measured,True,6e48293426935a2ef796c0163edbedeeb6dd165b21db8f018ac912502b3cc287,"Full RBI December2025 published vintage; values may revise earlier releases. Statistical estimates for completed reporting periods, not audited financial actuals; individual AE/RE/provisional status is not specified in this table. Missing cells omitted, never zero-filled. J&K throughFY2018-19 includes Ladakh; retained as a separate historical geography and not joined to present UT totals.",Himachal Pradesh,2015,gsdp_current_prices_inr_crore,103772.32,official_measured,official,,,,,,,,GSDP_current_prices_2011_12_base|All sectors,,,,,,,2025-12-11,,2014-15,reported,official_statistical_published,RBI Handbook of Statistics on Indian States 2024-25; Table 21; 11 December 2025,current_prices,2011-12
state_himachal_pradesh,Himachal Pradesh,state_aggregate,RBI / NSO,Himachal Pradesh,All sectors,gsdp_current_prices_inr_crore,114239.41,INR crore,11423941.0,INR lakh,2015-04-01,2016-03-31,fiscal_year,actual,GSDP_current_prices_2011_12_base,2016-03-31,2025-12-11,rbi_gsdp_current_prices_2024_25,https://rbidocs.rbi.org.in/rdocs/Publications/PDFs/21T_11122025D994949B48C44B68B4465FBB9ADDFF3D.PDF,"Table 21, state Himachal Pradesh, column 2015-16",official_measured,True,6e48293426935a2ef796c0163edbedeeb6dd165b21db8f018ac912502b3cc287,"Full RBI December2025 published vintage; values may revise earlier releases. Statistical estimates for completed reporting periods, not audited financial actuals; individual AE/RE/provisional status is not specified in this table. Missing cells omitted, never zero-filled. J&K throughFY2018-19 includes Ladakh; retained as a separate historical geography and not joined to present UT totals.",Himachal Pradesh,2016,gsdp_current_prices_inr_crore,114239.41,official_measured,official,,,,,,,,GSDP_current_prices_2011_12_base|All sectors,,,,,,,2025-12-11,,2015-16,reported,official_statistical_published,RBI Handbook of Statistics on Indian States 2024-25; Table 21; 11 December 2025,current_prices,2011-12
state_himachal_pradesh,Himachal Pradesh,state_aggregate,RBI / NSO,Himachal Pradesh,All sectors,gsdp_current_prices_inr_crore,125633.64,INR crore,12563364.0,INR lakh,2016-04-01,2017-03-31,fiscal_year,actual,GSDP_current_prices_2011_12_base,2017-03-31,2025-12-11,rbi_gsdp_current_prices_2024_25,https://rbidocs.rbi.org.in/rdocs/Publications/PDFs/21T_11122025D994949B48C44B68B4465FBB9ADDFF3D.PDF,"Table 21, state Himachal Pradesh, column 2016-17",official_measured,True,6e48293426935a2ef796c0163edbedeeb6dd165b21db8f018ac912502b3cc287,"Full RBI December2025 published vintage; values may revise earlier releases. Statistical estimates for completed reporting periods, not audited financial actuals; individual AE/RE/provisional status is not specified in this table. Missing cells omitted, never zero-filled. J&K throughFY2018-19 includes Ladakh; retained as a separate historical geography and not joined to present UT totals.",Himachal Pradesh,2017,gsdp_current_prices_inr_crore,125633.64,official_measured,official,,,,,,,,GSDP_current_prices_2011_12_base|All sectors,,,,,,,2025-12-11,,2016-17,reported,official_statistical_published,RBI Handbook of Statistics on Indian States 2024-25; Table 21; 11 December 2025,current_prices,2011-12
state_jammu_and_kashmir_including_ladakh,Jammu and Kashmir (including Ladakh),historical_state_aggregate,RBI / NSO,Jammu and Kashmir (including Ladakh),All sectors,gsdp_current_prices_inr_crore,78255.55,INR crore,7825555.0,INR lakh,2011-04-01,2012-03-31,fiscal_year,actual,GSDP_current_prices_2011_12_base,2012-03-31,2025-12-11,rbi_gsdp_current_prices_2024_25,https://rbidocs.rbi.org.in/rdocs/Publications/PDFs/21T_11122025D994949B48C44B68B4465FBB9ADDFF3D.PDF,"Table 21, state Jammu and Kashmir (including Ladakh), column 2011-12",official_measured,True,6e48293426935a2ef796c0163edbedeeb6dd165b21db8f018ac912502b3cc287,"Full RBI December2025 published vintage; values may revise earlier releases. Statistical estimates for completed reporting periods, not audited financial actuals; individual AE/RE/provisional status is not specified in this table. Missing cells omitted, never zero-filled. J&K throughFY2018-19 includes Ladakh; retained as a separate historical geography and not joined to present UT totals.",Jammu and Kashmir (including Ladakh),2012,gsdp_current_prices_inr_crore,78255.55,official_measured,official,,,,,,,,GSDP_current_prices_2011_12_base|All sectors,,,,,,,2025-12-11,,2011-12,reported,official_statistical_published,RBI Handbook of Statistics on Indian States 2024-25; Table 21; 11 December 2025,current_prices,2011-12
state_jammu_and_kashmir_including_ladakh,Jammu and Kashmir (including Ladakh),historical_state_aggregate,RBI / NSO,Jammu and Kashmir (including Ladakh),All sectors,gsdp_current_prices_inr_crore,87137.73,INR crore,8713773.0,INR lakh,2012-04-01,2013-03-31,fiscal_year,actual,GSDP_current_prices_2011_12_base,2013-03-31,2025-12-11,rbi_gsdp_current_prices_2024_25,https://rbidocs.rbi.org.in/rdocs/Publications/PDFs/21T_11122025D994949B48C44B68B4465FBB9ADDFF3D.PDF,"Table 21, state Jammu and Kashmir (including Ladakh), column 2012-13",official_measured,True,6e48293426935a2ef796c0163edbedeeb6dd165b21db8f018ac912502b3cc287,"Full RBI December2025 published vintage; values may revise earlier releases. Statistical estimates for completed reporting periods, not audited financial actuals; individual AE/RE/provisional status is not specified in this table. Missing cells omitted, never zero-filled. J&K throughFY2018-19 includes Ladakh; retained as a separate historical geography and not joined to present UT totals.",Jammu and Kashmir (including Ladakh),2013,gsdp_current_prices_inr_crore,87137.73,official_measured,official,,,,,,,,GSDP_current_prices_2011_12_base|All sectors,,,,,,,2025-12-11,,2012-13,reported,official_statistical_published,RBI Handbook of Statistics on Indian States 2024-25; Table 21; 11 December 2025,current_prices,2011-12
state_jammu_and_kashmir_including_ladakh,Jammu and Kashmir (including Ladakh),historical_state_aggregate,RBI / NSO,Jammu and Kashmir (including Ladakh),All sectors,gsdp_current_prices_inr_crore,95620.61,INR crore,9562061.0,INR lakh,2013-04-01,2014-03-31,fiscal_year,actual,GSDP_current_prices_2011_12_base,2014-03-31,2025-12-11,rbi_gsdp_current_prices_2024_25,https://rbidocs.rbi.org.in/rdocs/Publications/PDFs/21T_11122025D994949B48C44B68B4465FBB9ADDFF3D.PDF,"Table 21, state Jammu and Kashmir (including Ladakh), column 2013-14",official_measured,True,6e48293426935a2ef796c0163edbedeeb6dd165b21db8f018ac912502b3cc287,"Full RBI December2025 published vintage; values may revise earlier releases. Statistical estimates for completed reporting periods, not audited financial actuals; individual AE/RE/provisional status is not specified in this table. Missing cells omitted, never zero-filled. J&K throughFY2018-19 includes Ladakh; retained as a separate historical geography and not joined to present UT totals.",Jammu and Kashmir (including Ladakh),2014,gsdp_current_prices_inr_crore,95620.61,official_measured,official,,,,,,,,GSDP_current_prices_2011_12_base|All sectors,,,,,,,2025-12-11,,2013-14,reported,official_statistical_published,RBI Handbook of Statistics on Indian States 2024-25; Table 21; 11 December 2025,current_prices,2011-12
state_jammu_and_kashmir_including_ladakh,Jammu and Kashmir (including Ladakh),historical_state_aggregate,RBI / NSO,Jammu and Kashmir (including Ladakh),All sectors,gsdp_current_prices_inr_crore,98366.75,INR crore,9836675.0,INR lakh,2014-04-01,2015-03-31,fiscal_year,actual,GSDP_current_prices_2011_12_base,2015-03-31,2025-12-11,rbi_gsdp_current_prices_2024_25,https://rbidocs.rbi.org.in/rdocs/Publications/PDFs/21T_11122025D994949B48C44B68B4465FBB9ADDFF3D.PDF,"Table 21, state Jammu and Kashmir (including Ladakh), column 2014-15",official_measured,True,6e48293426935a2ef796c0163edbedeeb6dd165b21db8f018ac912502b3cc287,"Full RBI December2025 published vintage; values may revise earlier releases. Statistical estimates for completed reporting periods, not audited financial actuals; individual AE/RE/provisional status is not specified in this table. Missing cells omitted, never zero-filled. J&K throughFY2018-19 includes Ladakh; retained as a separate historical geography and not joined to present UT totals.",Jammu and Kashmir (including Ladakh),2015,gsdp_current_prices_inr_crore,98366.75,official_measured,official,,,,,,,,GSDP_current_prices_2011_12_base|All sectors,,,,,,,2025-12-11,,2014-15,reported,official_statistical_published,RBI Handbook of Statistics on Indian States 2024-25; Table 21; 11 December 2025,current_prices,2011-12
state_jammu_and_kashmir_including_ladakh,Jammu and Kashmir (including Ladakh),historical_state_aggregate,RBI / NSO,Jammu and Kashmir (including Ladakh),All sectors,gsdp_current_prices_inr_crore,117167.95,INR crore,11716795.0,INR lakh,2015-04-01,2016-03-31,fiscal_year,actual,GSDP_current_prices_2011_12_base,2016-03-31,2025-12-11,rbi_gsdp_current_prices_2024_25,https://rbidocs.rbi.org.in/rdocs/Publications/PDFs/21T_11122025D994949B48C44B68B4465FBB9ADDFF3D.PDF,"Table 21, state Jammu and Kashmir (including Ladakh), column 2015-16",official_measured,True,6e48293426935a2ef796c0163edbedeeb6dd165b21db8f018ac912502b3cc287,"Full RBI December2025 published vintage; values may revise earlier releases. Statistical estimates for completed reporting periods, not audited financial actuals; individual AE/RE/provisional status is not specified in this table. Missing cells omitted, never zero-filled. J&K throughFY2018-19 includes Ladakh; retained as a separate historical geography and not joined to present UT totals.",Jammu and Kashmir (including Ladakh),2016,gsdp_current_prices_inr_crore,117167.95,official_measured,official,,,,,,,,GSDP_current_prices_2011_12_base|All sectors,,,,,,,2025-12-11,,2015-16,reported,official_statistical_published,RBI Handbook of Statistics on Indian States 2024-25; Table 21; 11 December 2025,current_prices,2011-12
state_jammu_and_kashmir_including_ladakh,Jammu and Kashmir (including Ladakh),historical_state_aggregate,RBI / NSO,Jammu and Kashmir (including Ladakh),All sectors,gsdp_current_prices_inr_crore,124848.0,INR crore,12484800.0,INR lakh,2016-04-01,2017-03-31,fiscal_year,actual,GSDP_current_prices_2011_12_base,2017-03-31,2025-12-11,rbi_gsdp_current_prices_2024_25,https://rbidocs.rbi.org.in/rdocs/Publications/PDFs/21T_11122025D994949B48C44B68B4465FBB9ADDFF3D.PDF,"Table 21, state Jammu and Kashmir (including Ladakh), column 2016-17",official_measured,True,6e48293426935a2ef796c0163edbedeeb6dd165b21db8f018ac912502b3cc287,"Full RBI December2025 published vintage; values may revise earlier releases. Statistical estimates for completed reporting periods, not audited financial actuals; individual AE/RE/provisional status is not specified in this table. Missing cells omitted, never zero-filled. J&K throughFY2018-19 includes Ladakh; retained as a separate historical geography and not joined to present UT totals.",Jammu and Kashmir (including Ladakh),2017,gsdp_current_prices_inr_crore,124848.0,official_measured,official,,,,,,,,GSDP_current_prices_2011_12_base|All sectors,,,,,,,2025-12-11,,2016-17,reported,official_statistical_published,RBI Handbook of Statistics on Indian States 2024-25; Table 21; 11 December 2025,current_prices,2011-12
state_jharkhand,Jharkhand,state_aggregate,RBI / NSO,Jharkhand,All sectors,gsdp_current_prices_inr_crore,150917.59,INR crore,15091759.0,INR lakh,2011-04-01,2012-03-31,fiscal_year,actual,GSDP_current_prices_2011_12_base,2012-03-31,2025-12-11,rbi_gsdp_current_prices_2024_25,https://rbidocs.rbi.org.in/rdocs/Publications/PDFs/21T_11122025D994949B48C44B68B4465FBB9ADDFF3D.PDF,"Table 21, state Jharkhand, column 2011-12",official_measured,True,6e48293426935a2ef796c0163edbedeeb6dd165b21db8f018ac912502b3cc287,"Full RBI December2025 published vintage; values may revise earlier releases. Statistical estimates for completed reporting periods, not audited financial actuals; individual AE/RE/provisional status is not specified in this table. Missing cells omitted, never zero-filled. J&K throughFY2018-19 includes Ladakh; retained as a separate historical geography and not joined to present UT totals.",Jharkhand,2012,gsdp_current_prices_inr_crore,150917.59,official_measured,official,,,,,,,,GSDP_current_prices_2011_12_base|All sectors,,,,,,,2025-12-11,,2011-12,reported,official_statistical_published,RBI Handbook of Statistics on Indian States 2024-25; Table 21; 11 December 2025,current_prices,2011-12
state_jharkhand,Jharkhand,state_aggregate,RBI / NSO,Jharkhand,All sectors,gsdp_current_prices_inr_crore,174723.69,INR crore,17472369.0,INR lakh,2012-04-01,2013-03-31,fiscal_year,actual,GSDP_current_prices_2011_12_base,2013-03-31,2025-12-11,rbi_gsdp_current_prices_2024_25,https://rbidocs.rbi.org.in/rdocs/Publications/PDFs/21T_11122025D994949B48C44B68B4465FBB9ADDFF3D.PDF,"Table 21, state Jharkhand, column 2012-13",official_measured,True,6e48293426935a2ef796c0163edbedeeb6dd165b21db8f018ac912502b3cc287,"Full RBI December2025 published vintage; values may revise earlier releases. Statistical estimates for completed reporting periods, not audited financial actuals; individual AE/RE/provisional status is not specified in this table. Missing cells omitted, never zero-filled. J&K throughFY2018-19 includes Ladakh; retained as a separate historical geography and not joined to present UT totals.",Jharkhand,2013,gsdp_current_prices_inr_crore,174723.69,official_measured,official,,,,,,,,GSDP_current_prices_2011_12_base|All sectors,,,,,,,2025-12-11,,2012-13,reported,official_statistical_published,RBI Handbook of Statistics on Indian States 2024-25; Table 21; 11 December 2025,current_prices,2011-12
state_jharkhand,Jharkhand,state_aggregate,RBI / NSO,Jharkhand,All sectors,gsdp_current_prices_inr_crore,188566.71,INR crore,18856671.0,INR lakh,2013-04-01,2014-03-31,fiscal_year,actual,GSDP_current_prices_2011_12_base,2014-03-31,2025-12-11,rbi_gsdp_current_prices_2024_25,https://rbidocs.rbi.org.in/rdocs/Publications/PDFs/21T_11122025D994949B48C44B68B4465FBB9ADDFF3D.PDF,"Table 21, state Jharkhand, column 2013-14",official_measured,True,6e48293426935a2ef796c0163edbedeeb6dd165b21db8f018ac912502b3cc287,"Full RBI December2025 published vintage; values may revise earlier releases. Statistical estimates for completed reporting periods, not audited financial actuals; individual AE/RE/provisional status is not specified in this table. Missing cells omitted, never zero-filled. J&K throughFY2018-19 includes Ladakh; retained as a separate historical geography and not joined to present UT totals.",Jharkhand,2014,gsdp_current_prices_inr_crore,188566.71,official_measured,official,,,,,,,,GSDP_current_prices_2011_12_base|All sectors,,,,,,,2025-12-11,,2013-14,reported,official_statistical_published,RBI Handbook of Statistics on Indian States 2024-25; Table 21; 11 December 2025,current_prices,2011-12
state_jharkhand,Jharkhand,state_aggregate,RBI / NSO,Jharkhand,All sectors,gsdp_current_prices_inr_crore,218525.17,INR crore,21852517.0,INR lakh,2014-04-01,2015-03-31,fiscal_year,actual,GSDP_current_prices_2011_12_base,2015-03-31,2025-12-11,rbi_gsdp_current_prices_2024_25,https://rbidocs.rbi.org.in/rdocs/Publications/PDFs/21T_11122025D994949B48C44B68B4465FBB9ADDFF3D.PDF,"Table 21, state Jharkhand, column 2014-15",official_measured,True,6e48293426935a2ef796c0163edbedeeb6dd165b21db8f018ac912502b3cc287,"Full RBI December2025 published vintage; values may revise earlier releases. Statistical estimates for completed reporting periods, not audited financial actuals; individual AE/RE/provisional status is not specified in this table. Missing cells omitted, never zero-filled. J&K throughFY2018-19 includes Ladakh; retained as a separate historical geography and not joined to present UT totals.",Jharkhand,2015,gsdp_current_prices_inr_crore,218525.17,official_measured,official,,,,,,,,GSDP_current_prices_2011_12_base|All sectors,,,,,,,2025-12-11,,2014-15,reported,official_statistical_published,RBI Handbook of Statistics on Indian States 2024-25; Table 21; 11 December 2025,current_prices,2011-12
state_jharkhand,Jharkhand,state_aggregate,RBI / NSO,Jharkhand,All sectors,gsdp_current_prices_inr_crore,206612.80000000002,INR crore,20661280.0,INR lakh,2015-04-01,2016-03-31,fiscal_year,actual,GSDP_current_prices_2011_12_base,2016-03-31,2025-12-11,rbi_gsdp_current_prices_2024_25,https://rbidocs.rbi.org.in/rdocs/Publications/PDFs/21T_11122025D994949B48C44B68B4465FBB9ADDFF3D.PDF,"Table 21, state Jharkhand, column 2015-16",official_measured,True,6e48293426935a2ef796c0163edbedeeb6dd165b21db8f018ac912502b3cc287,"Full RBI December2025 published vintage; values may revise earlier releases. Statistical estimates for completed reporting periods, not audited financial actuals; individual AE/RE/provisional status is not specified in this table. Missing cells omitted, never zero-filled. J&K throughFY2018-19 includes Ladakh; retained as a separate historical geography and not joined to present UT totals.",Jharkhand,2016,gsdp_current_prices_inr_crore,206612.80000000002,official_measured,official,,,,,,,,GSDP_current_prices_2011_12_base|All sectors,,,,,,,2025-12-11,,2015-16,reported,official_statistical_published,RBI Handbook of Statistics on Indian States 2024-25; Table 21; 11 December 2025,current_prices,2011-12
state_jharkhand,Jharkhand,state_aggregate,RBI / NSO,Jharkhand,All sectors,gsdp_current_prices_inr_crore,236249.72,INR crore,23624972.0,INR lakh,2016-04-01,2017-03-31,fiscal_year,actual,GSDP_current_prices_2011_12_base,2017-03-31,2025-12-11,rbi_gsdp_current_prices_2024_25,https://rbidocs.rbi.org.in/rdocs/Publications/PDFs/21T_11122025D994949B48C44B68B4465FBB9ADDFF3D.PDF,"Table 21, state Jharkhand, column 2016-17",official_measured,True,6e48293426935a2ef796c0163edbedeeb6dd165b21db8f018ac912502b3cc287,"Full RBI December2025 published vintage; values may revise earlier releases. Statistical estimates for completed reporting periods, not audited financial actuals; individual AE/RE/provisional status is not specified in this table. Missing cells omitted, never zero-filled. J&K throughFY2018-19 includes Ladakh; retained as a separate historical geography and not joined to present UT totals.",Jharkhand,2017,gsdp_current_prices_inr_crore,236249.72,official_measured,official,,,,,,,,GSDP_current_prices_2011_12_base|All sectors,,,,,,,2025-12-11,,2016-17,reported,official_statistical_published,RBI Handbook of Statistics on Indian States 2024-25; Table 21; 11 December 2025,current_prices,2011-12
state_karnataka,Karnataka,state_aggregate,RBI / NSO,Karnataka,All sectors,gsdp_current_prices_inr_crore,606009.81,INR crore,60600981.0,INR lakh,2011-04-01,2012-03-31,fiscal_year,actual,GSDP_current_prices_2011_12_base,2012-03-31,2025-12-11,rbi_gsdp_current_prices_2024_25,https://rbidocs.rbi.org.in/rdocs/Publications/PDFs/21T_11122025D994949B48C44B68B4465FBB9ADDFF3D.PDF,"Table 21, state Karnataka, column 2011-12",official_measured,True,6e48293426935a2ef796c0163edbedeeb6dd165b21db8f018ac912502b3cc287,"Full RBI December2025 published vintage; values may revise earlier releases. Statistical estimates for completed reporting periods, not audited financial actuals; individual AE/RE/provisional status is not specified in this table. Missing cells omitted, never zero-filled. J&K throughFY2018-19 includes Ladakh; retained as a separate historical geography and not joined to present UT totals.",Karnataka,2012,gsdp_current_prices_inr_crore,606009.81,official_measured,official,,,,,,,,GSDP_current_prices_2011_12_base|All sectors,,,,,,,2025-12-11,,2011-12,reported,official_statistical_published,RBI Handbook of Statistics on Indian States 2024-25; Table 21; 11 December 2025,current_prices,2011-12
state_karnataka,Karnataka,state_aggregate,RBI / NSO,Karnataka,All sectors,gsdp_current_prices_inr_crore,695413.02,INR crore,69541302.0,INR lakh,2012-04-01,2013-03-31,fiscal_year,actual,GSDP_current_prices_2011_12_base,2013-03-31,2025-12-11,rbi_gsdp_current_prices_2024_25,https://rbidocs.rbi.org.in/rdocs/Publications/PDFs/21T_11122025D994949B48C44B68B4465FBB9ADDFF3D.PDF,"Table 21, state Karnataka, column 2012-13",official_measured,True,6e48293426935a2ef796c0163edbedeeb6dd165b21db8f018ac912502b3cc287,"Full RBI December2025 published vintage; values may revise earlier releases. Statistical estimates for completed reporting periods, not audited financial actuals; individual AE/RE/provisional status is not specified in this table. Missing cells omitted, never zero-filled. J&K throughFY2018-19 includes Ladakh; retained as a separate historical geography and not joined to present UT totals.",Karnataka,2013,gsdp_current_prices_inr_crore,695413.02,official_measured,official,,,,,,,,GSDP_current_prices_2011_12_base|All sectors,,,,,,,2025-12-11,,2012-13,reported,official_statistical_published,RBI Handbook of Statistics on Indian States 2024-25; Table 21; 11 December 2025,current_prices,2011-12
state_karnataka,Karnataka,state_aggregate,RBI / NSO,Karnataka,All sectors,gsdp_current_prices_inr_crore,816666.15,INR crore,81666615.0,INR lakh,2013-04-01,2014-03-31,fiscal_year,actual,GSDP_current_prices_2011_12_base,2014-03-31,2025-12-11,rbi_gsdp_current_prices_2024_25,https://rbidocs.rbi.org.in/rdocs/Publications/PDFs/21T_11122025D994949B48C44B68B4465FBB9ADDFF3D.PDF,"Table 21, state Karnataka, column 2013-14",official_measured,True,6e48293426935a2ef796c0163edbedeeb6dd165b21db8f018ac912502b3cc287,"Full RBI December2025 published vintage; values may revise earlier releases. Statistical estimates for completed reporting periods, not audited financial actuals; individual AE/RE/provisional status is not specified in this table. Missing cells omitted, never zero-filled. J&K throughFY2018-19 includes Ladakh; retained as a separate historical geography and not joined to present UT totals.",Karnataka,2014,gsdp_current_prices_inr_crore,816666.15,official_measured,official,,,,,,,,GSDP_current_prices_2011_12_base|All sectors,,,,,,,2025-12-11,,2013-14,reported,official_statistical_published,RBI Handbook of Statistics on Indian States 2024-25; Table 21; 11 December 2025,current_prices,2011-12
state_karnataka,Karnataka,state_aggregate,RBI / NSO,Karnataka,All sectors,gsdp_current_prices_inr_crore,913923.03,INR crore,91392303.0,INR lakh,2014-04-01,2015-03-31,fiscal_year,actual,GSDP_current_prices_2011_12_base,2015-03-31,2025-12-11,rbi_gsdp_current_prices_2024_25,https://rbidocs.rbi.org.in/rdocs/Publications/PDFs/21T_11122025D994949B48C44B68B4465FBB9ADDFF3D.PDF,"Table 21, state Karnataka, column 2014-15",official_measured,True,6e48293426935a2ef796c0163edbedeeb6dd165b21db8f018ac912502b3cc287,"Full RBI December2025 published vintage; values may revise earlier releases. Statistical estimates for completed reporting periods, not audited financial actuals; individual AE/RE/provisional status is not specified in this table. Missing cells omitted, never zero-filled. J&K throughFY2018-19 includes Ladakh; retained as a separate historical geography and not joined to present UT totals.",Karnataka,2015,gsdp_current_prices_inr_crore,913923.03,official_measured,official,,,,,,,,GSDP_current_prices_2011_12_base|All sectors,,,,,,,2025-12-11,,2014-15,reported,official_statistical_published,RBI Handbook of Statistics on Indian States 2024-25; Table 21; 11 December 2025,current_prices,2011-12
state_karnataka,Karnataka,state_aggregate,RBI / NSO,Karnataka,All sectors,gsdp_current_prices_inr_crore,1045168.1,INR crore,104516810.0,INR lakh,2015-04-01,2016-03-31,fiscal_year,actual,GSDP_current_prices_2011_12_base,2016-03-31,2025-12-11,rbi_gsdp_current_prices_2024_25,https://rbidocs.rbi.org.in/rdocs/Publications/PDFs/21T_11122025D994949B48C44B68B4465FBB9ADDFF3D.PDF,"Table 21, state Karnataka, column 2015-16",official_measured,True,6e48293426935a2ef796c0163edbedeeb6dd165b21db8f018ac912502b3cc287,"Full RBI December2025 published vintage; values may revise earlier releases. Statistical estimates for completed reporting periods, not audited financial actuals; individual AE/RE/provisional status is not specified in this table. Missing cells omitted, never zero-filled. J&K throughFY2018-19 includes Ladakh; retained as a separate historical geography and not joined to present UT totals.",Karnataka,2016,gsdp_current_prices_inr_crore,1045168.1,official_measured,official,,,,,,,,GSDP_current_prices_2011_12_base|All sectors,,,,,,,2025-12-11,,2015-16,reported,official_statistical_published,RBI Handbook of Statistics on Indian States 2024-25; Table 21; 11 December 2025,current_prices,2011-12
state_karnataka,Karnataka,state_aggregate,RBI / NSO,Karnataka,All sectors,gsdp_current_prices_inr_crore,1207607.72,INR crore,120760772.0,INR lakh,2016-04-01,2017-03-31,fiscal_year,actual,GSDP_current_prices_2011_12_base,2017-03-31,2025-12-11,rbi_gsdp_current_prices_2024_25,https://rbidocs.rbi.org.in/rdocs/Publications/PDFs/21T_11122025D994949B48C44B68B4465FBB9ADDFF3D.PDF,"Table 21, state Karnataka, column 2016-17",official_measured,True,6e48293426935a2ef796c0163edbedeeb6dd165b21db8f018ac912502b3cc287,"Full RBI December2025 published vintage; values may revise earlier releases. Statistical estimates for completed reporting periods, not audited financial actuals; individual AE/RE/provisional status is not specified in this table. Missing cells omitted, never zero-filled. J&K throughFY2018-19 includes Ladakh; retained as a separate historical geography and not joined to present UT totals.",Karnataka,2017,gsdp_current_prices_inr_crore,1207607.72,official_measured,official,,,,,,,,GSDP_current_prices_2011_12_base|All sectors,,,,,,,2025-12-11,,2016-17,reported,official_statistical_published,RBI Handbook of Statistics on Indian States 2024-25; Table 21; 11 December 2025,current_prices,2011-12
state_kerala,Kerala,state_aggregate,RBI / NSO,Kerala,All sectors,gsdp_current_prices_inr_crore,364047.88,INR crore,36404788.0,INR lakh,2011-04-01,2012-03-31,fiscal_year,actual,GSDP_current_prices_2011_12_base,2012-03-31,2025-12-11,rbi_gsdp_current_prices_2024_25,https://rbidocs.rbi.org.in/rdocs/Publications/PDFs/21T_11122025D994949B48C44B68B4465FBB9ADDFF3D.PDF,"Table 21, state Kerala, column 2011-12",official_measured,True,6e48293426935a2ef796c0163edbedeeb6dd165b21db8f018ac912502b3cc287,"Full RBI December2025 published vintage; values may revise earlier releases. Statistical estimates for completed reporting periods, not audited financial actuals; individual AE/RE/provisional status is not specified in this table. Missing cells omitted, never zero-filled. J&K throughFY2018-19 includes Ladakh; retained as a separate historical geography and not joined to present UT totals.",Kerala,2012,gsdp_current_prices_inr_crore,364047.88,official_measured,official,,,,,,,,GSDP_current_prices_2011_12_base|All sectors,,,,,,,2025-12-11,,2011-12,reported,official_statistical_published,RBI Handbook of Statistics on Indian States 2024-25; Table 21; 11 December 2025,current_prices,2011-12
state_kerala,Kerala,state_aggregate,RBI / NSO,Kerala,All sectors,gsdp_current_prices_inr_crore,412313.0,INR crore,41231300.0,INR lakh,2012-04-01,2013-03-31,fiscal_year,actual,GSDP_current_prices_2011_12_base,2013-03-31,2025-12-11,rbi_gsdp_current_prices_2024_25,https://rbidocs.rbi.org.in/rdocs/Publications/PDFs/21T_11122025D994949B48C44B68B4465FBB9ADDFF3D.PDF,"Table 21, state Kerala, column 2012-13",official_measured,True,6e48293426935a2ef796c0163edbedeeb6dd165b21db8f018ac912502b3cc287,"Full RBI December2025 published vintage; values may revise earlier releases. Statistical estimates for completed reporting periods, not audited financial actuals; individual AE/RE/provisional status is not specified in this table. Missing cells omitted, never zero-filled. J&K throughFY2018-19 includes Ladakh; retained as a separate historical geography and not joined to present UT totals.",Kerala,2013,gsdp_current_prices_inr_crore,412313.0,official_measured,official,,,,,,,,GSDP_current_prices_2011_12_base|All sectors,,,,,,,2025-12-11,,2012-13,reported,official_statistical_published,RBI Handbook of Statistics on Indian States 2024-25; Table 21; 11 December 2025,current_prices,2011-12
state_kerala,Kerala,state_aggregate,RBI / NSO,Kerala,All sectors,gsdp_current_prices_inr_crore,465041.21,INR crore,46504121.0,INR lakh,2013-04-01,2014-03-31,fiscal_year,actual,GSDP_current_prices_2011_12_base,2014-03-31,2025-12-11,rbi_gsdp_current_prices_2024_25,https://rbidocs.rbi.org.in/rdocs/Publications/PDFs/21T_11122025D994949B48C44B68B4465FBB9ADDFF3D.PDF,"Table 21, state Kerala, column 2013-14",official_measured,True,6e48293426935a2ef796c0163edbedeeb6dd165b21db8f018ac912502b3cc287,"Full RBI December2025 published vintage; values may revise earlier releases. Statistical estimates for completed reporting periods, not audited financial actuals; individual AE/RE/provisional status is not specified in this table. Missing cells omitted, never zero-filled. J&K throughFY2018-19 includes Ladakh; retained as a separate historical geography and not joined to present UT totals.",Kerala,2014,gsdp_current_prices_inr_crore,465041.21,official_measured,official,,,,,,,,GSDP_current_prices_2011_12_base|All sectors,,,,,,,2025-12-11,,2013-14,reported,official_statistical_published,RBI Handbook of Statistics on Indian States 2024-25; Table 21; 11 December 2025,current_prices,2011-12
state_kerala,Kerala,state_aggregate,RBI / NSO,Kerala,All sectors,gsdp_current_prices_inr_crore,512564.05,INR crore,51256405.0,INR lakh,2014-04-01,2015-03-31,fiscal_year,actual,GSDP_current_prices_2011_12_base,2015-03-31,2025-12-11,rbi_gsdp_current_prices_2024_25,https://rbidocs.rbi.org.in/rdocs/Publications/PDFs/21T_11122025D994949B48C44B68B4465FBB9ADDFF3D.PDF,"Table 21, state Kerala, column 2014-15",official_measured,True,6e48293426935a2ef796c0163edbedeeb6dd165b21db8f018ac912502b3cc287,"Full RBI December2025 published vintage; values may revise earlier releases. Statistical estimates for completed reporting periods, not audited financial actuals; individual AE/RE/provisional status is not specified in this table. Missing cells omitted, never zero-filled. J&K throughFY2018-19 includes Ladakh; retained as a separate historical geography and not joined to present UT totals.",Kerala,2015,gsdp_current_prices_inr_crore,512564.05,official_measured,official,,,,,,,,GSDP_current_prices_2011_12_base|All sectors,,,,,,,2025-12-11,,2014-15,reported,official_statistical_published,RBI Handbook of Statistics on Indian States 2024-25; Table 21; 11 December 2025,current_prices,2011-12
state_kerala,Kerala,state_aggregate,RBI / NSO,Kerala,All sectors,gsdp_current_prices_inr_crore,561993.61,INR crore,56199361.0,INR lakh,2015-04-01,2016-03-31,fiscal_year,actual,GSDP_current_prices_2011_12_base,2016-03-31,2025-12-11,rbi_gsdp_current_prices_2024_25,https://rbidocs.rbi.org.in/rdocs/Publications/PDFs/21T_11122025D994949B48C44B68B4465FBB9ADDFF3D.PDF,"Table 21, state Kerala, column 2015-16",official_measured,True,6e48293426935a2ef796c0163edbedeeb6dd165b21db8f018ac912502b3cc287,"Full RBI December2025 published vintage; values may revise earlier releases. Statistical estimates for completed reporting periods, not audited financial actuals; individual AE/RE/provisional status is not specified in this table. Missing cells omitted, never zero-filled. J&K throughFY2018-19 includes Ladakh; retained as a separate historical geography and not joined to present UT totals.",Kerala,2016,gsdp_current_prices_inr_crore,561993.61,official_measured,official,,,,,,,,GSDP_current_prices_2011_12_base|All sectors,,,,,,,2025-12-11,,2015-16,reported,official_statistical_published,RBI Handbook of Statistics on Indian States 2024-25; Table 21; 11 December 2025,current_prices,2011-12
state_kerala,Kerala,state_aggregate,RBI / NSO,Kerala,All sectors,gsdp_current_prices_inr_crore,634886.4,INR crore,63488640.0,INR lakh,2016-04-01,2017-03-31,fiscal_year,actual,GSDP_current_prices_2011_12_base,2017-03-31,2025-12-11,rbi_gsdp_current_prices_2024_25,https://rbidocs.rbi.org.in/rdocs/Publications/PDFs/21T_11122025D994949B48C44B68B4465FBB9ADDFF3D.PDF,"Table 21, state Kerala, column 2016-17",official_measured,True,6e48293426935a2ef796c0163edbedeeb6dd165b21db8f018ac912502b3cc287,"Full RBI December2025 published vintage; values may revise earlier releases. Statistical estimates for completed reporting periods, not audited financial actuals; individual AE/RE/provisional status is not specified in this table. Missing cells omitted, never zero-filled. J&K throughFY2018-19 includes Ladakh; retained as a separate historical geography and not joined to present UT totals.",Kerala,2017,gsdp_current_prices_inr_crore,634886.4,official_measured,official,,,,,,,,GSDP_current_prices_2011_12_base|All sectors,,,,,,,2025-12-11,,2016-17,reported,official_statistical_published,RBI Handbook of Statistics on Indian States 2024-25; Table 21; 11 December 2025,current_prices,2011-12
state_madhya_pradesh,Madhya Pradesh,state_aggregate,RBI / NSO,Madhya Pradesh,All sectors,gsdp_current_prices_inr_crore,315561.59,INR crore,31556159.0,INR lakh,2011-04-01,2012-03-31,fiscal_year,actual,GSDP_current_prices_2011_12_base,2012-03-31,2025-12-11,rbi_gsdp_current_prices_2024_25,https://rbidocs.rbi.org.in/rdocs/Publications/PDFs/21T_11122025D994949B48C44B68B4465FBB9ADDFF3D.PDF,"Table 21, state Madhya Pradesh, column 2011-12",official_measured,True,6e48293426935a2ef796c0163edbedeeb6dd165b21db8f018ac912502b3cc287,"Full RBI December2025 published vintage; values may revise earlier releases. Statistical estimates for completed reporting periods, not audited financial actuals; individual AE/RE/provisional status is not specified in this table. Missing cells omitted, never zero-filled. J&K throughFY2018-19 includes Ladakh; retained as a separate historical geography and not joined to present UT totals.",Madhya Pradesh,2012,gsdp_current_prices_inr_crore,315561.59,official_measured,official,,,,,,,,GSDP_current_prices_2011_12_base|All sectors,,,,,,,2025-12-11,,2011-12,reported,official_statistical_published,RBI Handbook of Statistics on Indian States 2024-25; Table 21; 11 December 2025,current_prices,2011-12
state_madhya_pradesh,Madhya Pradesh,state_aggregate,RBI / NSO,Madhya Pradesh,All sectors,gsdp_current_prices_inr_crore,380924.8,INR crore,38092480.0,INR lakh,2012-04-01,2013-03-31,fiscal_year,actual,GSDP_current_prices_2011_12_base,2013-03-31,2025-12-11,rbi_gsdp_current_prices_2024_25,https://rbidocs.rbi.org.in/rdocs/Publications/PDFs/21T_11122025D994949B48C44B68B4465FBB9ADDFF3D.PDF,"Table 21, state Madhya Pradesh, column 2012-13",official_measured,True,6e48293426935a2ef796c0163edbedeeb6dd165b21db8f018ac912502b3cc287,"Full RBI December2025 published vintage; values may revise earlier releases. Statistical estimates for completed reporting periods, not audited financial actuals; individual AE/RE/provisional status is not specified in this table. Missing cells omitted, never zero-filled. J&K throughFY2018-19 includes Ladakh; retained as a separate historical geography and not joined to present UT totals.",Madhya Pradesh,2013,gsdp_current_prices_inr_crore,380924.8,official_measured,official,,,,,,,,GSDP_current_prices_2011_12_base|All sectors,,,,,,,2025-12-11,,2012-13,reported,official_statistical_published,RBI Handbook of Statistics on Indian States 2024-25; Table 21; 11 December 2025,current_prices,2011-12
state_madhya_pradesh,Madhya Pradesh,state_aggregate,RBI / NSO,Madhya Pradesh,All sectors,gsdp_current_prices_inr_crore,439483.44,INR crore,43948344.0,INR lakh,2013-04-01,2014-03-31,fiscal_year,actual,GSDP_current_prices_2011_12_base,2014-03-31,2025-12-11,rbi_gsdp_current_prices_2024_25,https://rbidocs.rbi.org.in/rdocs/Publications/PDFs/21T_11122025D994949B48C44B68B4465FBB9ADDFF3D.PDF,"Table 21, state Madhya Pradesh, column 2013-14",official_measured,True,6e48293426935a2ef796c0163edbedeeb6dd165b21db8f018ac912502b3cc287,"Full RBI December2025 published vintage; values may revise earlier releases. Statistical estimates for completed reporting periods, not audited financial actuals; individual AE/RE/provisional status is not specified in this table. Missing cells omitted, never zero-filled. J&K throughFY2018-19 includes Ladakh; retained as a separate historical geography and not joined to present UT totals.",Madhya Pradesh,2014,gsdp_current_prices_inr_crore,439483.44,official_measured,official,,,,,,,,GSDP_current_prices_2011_12_base|All sectors,,,,,,,2025-12-11,,2013-14,reported,official_statistical_published,RBI Handbook of Statistics on Indian States 2024-25; Table 21; 11 December 2025,current_prices,2011-12
state_madhya_pradesh,Madhya Pradesh,state_aggregate,RBI / NSO,Madhya Pradesh,All sectors,gsdp_current_prices_inr_crore,479939.04000000004,INR crore,47993904.0,INR lakh,2014-04-01,2015-03-31,fiscal_year,actual,GSDP_current_prices_2011_12_base,2015-03-31,2025-12-11,rbi_gsdp_current_prices_2024_25,https://rbidocs.rbi.org.in/rdocs/Publications/PDFs/21T_11122025D994949B48C44B68B4465FBB9ADDFF3D.PDF,"Table 21, state Madhya Pradesh, column 2014-15",official_measured,True,6e48293426935a2ef796c0163edbedeeb6dd165b21db8f018ac912502b3cc287,"Full RBI December2025 published vintage; values may revise earlier releases. Statistical estimates for completed reporting periods, not audited financial actuals; individual AE/RE/provisional status is not specified in this table. Missing cells omitted, never zero-filled. J&K throughFY2018-19 includes Ladakh; retained as a separate historical geography and not joined to present UT totals.",Madhya Pradesh,2015,gsdp_current_prices_inr_crore,479939.04000000004,official_measured,official,,,,,,,,GSDP_current_prices_2011_12_base|All sectors,,,,,,,2025-12-11,,2014-15,reported,official_statistical_published,RBI Handbook of Statistics on Indian States 2024-25; Table 21; 11 December 2025,current_prices,2011-12
state_madhya_pradesh,Madhya Pradesh,state_aggregate,RBI / NSO,Madhya Pradesh,All sectors,gsdp_current_prices_inr_crore,541067.51,INR crore,54106751.0,INR lakh,2015-04-01,2016-03-31,fiscal_year,actual,GSDP_current_prices_2011_12_base,2016-03-31,2025-12-11,rbi_gsdp_current_prices_2024_25,https://rbidocs.rbi.org.in/rdocs/Publications/PDFs/21T_11122025D994949B48C44B68B4465FBB9ADDFF3D.PDF,"Table 21, state Madhya Pradesh, column 2015-16",official_measured,True,6e48293426935a2ef796c0163edbedeeb6dd165b21db8f018ac912502b3cc287,"Full RBI December2025 published vintage; values may revise earlier releases. Statistical estimates for completed reporting periods, not audited financial actuals; individual AE/RE/provisional status is not specified in this table. Missing cells omitted, never zero-filled. J&K throughFY2018-19 includes Ladakh; retained as a separate historical geography and not joined to present UT totals.",Madhya Pradesh,2016,gsdp_current_prices_inr_crore,541067.51,official_measured,official,,,,,,,,GSDP_current_prices_2011_12_base|All sectors,,,,,,,2025-12-11,,2015-16,reported,official_statistical_published,RBI Handbook of Statistics on Indian States 2024-25; Table 21; 11 December 2025,current_prices,2011-12
state_madhya_pradesh,Madhya Pradesh,state_aggregate,RBI / NSO,Madhya Pradesh,All sectors,gsdp_current_prices_inr_crore,649822.81,INR crore,64982281.0,INR lakh,2016-04-01,2017-03-31,fiscal_year,actual,GSDP_current_prices_2011_12_base,2017-03-31,2025-12-11,rbi_gsdp_current_prices_2024_25,https://rbidocs.rbi.org.in/rdocs/Publications/PDFs/21T_11122025D994949B48C44B68B4465FBB9ADDFF3D.PDF,"Table 21, state Madhya Pradesh, column 2016-17",official_measured,True,6e48293426935a2ef796c0163edbedeeb6dd165b21db8f018ac912502b3cc287,"Full RBI December2025 published vintage; values may revise earlier releases. Statistical estimates for completed reporting periods, not audited financial actuals; individual AE/RE/provisional status is not specified in this table. Missing cells omitted, never zero-filled. J&K throughFY2018-19 includes Ladakh; retained as a separate historical geography and not joined to present UT totals.",Madhya Pradesh,2017,gsdp_current_prices_inr_crore,649822.81,official_measured,official,,,,,,,,GSDP_current_prices_2011_12_base|All sectors,,,,,,,2025-12-11,,2016-17,reported,official_statistical_published,RBI Handbook of Statistics on Indian States 2024-25; Table 21; 11 December 2025,current_prices,2011-12
state_maharashtra,Maharashtra,state_aggregate,RBI / NSO,Maharashtra,All sectors,gsdp_current_prices_inr_crore,1280369.44,INR crore,128036944.0,INR lakh,2011-04-01,2012-03-31,fiscal_year,actual,GSDP_current_prices_2011_12_base,2012-03-31,2025-12-11,rbi_gsdp_current_prices_2024_25,https://rbidocs.rbi.org.in/rdocs/Publications/PDFs/21T_11122025D994949B48C44B68B4465FBB9ADDFF3D.PDF,"Table 21, state Maharashtra, column 2011-12",official_measured,True,6e48293426935a2ef796c0163edbedeeb6dd165b21db8f018ac912502b3cc287,"Full RBI December2025 published vintage; values may revise earlier releases. Statistical estimates for completed reporting periods, not audited financial actuals; individual AE/RE/provisional status is not specified in this table. Missing cells omitted, never zero-filled. J&K throughFY2018-19 includes Ladakh; retained as a separate historical geography and not joined to present UT totals.",Maharashtra,2012,gsdp_current_prices_inr_crore,1280369.44,official_measured,official,,,,,,,,GSDP_current_prices_2011_12_base|All sectors,,,,,,,2025-12-11,,2011-12,reported,official_statistical_published,RBI Handbook of Statistics on Indian States 2024-25; Table 21; 11 December 2025,current_prices,2011-12
state_maharashtra,Maharashtra,state_aggregate,RBI / NSO,Maharashtra,All sectors,gsdp_current_prices_inr_crore,1459628.6300000001,INR crore,145962863.0,INR lakh,2012-04-01,2013-03-31,fiscal_year,actual,GSDP_current_prices_2011_12_base,2013-03-31,2025-12-11,rbi_gsdp_current_prices_2024_25,https://rbidocs.rbi.org.in/rdocs/Publications/PDFs/21T_11122025D994949B48C44B68B4465FBB9ADDFF3D.PDF,"Table 21, state Maharashtra, column 2012-13",official_measured,True,6e48293426935a2ef796c0163edbedeeb6dd165b21db8f018ac912502b3cc287,"Full RBI December2025 published vintage; values may revise earlier releases. Statistical estimates for completed reporting periods, not audited financial actuals; individual AE/RE/provisional status is not specified in this table. Missing cells omitted, never zero-filled. J&K throughFY2018-19 includes Ladakh; retained as a separate historical geography and not joined to present UT totals.",Maharashtra,2013,gsdp_current_prices_inr_crore,1459628.6300000001,official_measured,official,,,,,,,,GSDP_current_prices_2011_12_base|All sectors,,,,,,,2025-12-11,,2012-13,reported,official_statistical_published,RBI Handbook of Statistics on Indian States 2024-25; Table 21; 11 December 2025,current_prices,2011-12
state_maharashtra,Maharashtra,state_aggregate,RBI / NSO,Maharashtra,All sectors,gsdp_current_prices_inr_crore,1649646.6300000001,INR crore,164964663.0,INR lakh,2013-04-01,2014-03-31,fiscal_year,actual,GSDP_current_prices_2011_12_base,2014-03-31,2025-12-11,rbi_gsdp_current_prices_2024_25,https://rbidocs.rbi.org.in/rdocs/Publications/PDFs/21T_11122025D994949B48C44B68B4465FBB9ADDFF3D.PDF,"Table 21, state Maharashtra, column 2013-14",official_measured,True,6e48293426935a2ef796c0163edbedeeb6dd165b21db8f018ac912502b3cc287,"Full RBI December2025 published vintage; values may revise earlier releases. Statistical estimates for completed reporting periods, not audited financial actuals; individual AE/RE/provisional status is not specified in this table. Missing cells omitted, never zero-filled. J&K throughFY2018-19 includes Ladakh; retained as a separate historical geography and not joined to present UT totals.",Maharashtra,2014,gsdp_current_prices_inr_crore,1649646.6300000001,official_measured,official,,,,,,,,GSDP_current_prices_2011_12_base|All sectors,,,,,,,2025-12-11,,2013-14,reported,official_statistical_published,RBI Handbook of Statistics on Indian States 2024-25; Table 21; 11 December 2025,current_prices,2011-12
state_maharashtra,Maharashtra,state_aggregate,RBI / NSO,Maharashtra,All sectors,gsdp_current_prices_inr_crore,1779137.93,INR crore,177913793.0,INR lakh,2014-04-01,2015-03-31,fiscal_year,actual,GSDP_current_prices_2011_12_base,2015-03-31,2025-12-11,rbi_gsdp_current_prices_2024_25,https://rbidocs.rbi.org.in/rdocs/Publications/PDFs/21T_11122025D994949B48C44B68B4465FBB9ADDFF3D.PDF,"Table 21, state Maharashtra, column 2014-15",official_measured,True,6e48293426935a2ef796c0163edbedeeb6dd165b21db8f018ac912502b3cc287,"Full RBI December2025 published vintage; values may revise earlier releases. Statistical estimates for completed reporting periods, not audited financial actuals; individual AE/RE/provisional status is not specified in this table. Missing cells omitted, never zero-filled. J&K throughFY2018-19 includes Ladakh; retained as a separate historical geography and not joined to present UT totals.",Maharashtra,2015,gsdp_current_prices_inr_crore,1779137.93,official_measured,official,,,,,,,,GSDP_current_prices_2011_12_base|All sectors,,,,,,,2025-12-11,,2014-15,reported,official_statistical_published,RBI Handbook of Statistics on Indian States 2024-25; Table 21; 11 December 2025,current_prices,2011-12
state_maharashtra,Maharashtra,state_aggregate,RBI / NSO,Maharashtra,All sectors,gsdp_current_prices_inr_crore,1966224.58,INR crore,196622458.0,INR lakh,2015-04-01,2016-03-31,fiscal_year,actual,GSDP_current_prices_2011_12_base,2016-03-31,2025-12-11,rbi_gsdp_current_prices_2024_25,https://rbidocs.rbi.org.in/rdocs/Publications/PDFs/21T_11122025D994949B48C44B68B4465FBB9ADDFF3D.PDF,"Table 21, state Maharashtra, column 2015-16",official_measured,True,6e48293426935a2ef796c0163edbedeeb6dd165b21db8f018ac912502b3cc287,"Full RBI December2025 published vintage; values may revise earlier releases. Statistical estimates for completed reporting periods, not audited financial actuals; individual AE/RE/provisional status is not specified in this table. Missing cells omitted, never zero-filled. J&K throughFY2018-19 includes Ladakh; retained as a separate historical geography and not joined to present UT totals.",Maharashtra,2016,gsdp_current_prices_inr_crore,1966224.58,official_measured,official,,,,,,,,GSDP_current_prices_2011_12_base|All sectors,,,,,,,2025-12-11,,2015-16,reported,official_statistical_published,RBI Handbook of Statistics on Indian States 2024-25; Table 21; 11 December 2025,current_prices,2011-12
state_maharashtra,Maharashtra,state_aggregate,RBI / NSO,Maharashtra,All sectors,gsdp_current_prices_inr_crore,2198185.15,INR crore,219818515.0,INR lakh,2016-04-01,2017-03-31,fiscal_year,actual,GSDP_current_prices_2011_12_base,2017-03-31,2025-12-11,rbi_gsdp_current_prices_2024_25,https://rbidocs.rbi.org.in/rdocs/Publications/PDFs/21T_11122025D994949B48C44B68B4465FBB9ADDFF3D.PDF,"Table 21, state Maharashtra, column 2016-17",official_measured,True,6e48293426935a2ef796c0163edbedeeb6dd165b21db8f018ac912502b3cc287,"Full RBI December2025 published vintage; values may revise earlier releases. Statistical estimates for completed reporting periods, not audited financial actuals; individual AE/RE/provisional status is not specified in this table. Missing cells omitted, never zero-filled. J&K throughFY2018-19 includes Ladakh; retained as a separate historical geography and not joined to present UT totals.",Maharashtra,2017,gsdp_current_prices_inr_crore,2198185.15,official_measured,official,,,,,,,,GSDP_current_prices_2011_12_base|All sectors,,,,,,,2025-12-11,,2016-17,reported,official_statistical_published,RBI Handbook of Statistics on Indian States 2024-25; Table 21; 11 December 2025,current_prices,2011-12
state_manipur,Manipur,state_aggregate,RBI / NSO,Manipur,All sectors,gsdp_current_prices_inr_crore,12914.6,INR crore,1291460.0,INR lakh,2011-04-01,2012-03-31,fiscal_year,actual,GSDP_current_prices_2011_12_base,2012-03-31,2025-12-11,rbi_gsdp_current_prices_2024_25,https://rbidocs.rbi.org.in/rdocs/Publications/PDFs/21T_11122025D994949B48C44B68B4465FBB9ADDFF3D.PDF,"Table 21, state Manipur, column 2011-12",official_measured,True,6e48293426935a2ef796c0163edbedeeb6dd165b21db8f018ac912502b3cc287,"Full RBI December2025 published vintage; values may revise earlier releases. Statistical estimates for completed reporting periods, not audited financial actuals; individual AE/RE/provisional status is not specified in this table. Missing cells omitted, never zero-filled. J&K throughFY2018-19 includes Ladakh; retained as a separate historical geography and not joined to present UT totals.",Manipur,2012,gsdp_current_prices_inr_crore,12914.6,official_measured,official,,,,,,,,GSDP_current_prices_2011_12_base|All sectors,,,,,,,2025-12-11,,2011-12,reported,official_statistical_published,RBI Handbook of Statistics on Indian States 2024-25; Table 21; 11 December 2025,current_prices,2011-12
state_manipur,Manipur,state_aggregate,RBI / NSO,Manipur,All sectors,gsdp_current_prices_inr_crore,13743.24,INR crore,1374324.0,INR lakh,2012-04-01,2013-03-31,fiscal_year,actual,GSDP_current_prices_2011_12_base,2013-03-31,2025-12-11,rbi_gsdp_current_prices_2024_25,https://rbidocs.rbi.org.in/rdocs/Publications/PDFs/21T_11122025D994949B48C44B68B4465FBB9ADDFF3D.PDF,"Table 21, state Manipur, column 2012-13",official_measured,True,6e48293426935a2ef796c0163edbedeeb6dd165b21db8f018ac912502b3cc287,"Full RBI December2025 published vintage; values may revise earlier releases. Statistical estimates for completed reporting periods, not audited financial actuals; individual AE/RE/provisional status is not specified in this table. Missing cells omitted, never zero-filled. J&K throughFY2018-19 includes Ladakh; retained as a separate historical geography and not joined to present UT totals.",Manipur,2013,gsdp_current_prices_inr_crore,13743.24,official_measured,official,,,,,,,,GSDP_current_prices_2011_12_base|All sectors,,,,,,,2025-12-11,,2012-13,reported,official_statistical_published,RBI Handbook of Statistics on Indian States 2024-25; Table 21; 11 December 2025,current_prices,2011-12
state_manipur,Manipur,state_aggregate,RBI / NSO,Manipur,All sectors,gsdp_current_prices_inr_crore,16182.04,INR crore,1618204.0,INR lakh,2013-04-01,2014-03-31,fiscal_year,actual,GSDP_current_prices_2011_12_base,2014-03-31,2025-12-11,rbi_gsdp_current_prices_2024_25,https://rbidocs.rbi.org.in/rdocs/Publications/PDFs/21T_11122025D994949B48C44B68B4465FBB9ADDFF3D.PDF,"Table 21, state Manipur, column 2013-14",official_measured,True,6e48293426935a2ef796c0163edbedeeb6dd165b21db8f018ac912502b3cc287,"Full RBI December2025 published vintage; values may revise earlier releases. Statistical estimates for completed reporting periods, not audited financial actuals; individual AE/RE/provisional status is not specified in this table. Missing cells omitted, never zero-filled. J&K throughFY2018-19 includes Ladakh; retained as a separate historical geography and not joined to present UT totals.",Manipur,2014,gsdp_current_prices_inr_crore,16182.04,official_measured,official,,,,,,,,GSDP_current_prices_2011_12_base|All sectors,,,,,,,2025-12-11,,2013-14,reported,official_statistical_published,RBI Handbook of Statistics on Indian States 2024-25; Table 21; 11 December 2025,current_prices,2011-12
state_manipur,Manipur,state_aggregate,RBI / NSO,Manipur,All sectors,gsdp_current_prices_inr_crore,18129.05,INR crore,1812905.0,INR lakh,2014-04-01,2015-03-31,fiscal_year,actual,GSDP_current_prices_2011_12_base,2015-03-31,2025-12-11,rbi_gsdp_current_prices_2024_25,https://rbidocs.rbi.org.in/rdocs/Publications/PDFs/21T_11122025D994949B48C44B68B4465FBB9ADDFF3D.PDF,"Table 21, state Manipur, column 2014-15",official_measured,True,6e48293426935a2ef796c0163edbedeeb6dd165b21db8f018ac912502b3cc287,"Full RBI December2025 published vintage; values may revise earlier releases. Statistical estimates for completed reporting periods, not audited financial actuals; individual AE/RE/provisional status is not specified in this table. Missing cells omitted, never zero-filled. J&K throughFY2018-19 includes Ladakh; retained as a separate historical geography and not joined to present UT totals.",Manipur,2015,gsdp_current_prices_inr_crore,18129.05,official_measured,official,,,,,,,,GSDP_current_prices_2011_12_base|All sectors,,,,,,,2025-12-11,,2014-15,reported,official_statistical_published,RBI Handbook of Statistics on Indian States 2024-25; Table 21; 11 December 2025,current_prices,2011-12
state_manipur,Manipur,state_aggregate,RBI / NSO,Manipur,All sectors,gsdp_current_prices_inr_crore,19530.670000000002,INR crore,1953067.0,INR lakh,2015-04-01,2016-03-31,fiscal_year,actual,GSDP_current_prices_2011_12_base,2016-03-31,2025-12-11,rbi_gsdp_current_prices_2024_25,https://rbidocs.rbi.org.in/rdocs/Publications/PDFs/21T_11122025D994949B48C44B68B4465FBB9ADDFF3D.PDF,"Table 21, state Manipur, column 2015-16",official_measured,True,6e48293426935a2ef796c0163edbedeeb6dd165b21db8f018ac912502b3cc287,"Full RBI December2025 published vintage; values may revise earlier releases. Statistical estimates for completed reporting periods, not audited financial actuals; individual AE/RE/provisional status is not specified in this table. Missing cells omitted, never zero-filled. J&K throughFY2018-19 includes Ladakh; retained as a separate historical geography and not joined to present UT totals.",Manipur,2016,gsdp_current_prices_inr_crore,19530.670000000002,official_measured,official,,,,,,,,GSDP_current_prices_2011_12_base|All sectors,,,,,,,2025-12-11,,2015-16,reported,official_statistical_published,RBI Handbook of Statistics on Indian States 2024-25; Table 21; 11 December 2025,current_prices,2011-12
state_manipur,Manipur,state_aggregate,RBI / NSO,Manipur,All sectors,gsdp_current_prices_inr_crore,21293.89,INR crore,2129389.0,INR lakh,2016-04-01,2017-03-31,fiscal_year,actual,GSDP_current_prices_2011_12_base,2017-03-31,2025-12-11,rbi_gsdp_current_prices_2024_25,https://rbidocs.rbi.org.in/rdocs/Publications/PDFs/21T_11122025D994949B48C44B68B4465FBB9ADDFF3D.PDF,"Table 21, state Manipur, column 2016-17",official_measured,True,6e48293426935a2ef796c0163edbedeeb6dd165b21db8f018ac912502b3cc287,"Full RBI December2025 published vintage; values may revise earlier releases. Statistical estimates for completed reporting periods, not audited financial actuals; individual AE/RE/provisional status is not specified in this table. Missing cells omitted, never zero-filled. J&K throughFY2018-19 includes Ladakh; retained as a separate historical geography and not joined to present UT totals.",Manipur,2017,gsdp_current_prices_inr_crore,21293.89,official_measured,official,,,,,,,,GSDP_current_prices_2011_12_base|All sectors,,,,,,,2025-12-11,,2016-17,reported,official_statistical_published,RBI Handbook of Statistics on Indian States 2024-25; Table 21; 11 December 2025,current_prices,2011-12
state_meghalaya,Meghalaya,state_aggregate,RBI / NSO,Meghalaya,All sectors,gsdp_current_prices_inr_crore,19917.75,INR crore,1991775.0,INR lakh,2011-04-01,2012-03-31,fiscal_year,actual,GSDP_current_prices_2011_12_base,2012-03-31,2025-12-11,rbi_gsdp_current_prices_2024_25,https://rbidocs.rbi.org.in/rdocs/Publications/PDFs/21T_11122025D994949B48C44B68B4465FBB9ADDFF3D.PDF,"Table 21, state Meghalaya, column 2011-12",official_measured,True,6e48293426935a2ef796c0163edbedeeb6dd165b21db8f018ac912502b3cc287,"Full RBI December2025 published vintage; values may revise earlier releases. Statistical estimates for completed reporting periods, not audited financial actuals; individual AE/RE/provisional status is not specified in this table. Missing cells omitted, never zero-filled. J&K throughFY2018-19 includes Ladakh; retained as a separate historical geography and not joined to present UT totals.",Meghalaya,2012,gsdp_current_prices_inr_crore,19917.75,official_measured,official,,,,,,,,GSDP_current_prices_2011_12_base|All sectors,,,,,,,2025-12-11,,2011-12,reported,official_statistical_published,RBI Handbook of Statistics on Indian States 2024-25; Table 21; 11 December 2025,current_prices,2011-12
state_meghalaya,Meghalaya,state_aggregate,RBI / NSO,Meghalaya,All sectors,gsdp_current_prices_inr_crore,21872.02,INR crore,2187202.0,INR lakh,2012-04-01,2013-03-31,fiscal_year,actual,GSDP_current_prices_2011_12_base,2013-03-31,2025-12-11,rbi_gsdp_current_prices_2024_25,https://rbidocs.rbi.org.in/rdocs/Publications/PDFs/21T_11122025D994949B48C44B68B4465FBB9ADDFF3D.PDF,"Table 21, state Meghalaya, column 2012-13",official_measured,True,6e48293426935a2ef796c0163edbedeeb6dd165b21db8f018ac912502b3cc287,"Full RBI December2025 published vintage; values may revise earlier releases. Statistical estimates for completed reporting periods, not audited financial actuals; individual AE/RE/provisional status is not specified in this table. Missing cells omitted, never zero-filled. J&K throughFY2018-19 includes Ladakh; retained as a separate historical geography and not joined to present UT totals.",Meghalaya,2013,gsdp_current_prices_inr_crore,21872.02,official_measured,official,,,,,,,,GSDP_current_prices_2011_12_base|All sectors,,,,,,,2025-12-11,,2012-13,reported,official_statistical_published,RBI Handbook of Statistics on Indian States 2024-25; Table 21; 11 December 2025,current_prices,2011-12
state_meghalaya,Meghalaya,state_aggregate,RBI / NSO,Meghalaya,All sectors,gsdp_current_prices_inr_crore,22938.24,INR crore,2293824.0,INR lakh,2013-04-01,2014-03-31,fiscal_year,actual,GSDP_current_prices_2011_12_base,2014-03-31,2025-12-11,rbi_gsdp_current_prices_2024_25,https://rbidocs.rbi.org.in/rdocs/Publications/PDFs/21T_11122025D994949B48C44B68B4465FBB9ADDFF3D.PDF,"Table 21, state Meghalaya, column 2013-14",official_measured,True,6e48293426935a2ef796c0163edbedeeb6dd165b21db8f018ac912502b3cc287,"Full RBI December2025 published vintage; values may revise earlier releases. Statistical estimates for completed reporting periods, not audited financial actuals; individual AE/RE/provisional status is not specified in this table. Missing cells omitted, never zero-filled. J&K throughFY2018-19 includes Ladakh; retained as a separate historical geography and not joined to present UT totals.",Meghalaya,2014,gsdp_current_prices_inr_crore,22938.24,official_measured,official,,,,,,,,GSDP_current_prices_2011_12_base|All sectors,,,,,,,2025-12-11,,2013-14,reported,official_statistical_published,RBI Handbook of Statistics on Indian States 2024-25; Table 21; 11 December 2025,current_prices,2011-12
state_meghalaya,Meghalaya,state_aggregate,RBI / NSO,Meghalaya,All sectors,gsdp_current_prices_inr_crore,23234.53,INR crore,2323453.0,INR lakh,2014-04-01,2015-03-31,fiscal_year,actual,GSDP_current_prices_2011_12_base,2015-03-31,2025-12-11,rbi_gsdp_current_prices_2024_25,https://rbidocs.rbi.org.in/rdocs/Publications/PDFs/21T_11122025D994949B48C44B68B4465FBB9ADDFF3D.PDF,"Table 21, state Meghalaya, column 2014-15",official_measured,True,6e48293426935a2ef796c0163edbedeeb6dd165b21db8f018ac912502b3cc287,"Full RBI December2025 published vintage; values may revise earlier releases. Statistical estimates for completed reporting periods, not audited financial actuals; individual AE/RE/provisional status is not specified in this table. Missing cells omitted, never zero-filled. J&K throughFY2018-19 includes Ladakh; retained as a separate historical geography and not joined to present UT totals.",Meghalaya,2015,gsdp_current_prices_inr_crore,23234.53,official_measured,official,,,,,,,,GSDP_current_prices_2011_12_base|All sectors,,,,,,,2025-12-11,,2014-15,reported,official_statistical_published,RBI Handbook of Statistics on Indian States 2024-25; Table 21; 11 December 2025,current_prices,2011-12
state_meghalaya,Meghalaya,state_aggregate,RBI / NSO,Meghalaya,All sectors,gsdp_current_prices_inr_crore,25117.36,INR crore,2511736.0,INR lakh,2015-04-01,2016-03-31,fiscal_year,actual,GSDP_current_prices_2011_12_base,2016-03-31,2025-12-11,rbi_gsdp_current_prices_2024_25,https://rbidocs.rbi.org.in/rdocs/Publications/PDFs/21T_11122025D994949B48C44B68B4465FBB9ADDFF3D.PDF,"Table 21, state Meghalaya, column 2015-16",official_measured,True,6e48293426935a2ef796c0163edbedeeb6dd165b21db8f018ac912502b3cc287,"Full RBI December2025 published vintage; values may revise earlier releases. Statistical estimates for completed reporting periods, not audited financial actuals; individual AE/RE/provisional status is not specified in this table. Missing cells omitted, never zero-filled. J&K throughFY2018-19 includes Ladakh; retained as a separate historical geography and not joined to present UT totals.",Meghalaya,2016,gsdp_current_prices_inr_crore,25117.36,official_measured,official,,,,,,,,GSDP_current_prices_2011_12_base|All sectors,,,,,,,2025-12-11,,2015-16,reported,official_statistical_published,RBI Handbook of Statistics on Indian States 2024-25; Table 21; 11 December 2025,current_prices,2011-12
state_meghalaya,Meghalaya,state_aggregate,RBI / NSO,Meghalaya,All sectors,gsdp_current_prices_inr_crore,27438.62,INR crore,2743862.0,INR lakh,2016-04-01,2017-03-31,fiscal_year,actual,GSDP_current_prices_2011_12_base,2017-03-31,2025-12-11,rbi_gsdp_current_prices_2024_25,https://rbidocs.rbi.org.in/rdocs/Publications/PDFs/21T_11122025D994949B48C44B68B4465FBB9ADDFF3D.PDF,"Table 21, state Meghalaya, column 2016-17",official_measured,True,6e48293426935a2ef796c0163edbedeeb6dd165b21db8f018ac912502b3cc287,"Full RBI December2025 published vintage; values may revise earlier releases. Statistical estimates for completed reporting periods, not audited financial actuals; individual AE/RE/provisional status is not specified in this table. Missing cells omitted, never zero-filled. J&K throughFY2018-19 includes Ladakh; retained as a separate historical geography and not joined to present UT totals.",Meghalaya,2017,gsdp_current_prices_inr_crore,27438.62,official_measured,official,,,,,,,,GSDP_current_prices_2011_12_base|All sectors,,,,,,,2025-12-11,,2016-17,reported,official_statistical_published,RBI Handbook of Statistics on Indian States 2024-25; Table 21; 11 December 2025,current_prices,2011-12
state_mizoram,Mizoram,state_aggregate,RBI / NSO,Mizoram,All sectors,gsdp_current_prices_inr_crore,7258.6900000000005,INR crore,725869.0,INR lakh,2011-04-01,2012-03-31,fiscal_year,actual,GSDP_current_prices_2011_12_base,2012-03-31,2025-12-11,rbi_gsdp_current_prices_2024_25,https://rbidocs.rbi.org.in/rdocs/Publications/PDFs/21T_11122025D994949B48C44B68B4465FBB9ADDFF3D.PDF,"Table 21, state Mizoram, column 2011-12",official_measured,True,6e48293426935a2ef796c0163edbedeeb6dd165b21db8f018ac912502b3cc287,"Full RBI December2025 published vintage; values may revise earlier releases. Statistical estimates for completed reporting periods, not audited financial actuals; individual AE/RE/provisional status is not specified in this table. Missing cells omitted, never zero-filled. J&K throughFY2018-19 includes Ladakh; retained as a separate historical geography and not joined to present UT totals.",Mizoram,2012,gsdp_current_prices_inr_crore,7258.6900000000005,official_measured,official,,,,,,,,GSDP_current_prices_2011_12_base|All sectors,,,,,,,2025-12-11,,2011-12,reported,official_statistical_published,RBI Handbook of Statistics on Indian States 2024-25; Table 21; 11 December 2025,current_prices,2011-12
state_mizoram,Mizoram,state_aggregate,RBI / NSO,Mizoram,All sectors,gsdp_current_prices_inr_crore,8361.93,INR crore,836193.0,INR lakh,2012-04-01,2013-03-31,fiscal_year,actual,GSDP_current_prices_2011_12_base,2013-03-31,2025-12-11,rbi_gsdp_current_prices_2024_25,https://rbidocs.rbi.org.in/rdocs/Publications/PDFs/21T_11122025D994949B48C44B68B4465FBB9ADDFF3D.PDF,"Table 21, state Mizoram, column 2012-13",official_measured,True,6e48293426935a2ef796c0163edbedeeb6dd165b21db8f018ac912502b3cc287,"Full RBI December2025 published vintage; values may revise earlier releases. Statistical estimates for completed reporting periods, not audited financial actuals; individual AE/RE/provisional status is not specified in this table. Missing cells omitted, never zero-filled. J&K throughFY2018-19 includes Ladakh; retained as a separate historical geography and not joined to present UT totals.",Mizoram,2013,gsdp_current_prices_inr_crore,8361.93,official_measured,official,,,,,,,,GSDP_current_prices_2011_12_base|All sectors,,,,,,,2025-12-11,,2012-13,reported,official_statistical_published,RBI Handbook of Statistics on Indian States 2024-25; Table 21; 11 December 2025,current_prices,2011-12
state_mizoram,Mizoram,state_aggregate,RBI / NSO,Mizoram,All sectors,gsdp_current_prices_inr_crore,10293.37,INR crore,1029337.0,INR lakh,2013-04-01,2014-03-31,fiscal_year,actual,GSDP_current_prices_2011_12_base,2014-03-31,2025-12-11,rbi_gsdp_current_prices_2024_25,https://rbidocs.rbi.org.in/rdocs/Publications/PDFs/21T_11122025D994949B48C44B68B4465FBB9ADDFF3D.PDF,"Table 21, state Mizoram, column 2013-14",official_measured,True,6e48293426935a2ef796c0163edbedeeb6dd165b21db8f018ac912502b3cc287,"Full RBI December2025 published vintage; values may revise earlier releases. Statistical estimates for completed reporting periods, not audited financial actuals; individual AE/RE/provisional status is not specified in this table. Missing cells omitted, never zero-filled. J&K throughFY2018-19 includes Ladakh; retained as a separate historical geography and not joined to present UT totals.",Mizoram,2014,gsdp_current_prices_inr_crore,10293.37,official_measured,official,,,,,,,,GSDP_current_prices_2011_12_base|All sectors,,,,,,,2025-12-11,,2013-14,reported,official_statistical_published,RBI Handbook of Statistics on Indian States 2024-25; Table 21; 11 December 2025,current_prices,2011-12
state_mizoram,Mizoram,state_aggregate,RBI / NSO,Mizoram,All sectors,gsdp_current_prices_inr_crore,13509.4,INR crore,1350940.0,INR lakh,2014-04-01,2015-03-31,fiscal_year,actual,GSDP_current_prices_2011_12_base,2015-03-31,2025-12-11,rbi_gsdp_current_prices_2024_25,https://rbidocs.rbi.org.in/rdocs/Publications/PDFs/21T_11122025D994949B48C44B68B4465FBB9ADDFF3D.PDF,"Table 21, state Mizoram, column 2014-15",official_measured,True,6e48293426935a2ef796c0163edbedeeb6dd165b21db8f018ac912502b3cc287,"Full RBI December2025 published vintage; values may revise earlier releases. Statistical estimates for completed reporting periods, not audited financial actuals; individual AE/RE/provisional status is not specified in this table. Missing cells omitted, never zero-filled. J&K throughFY2018-19 includes Ladakh; retained as a separate historical geography and not joined to present UT totals.",Mizoram,2015,gsdp_current_prices_inr_crore,13509.4,official_measured,official,,,,,,,,GSDP_current_prices_2011_12_base|All sectors,,,,,,,2025-12-11,,2014-15,reported,official_statistical_published,RBI Handbook of Statistics on Indian States 2024-25; Table 21; 11 December 2025,current_prices,2011-12
state_mizoram,Mizoram,state_aggregate,RBI / NSO,Mizoram,All sectors,gsdp_current_prices_inr_crore,15138.86,INR crore,1513886.0,INR lakh,2015-04-01,2016-03-31,fiscal_year,actual,GSDP_current_prices_2011_12_base,2016-03-31,2025-12-11,rbi_gsdp_current_prices_2024_25,https://rbidocs.rbi.org.in/rdocs/Publications/PDFs/21T_11122025D994949B48C44B68B4465FBB9ADDFF3D.PDF,"Table 21, state Mizoram, column 2015-16",official_measured,True,6e48293426935a2ef796c0163edbedeeb6dd165b21db8f018ac912502b3cc287,"Full RBI December2025 published vintage; values may revise earlier releases. Statistical estimates for completed reporting periods, not audited financial actuals; individual AE/RE/provisional status is not specified in this table. Missing cells omitted, never zero-filled. J&K throughFY2018-19 includes Ladakh; retained as a separate historical geography and not joined to present UT totals.",Mizoram,2016,gsdp_current_prices_inr_crore,15138.86,official_measured,official,,,,,,,,GSDP_current_prices_2011_12_base|All sectors,,,,,,,2025-12-11,,2015-16,reported,official_statistical_published,RBI Handbook of Statistics on Indian States 2024-25; Table 21; 11 December 2025,current_prices,2011-12
state_mizoram,Mizoram,state_aggregate,RBI / NSO,Mizoram,All sectors,gsdp_current_prices_inr_crore,17191.91,INR crore,1719191.0,INR lakh,2016-04-01,2017-03-31,fiscal_year,actual,GSDP_current_prices_2011_12_base,2017-03-31,2025-12-11,rbi_gsdp_current_prices_2024_25,https://rbidocs.rbi.org.in/rdocs/Publications/PDFs/21T_11122025D994949B48C44B68B4465FBB9ADDFF3D.PDF,"Table 21, state Mizoram, column 2016-17",official_measured,True,6e48293426935a2ef796c0163edbedeeb6dd165b21db8f018ac912502b3cc287,"Full RBI December2025 published vintage; values may revise earlier releases. Statistical estimates for completed reporting periods, not audited financial actuals; individual AE/RE/provisional status is not specified in this table. Missing cells omitted, never zero-filled. J&K throughFY2018-19 includes Ladakh; retained as a separate historical geography and not joined to present UT totals.",Mizoram,2017,gsdp_current_prices_inr_crore,17191.91,official_measured,official,,,,,,,,GSDP_current_prices_2011_12_base|All sectors,,,,,,,2025-12-11,,2016-17,reported,official_statistical_published,RBI Handbook of Statistics on Indian States 2024-25; Table 21; 11 December 2025,current_prices,2011-12
state_nagaland,Nagaland,state_aggregate,RBI / NSO,Nagaland,All sectors,gsdp_current_prices_inr_crore,12176.76,INR crore,1217676.0,INR lakh,2011-04-01,2012-03-31,fiscal_year,actual,GSDP_current_prices_2011_12_base,2012-03-31,2025-12-11,rbi_gsdp_current_prices_2024_25,https://rbidocs.rbi.org.in/rdocs/Publications/PDFs/21T_11122025D994949B48C44B68B4465FBB9ADDFF3D.PDF,"Table 21, state Nagaland, column 2011-12",official_measured,True,6e48293426935a2ef796c0163edbedeeb6dd165b21db8f018ac912502b3cc287,"Full RBI December2025 published vintage; values may revise earlier releases. Statistical estimates for completed reporting periods, not audited financial actuals; individual AE/RE/provisional status is not specified in this table. Missing cells omitted, never zero-filled. J&K throughFY2018-19 includes Ladakh; retained as a separate historical geography and not joined to present UT totals.",Nagaland,2012,gsdp_current_prices_inr_crore,12176.76,official_measured,official,,,,,,,,GSDP_current_prices_2011_12_base|All sectors,,,,,,,2025-12-11,,2011-12,reported,official_statistical_published,RBI Handbook of Statistics on Indian States 2024-25; Table 21; 11 December 2025,current_prices,2011-12
state_nagaland,Nagaland,state_aggregate,RBI / NSO,Nagaland,All sectors,gsdp_current_prices_inr_crore,14121.27,INR crore,1412127.0,INR lakh,2012-04-01,2013-03-31,fiscal_year,actual,GSDP_current_prices_2011_12_base,2013-03-31,2025-12-11,rbi_gsdp_current_prices_2024_25,https://rbidocs.rbi.org.in/rdocs/Publications/PDFs/21T_11122025D994949B48C44B68B4465FBB9ADDFF3D.PDF,"Table 21, state Nagaland, column 2012-13",official_measured,True,6e48293426935a2ef796c0163edbedeeb6dd165b21db8f018ac912502b3cc287,"Full RBI December2025 published vintage; values may revise earlier releases. Statistical estimates for completed reporting periods, not audited financial actuals; individual AE/RE/provisional status is not specified in this table. Missing cells omitted, never zero-filled. J&K throughFY2018-19 includes Ladakh; retained as a separate historical geography and not joined to present UT totals.",Nagaland,2013,gsdp_current_prices_inr_crore,14121.27,official_measured,official,,,,,,,,GSDP_current_prices_2011_12_base|All sectors,,,,,,,2025-12-11,,2012-13,reported,official_statistical_published,RBI Handbook of Statistics on Indian States 2024-25; Table 21; 11 December 2025,current_prices,2011-12
state_nagaland,Nagaland,state_aggregate,RBI / NSO,Nagaland,All sectors,gsdp_current_prices_inr_crore,16611.73,INR crore,1661173.0,INR lakh,2013-04-01,2014-03-31,fiscal_year,actual,GSDP_current_prices_2011_12_base,2014-03-31,2025-12-11,rbi_gsdp_current_prices_2024_25,https://rbidocs.rbi.org.in/rdocs/Publications/PDFs/21T_11122025D994949B48C44B68B4465FBB9ADDFF3D.PDF,"Table 21, state Nagaland, column 2013-14",official_measured,True,6e48293426935a2ef796c0163edbedeeb6dd165b21db8f018ac912502b3cc287,"Full RBI December2025 published vintage; values may revise earlier releases. Statistical estimates for completed reporting periods, not audited financial actuals; individual AE/RE/provisional status is not specified in this table. Missing cells omitted, never zero-filled. J&K throughFY2018-19 includes Ladakh; retained as a separate historical geography and not joined to present UT totals.",Nagaland,2014,gsdp_current_prices_inr_crore,16611.73,official_measured,official,,,,,,,,GSDP_current_prices_2011_12_base|All sectors,,,,,,,2025-12-11,,2013-14,reported,official_statistical_published,RBI Handbook of Statistics on Indian States 2024-25; Table 21; 11 December 2025,current_prices,2011-12
state_nagaland,Nagaland,state_aggregate,RBI / NSO,Nagaland,All sectors,gsdp_current_prices_inr_crore,18400.670000000002,INR crore,1840067.0,INR lakh,2014-04-01,2015-03-31,fiscal_year,actual,GSDP_current_prices_2011_12_base,2015-03-31,2025-12-11,rbi_gsdp_current_prices_2024_25,https://rbidocs.rbi.org.in/rdocs/Publications/PDFs/21T_11122025D994949B48C44B68B4465FBB9ADDFF3D.PDF,"Table 21, state Nagaland, column 2014-15",official_measured,True,6e48293426935a2ef796c0163edbedeeb6dd165b21db8f018ac912502b3cc287,"Full RBI December2025 published vintage; values may revise earlier releases. Statistical estimates for completed reporting periods, not audited financial actuals; individual AE/RE/provisional status is not specified in this table. Missing cells omitted, never zero-filled. J&K throughFY2018-19 includes Ladakh; retained as a separate historical geography and not joined to present UT totals.",Nagaland,2015,gsdp_current_prices_inr_crore,18400.670000000002,official_measured,official,,,,,,,,GSDP_current_prices_2011_12_base|All sectors,,,,,,,2025-12-11,,2014-15,reported,official_statistical_published,RBI Handbook of Statistics on Indian States 2024-25; Table 21; 11 December 2025,current_prices,2011-12
state_nagaland,Nagaland,state_aggregate,RBI / NSO,Nagaland,All sectors,gsdp_current_prices_inr_crore,19523.95,INR crore,1952395.0,INR lakh,2015-04-01,2016-03-31,fiscal_year,actual,GSDP_current_prices_2011_12_base,2016-03-31,2025-12-11,rbi_gsdp_current_prices_2024_25,https://rbidocs.rbi.org.in/rdocs/Publications/PDFs/21T_11122025D994949B48C44B68B4465FBB9ADDFF3D.PDF,"Table 21, state Nagaland, column 2015-16",official_measured,True,6e48293426935a2ef796c0163edbedeeb6dd165b21db8f018ac912502b3cc287,"Full RBI December2025 published vintage; values may revise earlier releases. Statistical estimates for completed reporting periods, not audited financial actuals; individual AE/RE/provisional status is not specified in this table. Missing cells omitted, never zero-filled. J&K throughFY2018-19 includes Ladakh; retained as a separate historical geography and not joined to present UT totals.",Nagaland,2016,gsdp_current_prices_inr_crore,19523.95,official_measured,official,,,,,,,,GSDP_current_prices_2011_12_base|All sectors,,,,,,,2025-12-11,,2015-16,reported,official_statistical_published,RBI Handbook of Statistics on Indian States 2024-25; Table 21; 11 December 2025,current_prices,2011-12
state_nagaland,Nagaland,state_aggregate,RBI / NSO,Nagaland,All sectors,gsdp_current_prices_inr_crore,21722.45,INR crore,2172245.0,INR lakh,2016-04-01,2017-03-31,fiscal_year,actual,GSDP_current_prices_2011_12_base,2017-03-31,2025-12-11,rbi_gsdp_current_prices_2024_25,https://rbidocs.rbi.org.in/rdocs/Publications/PDFs/21T_11122025D994949B48C44B68B4465FBB9ADDFF3D.PDF,"Table 21, state Nagaland, column 2016-17",official_measured,True,6e48293426935a2ef796c0163edbedeeb6dd165b21db8f018ac912502b3cc287,"Full RBI December2025 published vintage; values may revise earlier releases. Statistical estimates for completed reporting periods, not audited financial actuals; individual AE/RE/provisional status is not specified in this table. Missing cells omitted, never zero-filled. J&K throughFY2018-19 includes Ladakh; retained as a separate historical geography and not joined to present UT totals.",Nagaland,2017,gsdp_current_prices_inr_crore,21722.45,official_measured,official,,,,,,,,GSDP_current_prices_2011_12_base|All sectors,,,,,,,2025-12-11,,2016-17,reported,official_statistical_published,RBI Handbook of Statistics on Indian States 2024-25; Table 21; 11 December 2025,current_prices,2011-12
state_odisha,Odisha,state_aggregate,RBI / NSO,Odisha,All sectors,gsdp_current_prices_inr_crore,230987.08000000002,INR crore,23098708.0,INR lakh,2011-04-01,2012-03-31,fiscal_year,actual,GSDP_current_prices_2011_12_base,2012-03-31,2025-12-11,rbi_gsdp_current_prices_2024_25,https://rbidocs.rbi.org.in/rdocs/Publications/PDFs/21T_11122025D994949B48C44B68B4465FBB9ADDFF3D.PDF,"Table 21, state Odisha, column 2011-12",official_measured,True,6e48293426935a2ef796c0163edbedeeb6dd165b21db8f018ac912502b3cc287,"Full RBI December2025 published vintage; values may revise earlier releases. Statistical estimates for completed reporting periods, not audited financial actuals; individual AE/RE/provisional status is not specified in this table. Missing cells omitted, never zero-filled. J&K throughFY2018-19 includes Ladakh; retained as a separate historical geography and not joined to present UT totals.",Odisha,2012,gsdp_current_prices_inr_crore,230987.08000000002,official_measured,official,,,,,,,,GSDP_current_prices_2011_12_base|All sectors,,,,,,,2025-12-11,,2011-12,reported,official_statistical_published,RBI Handbook of Statistics on Indian States 2024-25; Table 21; 11 December 2025,current_prices,2011-12
state_odisha,Odisha,state_aggregate,RBI / NSO,Odisha,All sectors,gsdp_current_prices_inr_crore,261699.6,INR crore,26169960.0,INR lakh,2012-04-01,2013-03-31,fiscal_year,actual,GSDP_current_prices_2011_12_base,2013-03-31,2025-12-11,rbi_gsdp_current_prices_2024_25,https://rbidocs.rbi.org.in/rdocs/Publications/PDFs/21T_11122025D994949B48C44B68B4465FBB9ADDFF3D.PDF,"Table 21, state Odisha, column 2012-13",official_measured,True,6e48293426935a2ef796c0163edbedeeb6dd165b21db8f018ac912502b3cc287,"Full RBI December2025 published vintage; values may revise earlier releases. Statistical estimates for completed reporting periods, not audited financial actuals; individual AE/RE/provisional status is not specified in this table. Missing cells omitted, never zero-filled. J&K throughFY2018-19 includes Ladakh; retained as a separate historical geography and not joined to present UT totals.",Odisha,2013,gsdp_current_prices_inr_crore,261699.6,official_measured,official,,,,,,,,GSDP_current_prices_2011_12_base|All sectors,,,,,,,2025-12-11,,2012-13,reported,official_statistical_published,RBI Handbook of Statistics on Indian States 2024-25; Table 21; 11 December 2025,current_prices,2011-12
state_odisha,Odisha,state_aggregate,RBI / NSO,Odisha,All sectors,gsdp_current_prices_inr_crore,296475.38,INR crore,29647538.0,INR lakh,2013-04-01,2014-03-31,fiscal_year,actual,GSDP_current_prices_2011_12_base,2014-03-31,2025-12-11,rbi_gsdp_current_prices_2024_25,https://rbidocs.rbi.org.in/rdocs/Publications/PDFs/21T_11122025D994949B48C44B68B4465FBB9ADDFF3D.PDF,"Table 21, state Odisha, column 2013-14",official_measured,True,6e48293426935a2ef796c0163edbedeeb6dd165b21db8f018ac912502b3cc287,"Full RBI December2025 published vintage; values may revise earlier releases. Statistical estimates for completed reporting periods, not audited financial actuals; individual AE/RE/provisional status is not specified in this table. Missing cells omitted, never zero-filled. J&K throughFY2018-19 includes Ladakh; retained as a separate historical geography and not joined to present UT totals.",Odisha,2014,gsdp_current_prices_inr_crore,296475.38,official_measured,official,,,,,,,,GSDP_current_prices_2011_12_base|All sectors,,,,,,,2025-12-11,,2013-14,reported,official_statistical_published,RBI Handbook of Statistics on Indian States 2024-25; Table 21; 11 December 2025,current_prices,2011-12
state_odisha,Odisha,state_aggregate,RBI / NSO,Odisha,All sectors,gsdp_current_prices_inr_crore,314249.95,INR crore,31424995.0,INR lakh,2014-04-01,2015-03-31,fiscal_year,actual,GSDP_current_prices_2011_12_base,2015-03-31,2025-12-11,rbi_gsdp_current_prices_2024_25,https://rbidocs.rbi.org.in/rdocs/Publications/PDFs/21T_11122025D994949B48C44B68B4465FBB9ADDFF3D.PDF,"Table 21, state Odisha, column 2014-15",official_measured,True,6e48293426935a2ef796c0163edbedeeb6dd165b21db8f018ac912502b3cc287,"Full RBI December2025 published vintage; values may revise earlier releases. Statistical estimates for completed reporting periods, not audited financial actuals; individual AE/RE/provisional status is not specified in this table. Missing cells omitted, never zero-filled. J&K throughFY2018-19 includes Ladakh; retained as a separate historical geography and not joined to present UT totals.",Odisha,2015,gsdp_current_prices_inr_crore,314249.95,official_measured,official,,,,,,,,GSDP_current_prices_2011_12_base|All sectors,,,,,,,2025-12-11,,2014-15,reported,official_statistical_published,RBI Handbook of Statistics on Indian States 2024-25; Table 21; 11 December 2025,current_prices,2011-12
state_odisha,Odisha,state_aggregate,RBI / NSO,Odisha,All sectors,gsdp_current_prices_inr_crore,328549.5,INR crore,32854950.0,INR lakh,2015-04-01,2016-03-31,fiscal_year,actual,GSDP_current_prices_2011_12_base,2016-03-31,2025-12-11,rbi_gsdp_current_prices_2024_25,https://rbidocs.rbi.org.in/rdocs/Publications/PDFs/21T_11122025D994949B48C44B68B4465FBB9ADDFF3D.PDF,"Table 21, state Odisha, column 2015-16",official_measured,True,6e48293426935a2ef796c0163edbedeeb6dd165b21db8f018ac912502b3cc287,"Full RBI December2025 published vintage; values may revise earlier releases. Statistical estimates for completed reporting periods, not audited financial actuals; individual AE/RE/provisional status is not specified in this table. Missing cells omitted, never zero-filled. J&K throughFY2018-19 includes Ladakh; retained as a separate historical geography and not joined to present UT totals.",Odisha,2016,gsdp_current_prices_inr_crore,328549.5,official_measured,official,,,,,,,,GSDP_current_prices_2011_12_base|All sectors,,,,,,,2025-12-11,,2015-16,reported,official_statistical_published,RBI Handbook of Statistics on Indian States 2024-25; Table 21; 11 December 2025,current_prices,2011-12
state_odisha,Odisha,state_aggregate,RBI / NSO,Odisha,All sectors,gsdp_current_prices_inr_crore,392803.67,INR crore,39280367.0,INR lakh,2016-04-01,2017-03-31,fiscal_year,actual,GSDP_current_prices_2011_12_base,2017-03-31,2025-12-11,rbi_gsdp_current_prices_2024_25,https://rbidocs.rbi.org.in/rdocs/Publications/PDFs/21T_11122025D994949B48C44B68B4465FBB9ADDFF3D.PDF,"Table 21, state Odisha, column 2016-17",official_measured,True,6e48293426935a2ef796c0163edbedeeb6dd165b21db8f018ac912502b3cc287,"Full RBI December2025 published vintage; values may revise earlier releases. Statistical estimates for completed reporting periods, not audited financial actuals; individual AE/RE/provisional status is not specified in this table. Missing cells omitted, never zero-filled. J&K throughFY2018-19 includes Ladakh; retained as a separate historical geography and not joined to present UT totals.",Odisha,2017,gsdp_current_prices_inr_crore,392803.67,official_measured,official,,,,,,,,GSDP_current_prices_2011_12_base|All sectors,,,,,,,2025-12-11,,2016-17,reported,official_statistical_published,RBI Handbook of Statistics on Indian States 2024-25; Table 21; 11 December 2025,current_prices,2011-12
state_puducherry,Puducherry,state_aggregate,RBI / NSO,Puducherry,All sectors,gsdp_current_prices_inr_crore,16818.010000000002,INR crore,1681801.0,INR lakh,2011-04-01,2012-03-31,fiscal_year,actual,GSDP_current_prices_2011_12_base,2012-03-31,2025-12-11,rbi_gsdp_current_prices_2024_25,https://rbidocs.rbi.org.in/rdocs/Publications/PDFs/21T_11122025D994949B48C44B68B4465FBB9ADDFF3D.PDF,"Table 21, state Puducherry, column 2011-12",official_measured,True,6e48293426935a2ef796c0163edbedeeb6dd165b21db8f018ac912502b3cc287,"Full RBI December2025 published vintage; values may revise earlier releases. Statistical estimates for completed reporting periods, not audited financial actuals; individual AE/RE/provisional status is not specified in this table. Missing cells omitted, never zero-filled. J&K throughFY2018-19 includes Ladakh; retained as a separate historical geography and not joined to present UT totals.",Puducherry,2012,gsdp_current_prices_inr_crore,16818.010000000002,official_measured,official,,,,,,,,GSDP_current_prices_2011_12_base|All sectors,,,,,,,2025-12-11,,2011-12,reported,official_statistical_published,RBI Handbook of Statistics on Indian States 2024-25; Table 21; 11 December 2025,current_prices,2011-12
state_puducherry,Puducherry,state_aggregate,RBI / NSO,Puducherry,All sectors,gsdp_current_prices_inr_crore,18875.45,INR crore,1887545.0,INR lakh,2012-04-01,2013-03-31,fiscal_year,actual,GSDP_current_prices_2011_12_base,2013-03-31,2025-12-11,rbi_gsdp_current_prices_2024_25,https://rbidocs.rbi.org.in/rdocs/Publications/PDFs/21T_11122025D994949B48C44B68B4465FBB9ADDFF3D.PDF,"Table 21, state Puducherry, column 2012-13",official_measured,True,6e48293426935a2ef796c0163edbedeeb6dd165b21db8f018ac912502b3cc287,"Full RBI December2025 published vintage; values may revise earlier releases. Statistical estimates for completed reporting periods, not audited financial actuals; individual AE/RE/provisional status is not specified in this table. Missing cells omitted, never zero-filled. J&K throughFY2018-19 includes Ladakh; retained as a separate historical geography and not joined to present UT totals.",Puducherry,2013,gsdp_current_prices_inr_crore,18875.45,official_measured,official,,,,,,,,GSDP_current_prices_2011_12_base|All sectors,,,,,,,2025-12-11,,2012-13,reported,official_statistical_published,RBI Handbook of Statistics on Indian States 2024-25; Table 21; 11 December 2025,current_prices,2011-12
state_puducherry,Puducherry,state_aggregate,RBI / NSO,Puducherry,All sectors,gsdp_current_prices_inr_crore,21870.12,INR crore,2187012.0,INR lakh,2013-04-01,2014-03-31,fiscal_year,actual,GSDP_current_prices_2011_12_base,2014-03-31,2025-12-11,rbi_gsdp_current_prices_2024_25,https://rbidocs.rbi.org.in/rdocs/Publications/PDFs/21T_11122025D994949B48C44B68B4465FBB9ADDFF3D.PDF,"Table 21, state Puducherry, column 2013-14",official_measured,True,6e48293426935a2ef796c0163edbedeeb6dd165b21db8f018ac912502b3cc287,"Full RBI December2025 published vintage; values may revise earlier releases. Statistical estimates for completed reporting periods, not audited financial actuals; individual AE/RE/provisional status is not specified in this table. Missing cells omitted, never zero-filled. J&K throughFY2018-19 includes Ladakh; retained as a separate historical geography and not joined to present UT totals.",Puducherry,2014,gsdp_current_prices_inr_crore,21870.12,official_measured,official,,,,,,,,GSDP_current_prices_2011_12_base|All sectors,,,,,,,2025-12-11,,2013-14,reported,official_statistical_published,RBI Handbook of Statistics on Indian States 2024-25; Table 21; 11 December 2025,current_prices,2011-12
state_puducherry,Puducherry,state_aggregate,RBI / NSO,Puducherry,All sectors,gsdp_current_prices_inr_crore,22573.96,INR crore,2257396.0,INR lakh,2014-04-01,2015-03-31,fiscal_year,actual,GSDP_current_prices_2011_12_base,2015-03-31,2025-12-11,rbi_gsdp_current_prices_2024_25,https://rbidocs.rbi.org.in/rdocs/Publications/PDFs/21T_11122025D994949B48C44B68B4465FBB9ADDFF3D.PDF,"Table 21, state Puducherry, column 2014-15",official_measured,True,6e48293426935a2ef796c0163edbedeeb6dd165b21db8f018ac912502b3cc287,"Full RBI December2025 published vintage; values may revise earlier releases. Statistical estimates for completed reporting periods, not audited financial actuals; individual AE/RE/provisional status is not specified in this table. Missing cells omitted, never zero-filled. J&K throughFY2018-19 includes Ladakh; retained as a separate historical geography and not joined to present UT totals.",Puducherry,2015,gsdp_current_prices_inr_crore,22573.96,official_measured,official,,,,,,,,GSDP_current_prices_2011_12_base|All sectors,,,,,,,2025-12-11,,2014-15,reported,official_statistical_published,RBI Handbook of Statistics on Indian States 2024-25; Table 21; 11 December 2025,current_prices,2011-12
state_puducherry,Puducherry,state_aggregate,RBI / NSO,Puducherry,All sectors,gsdp_current_prices_inr_crore,26616.54,INR crore,2661654.0,INR lakh,2015-04-01,2016-03-31,fiscal_year,actual,GSDP_current_prices_2011_12_base,2016-03-31,2025-12-11,rbi_gsdp_current_prices_2024_25,https://rbidocs.rbi.org.in/rdocs/Publications/PDFs/21T_11122025D994949B48C44B68B4465FBB9ADDFF3D.PDF,"Table 21, state Puducherry, column 2015-16",official_measured,True,6e48293426935a2ef796c0163edbedeeb6dd165b21db8f018ac912502b3cc287,"Full RBI December2025 published vintage; values may revise earlier releases. Statistical estimates for completed reporting periods, not audited financial actuals; individual AE/RE/provisional status is not specified in this table. Missing cells omitted, never zero-filled. J&K throughFY2018-19 includes Ladakh; retained as a separate historical geography and not joined to present UT totals.",Puducherry,2016,gsdp_current_prices_inr_crore,26616.54,official_measured,official,,,,,,,,GSDP_current_prices_2011_12_base|All sectors,,,,,,,2025-12-11,,2015-16,reported,official_statistical_published,RBI Handbook of Statistics on Indian States 2024-25; Table 21; 11 December 2025,current_prices,2011-12
state_puducherry,Puducherry,state_aggregate,RBI / NSO,Puducherry,All sectors,gsdp_current_prices_inr_crore,29572.66,INR crore,2957266.0,INR lakh,2016-04-01,2017-03-31,fiscal_year,actual,GSDP_current_prices_2011_12_base,2017-03-31,2025-12-11,rbi_gsdp_current_prices_2024_25,https://rbidocs.rbi.org.in/rdocs/Publications/PDFs/21T_11122025D994949B48C44B68B4465FBB9ADDFF3D.PDF,"Table 21, state Puducherry, column 2016-17",official_measured,True,6e48293426935a2ef796c0163edbedeeb6dd165b21db8f018ac912502b3cc287,"Full RBI December2025 published vintage; values may revise earlier releases. Statistical estimates for completed reporting periods, not audited financial actuals; individual AE/RE/provisional status is not specified in this table. Missing cells omitted, never zero-filled. J&K throughFY2018-19 includes Ladakh; retained as a separate historical geography and not joined to present UT totals.",Puducherry,2017,gsdp_current_prices_inr_crore,29572.66,official_measured,official,,,,,,,,GSDP_current_prices_2011_12_base|All sectors,,,,,,,2025-12-11,,2016-17,reported,official_statistical_published,RBI Handbook of Statistics on Indian States 2024-25; Table 21; 11 December 2025,current_prices,2011-12
state_punjab,Punjab,state_aggregate,RBI / NSO,Punjab,All sectors,gsdp_current_prices_inr_crore,266628.27,INR crore,26662827.0,INR lakh,2011-04-01,2012-03-31,fiscal_year,actual,GSDP_current_prices_2011_12_base,2012-03-31,2025-12-11,rbi_gsdp_current_prices_2024_25,https://rbidocs.rbi.org.in/rdocs/Publications/PDFs/21T_11122025D994949B48C44B68B4465FBB9ADDFF3D.PDF,"Table 21, state Punjab, column 2011-12",official_measured,True,6e48293426935a2ef796c0163edbedeeb6dd165b21db8f018ac912502b3cc287,"Full RBI December2025 published vintage; values may revise earlier releases. Statistical estimates for completed reporting periods, not audited financial actuals; individual AE/RE/provisional status is not specified in this table. Missing cells omitted, never zero-filled. J&K throughFY2018-19 includes Ladakh; retained as a separate historical geography and not joined to present UT totals.",Punjab,2012,gsdp_current_prices_inr_crore,266628.27,official_measured,official,,,,,,,,GSDP_current_prices_2011_12_base|All sectors,,,,,,,2025-12-11,,2011-12,reported,official_statistical_published,RBI Handbook of Statistics on Indian States 2024-25; Table 21; 11 December 2025,current_prices,2011-12
state_punjab,Punjab,state_aggregate,RBI / NSO,Punjab,All sectors,gsdp_current_prices_inr_crore,297733.82,INR crore,29773382.0,INR lakh,2012-04-01,2013-03-31,fiscal_year,actual,GSDP_current_prices_2011_12_base,2013-03-31,2025-12-11,rbi_gsdp_current_prices_2024_25,https://rbidocs.rbi.org.in/rdocs/Publications/PDFs/21T_11122025D994949B48C44B68B4465FBB9ADDFF3D.PDF,"Table 21, state Punjab, column 2012-13",official_measured,True,6e48293426935a2ef796c0163edbedeeb6dd165b21db8f018ac912502b3cc287,"Full RBI December2025 published vintage; values may revise earlier releases. Statistical estimates for completed reporting periods, not audited financial actuals; individual AE/RE/provisional status is not specified in this table. Missing cells omitted, never zero-filled. J&K throughFY2018-19 includes Ladakh; retained as a separate historical geography and not joined to present UT totals.",Punjab,2013,gsdp_current_prices_inr_crore,297733.82,official_measured,official,,,,,,,,GSDP_current_prices_2011_12_base|All sectors,,,,,,,2025-12-11,,2012-13,reported,official_statistical_published,RBI Handbook of Statistics on Indian States 2024-25; Table 21; 11 December 2025,current_prices,2011-12
state_punjab,Punjab,state_aggregate,RBI / NSO,Punjab,All sectors,gsdp_current_prices_inr_crore,332146.94,INR crore,33214694.0,INR lakh,2013-04-01,2014-03-31,fiscal_year,actual,GSDP_current_prices_2011_12_base,2014-03-31,2025-12-11,rbi_gsdp_current_prices_2024_25,https://rbidocs.rbi.org.in/rdocs/Publications/PDFs/21T_11122025D994949B48C44B68B4465FBB9ADDFF3D.PDF,"Table 21, state Punjab, column 2013-14",official_measured,True,6e48293426935a2ef796c0163edbedeeb6dd165b21db8f018ac912502b3cc287,"Full RBI December2025 published vintage; values may revise earlier releases. Statistical estimates for completed reporting periods, not audited financial actuals; individual AE/RE/provisional status is not specified in this table. Missing cells omitted, never zero-filled. J&K throughFY2018-19 includes Ladakh; retained as a separate historical geography and not joined to present UT totals.",Punjab,2014,gsdp_current_prices_inr_crore,332146.94,official_measured,official,,,,,,,,GSDP_current_prices_2011_12_base|All sectors,,,,,,,2025-12-11,,2013-14,reported,official_statistical_published,RBI Handbook of Statistics on Indian States 2024-25; Table 21; 11 December 2025,current_prices,2011-12
state_punjab,Punjab,state_aggregate,RBI / NSO,Punjab,All sectors,gsdp_current_prices_inr_crore,355101.82,INR crore,35510182.0,INR lakh,2014-04-01,2015-03-31,fiscal_year,actual,GSDP_current_prices_2011_12_base,2015-03-31,2025-12-11,rbi_gsdp_current_prices_2024_25,https://rbidocs.rbi.org.in/rdocs/Publications/PDFs/21T_11122025D994949B48C44B68B4465FBB9ADDFF3D.PDF,"Table 21, state Punjab, column 2014-15",official_measured,True,6e48293426935a2ef796c0163edbedeeb6dd165b21db8f018ac912502b3cc287,"Full RBI December2025 published vintage; values may revise earlier releases. Statistical estimates for completed reporting periods, not audited financial actuals; individual AE/RE/provisional status is not specified in this table. Missing cells omitted, never zero-filled. J&K throughFY2018-19 includes Ladakh; retained as a separate historical geography and not joined to present UT totals.",Punjab,2015,gsdp_current_prices_inr_crore,355101.82,official_measured,official,,,,,,,,GSDP_current_prices_2011_12_base|All sectors,,,,,,,2025-12-11,,2014-15,reported,official_statistical_published,RBI Handbook of Statistics on Indian States 2024-25; Table 21; 11 December 2025,current_prices,2011-12
state_punjab,Punjab,state_aggregate,RBI / NSO,Punjab,All sectors,gsdp_current_prices_inr_crore,390087.44,INR crore,39008744.0,INR lakh,2015-04-01,2016-03-31,fiscal_year,actual,GSDP_current_prices_2011_12_base,2016-03-31,2025-12-11,rbi_gsdp_current_prices_2024_25,https://rbidocs.rbi.org.in/rdocs/Publications/PDFs/21T_11122025D994949B48C44B68B4465FBB9ADDFF3D.PDF,"Table 21, state Punjab, column 2015-16",official_measured,True,6e48293426935a2ef796c0163edbedeeb6dd165b21db8f018ac912502b3cc287,"Full RBI December2025 published vintage; values may revise earlier releases. Statistical estimates for completed reporting periods, not audited financial actuals; individual AE/RE/provisional status is not specified in this table. Missing cells omitted, never zero-filled. J&K throughFY2018-19 includes Ladakh; retained as a separate historical geography and not joined to present UT totals.",Punjab,2016,gsdp_current_prices_inr_crore,390087.44,official_measured,official,,,,,,,,GSDP_current_prices_2011_12_base|All sectors,,,,,,,2025-12-11,,2015-16,reported,official_statistical_published,RBI Handbook of Statistics on Indian States 2024-25; Table 21; 11 December 2025,current_prices,2011-12
state_punjab,Punjab,state_aggregate,RBI / NSO,Punjab,All sectors,gsdp_current_prices_inr_crore,426988.10000000003,INR crore,42698810.0,INR lakh,2016-04-01,2017-03-31,fiscal_year,actual,GSDP_current_prices_2011_12_base,2017-03-31,2025-12-11,rbi_gsdp_current_prices_2024_25,https://rbidocs.rbi.org.in/rdocs/Publications/PDFs/21T_11122025D994949B48C44B68B4465FBB9ADDFF3D.PDF,"Table 21, state Punjab, column 2016-17",official_measured,True,6e48293426935a2ef796c0163edbedeeb6dd165b21db8f018ac912502b3cc287,"Full RBI December2025 published vintage; values may revise earlier releases. Statistical estimates for completed reporting periods, not audited financial actuals; individual AE/RE/provisional status is not specified in this table. Missing cells omitted, never zero-filled. J&K throughFY2018-19 includes Ladakh; retained as a separate historical geography and not joined to present UT totals.",Punjab,2017,gsdp_current_prices_inr_crore,426988.10000000003,official_measured,official,,,,,,,,GSDP_current_prices_2011_12_base|All sectors,,,,,,,2025-12-11,,2016-17,reported,official_statistical_published,RBI Handbook of Statistics on Indian States 2024-25; Table 21; 11 December 2025,current_prices,2011-12
state_rajasthan,Rajasthan,state_aggregate,RBI / NSO,Rajasthan,All sectors,gsdp_current_prices_inr_crore,434836.64,INR crore,43483664.0,INR lakh,2011-04-01,2012-03-31,fiscal_year,actual,GSDP_current_prices_2011_12_base,2012-03-31,2025-12-11,rbi_gsdp_current_prices_2024_25,https://rbidocs.rbi.org.in/rdocs/Publications/PDFs/21T_11122025D994949B48C44B68B4465FBB9ADDFF3D.PDF,"Table 21, state Rajasthan, column 2011-12",official_measured,True,6e48293426935a2ef796c0163edbedeeb6dd165b21db8f018ac912502b3cc287,"Full RBI December2025 published vintage; values may revise earlier releases. Statistical estimates for completed reporting periods, not audited financial actuals; individual AE/RE/provisional status is not specified in this table. Missing cells omitted, never zero-filled. J&K throughFY2018-19 includes Ladakh; retained as a separate historical geography and not joined to present UT totals.",Rajasthan,2012,gsdp_current_prices_inr_crore,434836.64,official_measured,official,,,,,,,,GSDP_current_prices_2011_12_base|All sectors,,,,,,,2025-12-11,,2011-12,reported,official_statistical_published,RBI Handbook of Statistics on Indian States 2024-25; Table 21; 11 December 2025,current_prices,2011-12
state_rajasthan,Rajasthan,state_aggregate,RBI / NSO,Rajasthan,All sectors,gsdp_current_prices_inr_crore,493551.24,INR crore,49355124.0,INR lakh,2012-04-01,2013-03-31,fiscal_year,actual,GSDP_current_prices_2011_12_base,2013-03-31,2025-12-11,rbi_gsdp_current_prices_2024_25,https://rbidocs.rbi.org.in/rdocs/Publications/PDFs/21T_11122025D994949B48C44B68B4465FBB9ADDFF3D.PDF,"Table 21, state Rajasthan, column 2012-13",official_measured,True,6e48293426935a2ef796c0163edbedeeb6dd165b21db8f018ac912502b3cc287,"Full RBI December2025 published vintage; values may revise earlier releases. Statistical estimates for completed reporting periods, not audited financial actuals; individual AE/RE/provisional status is not specified in this table. Missing cells omitted, never zero-filled. J&K throughFY2018-19 includes Ladakh; retained as a separate historical geography and not joined to present UT totals.",Rajasthan,2013,gsdp_current_prices_inr_crore,493551.24,official_measured,official,,,,,,,,GSDP_current_prices_2011_12_base|All sectors,,,,,,,2025-12-11,,2012-13,reported,official_statistical_published,RBI Handbook of Statistics on Indian States 2024-25; Table 21; 11 December 2025,current_prices,2011-12
state_rajasthan,Rajasthan,state_aggregate,RBI / NSO,Rajasthan,All sectors,gsdp_current_prices_inr_crore,551031.02,INR crore,55103102.0,INR lakh,2013-04-01,2014-03-31,fiscal_year,actual,GSDP_current_prices_2011_12_base,2014-03-31,2025-12-11,rbi_gsdp_current_prices_2024_25,https://rbidocs.rbi.org.in/rdocs/Publications/PDFs/21T_11122025D994949B48C44B68B4465FBB9ADDFF3D.PDF,"Table 21, state Rajasthan, column 2013-14",official_measured,True,6e48293426935a2ef796c0163edbedeeb6dd165b21db8f018ac912502b3cc287,"Full RBI December2025 published vintage; values may revise earlier releases. Statistical estimates for completed reporting periods, not audited financial actuals; individual AE/RE/provisional status is not specified in this table. Missing cells omitted, never zero-filled. J&K throughFY2018-19 includes Ladakh; retained as a separate historical geography and not joined to present UT totals.",Rajasthan,2014,gsdp_current_prices_inr_crore,551031.02,official_measured,official,,,,,,,,GSDP_current_prices_2011_12_base|All sectors,,,,,,,2025-12-11,,2013-14,reported,official_statistical_published,RBI Handbook of Statistics on Indian States 2024-25; Table 21; 11 December 2025,current_prices,2011-12
state_rajasthan,Rajasthan,state_aggregate,RBI / NSO,Rajasthan,All sectors,gsdp_current_prices_inr_crore,615641.56,INR crore,61564156.0,INR lakh,2014-04-01,2015-03-31,fiscal_year,actual,GSDP_current_prices_2011_12_base,2015-03-31,2025-12-11,rbi_gsdp_current_prices_2024_25,https://rbidocs.rbi.org.in/rdocs/Publications/PDFs/21T_11122025D994949B48C44B68B4465FBB9ADDFF3D.PDF,"Table 21, state Rajasthan, column 2014-15",official_measured,True,6e48293426935a2ef796c0163edbedeeb6dd165b21db8f018ac912502b3cc287,"Full RBI December2025 published vintage; values may revise earlier releases. Statistical estimates for completed reporting periods, not audited financial actuals; individual AE/RE/provisional status is not specified in this table. Missing cells omitted, never zero-filled. J&K throughFY2018-19 includes Ladakh; retained as a separate historical geography and not joined to present UT totals.",Rajasthan,2015,gsdp_current_prices_inr_crore,615641.56,official_measured,official,,,,,,,,GSDP_current_prices_2011_12_base|All sectors,,,,,,,2025-12-11,,2014-15,reported,official_statistical_published,RBI Handbook of Statistics on Indian States 2024-25; Table 21; 11 December 2025,current_prices,2011-12
state_rajasthan,Rajasthan,state_aggregate,RBI / NSO,Rajasthan,All sectors,gsdp_current_prices_inr_crore,681482.26,INR crore,68148226.0,INR lakh,2015-04-01,2016-03-31,fiscal_year,actual,GSDP_current_prices_2011_12_base,2016-03-31,2025-12-11,rbi_gsdp_current_prices_2024_25,https://rbidocs.rbi.org.in/rdocs/Publications/PDFs/21T_11122025D994949B48C44B68B4465FBB9ADDFF3D.PDF,"Table 21, state Rajasthan, column 2015-16",official_measured,True,6e48293426935a2ef796c0163edbedeeb6dd165b21db8f018ac912502b3cc287,"Full RBI December2025 published vintage; values may revise earlier releases. Statistical estimates for completed reporting periods, not audited financial actuals; individual AE/RE/provisional status is not specified in this table. Missing cells omitted, never zero-filled. J&K throughFY2018-19 includes Ladakh; retained as a separate historical geography and not joined to present UT totals.",Rajasthan,2016,gsdp_current_prices_inr_crore,681482.26,official_measured,official,,,,,,,,GSDP_current_prices_2011_12_base|All sectors,,,,,,,2025-12-11,,2015-16,reported,official_statistical_published,RBI Handbook of Statistics on Indian States 2024-25; Table 21; 11 December 2025,current_prices,2011-12
state_rajasthan,Rajasthan,state_aggregate,RBI / NSO,Rajasthan,All sectors,gsdp_current_prices_inr_crore,760587.27,INR crore,76058727.0,INR lakh,2016-04-01,2017-03-31,fiscal_year,actual,GSDP_current_prices_2011_12_base,2017-03-31,2025-12-11,rbi_gsdp_current_prices_2024_25,https://rbidocs.rbi.org.in/rdocs/Publications/PDFs/21T_11122025D994949B48C44B68B4465FBB9ADDFF3D.PDF,"Table 21, state Rajasthan, column 2016-17",official_measured,True,6e48293426935a2ef796c0163edbedeeb6dd165b21db8f018ac912502b3cc287,"Full RBI December2025 published vintage; values may revise earlier releases. Statistical estimates for completed reporting periods, not audited financial actuals; individual AE/RE/provisional status is not specified in this table. Missing cells omitted, never zero-filled. J&K throughFY2018-19 includes Ladakh; retained as a separate historical geography and not joined to present UT totals.",Rajasthan,2017,gsdp_current_prices_inr_crore,760587.27,official_measured,official,,,,,,,,GSDP_current_prices_2011_12_base|All sectors,,,,,,,2025-12-11,,2016-17,reported,official_statistical_published,RBI Handbook of Statistics on Indian States 2024-25; Table 21; 11 December 2025,current_prices,2011-12
state_sikkim,Sikkim,state_aggregate,RBI / NSO,Sikkim,All sectors,gsdp_current_prices_inr_crore,11165.1,INR crore,1116510.0,INR lakh,2011-04-01,2012-03-31,fiscal_year,actual,GSDP_current_prices_2011_12_base,2012-03-31,2025-12-11,rbi_gsdp_current_prices_2024_25,https://rbidocs.rbi.org.in/rdocs/Publications/PDFs/21T_11122025D994949B48C44B68B4465FBB9ADDFF3D.PDF,"Table 21, state Sikkim, column 2011-12",official_measured,True,6e48293426935a2ef796c0163edbedeeb6dd165b21db8f018ac912502b3cc287,"Full RBI December2025 published vintage; values may revise earlier releases. Statistical estimates for completed reporting periods, not audited financial actuals; individual AE/RE/provisional status is not specified in this table. Missing cells omitted, never zero-filled. J&K throughFY2018-19 includes Ladakh; retained as a separate historical geography and not joined to present UT totals.",Sikkim,2012,gsdp_current_prices_inr_crore,11165.1,official_measured,official,,,,,,,,GSDP_current_prices_2011_12_base|All sectors,,,,,,,2025-12-11,,2011-12,reported,official_statistical_published,RBI Handbook of Statistics on Indian States 2024-25; Table 21; 11 December 2025,current_prices,2011-12
state_sikkim,Sikkim,state_aggregate,RBI / NSO,Sikkim,All sectors,gsdp_current_prices_inr_crore,12338.42,INR crore,1233842.0,INR lakh,2012-04-01,2013-03-31,fiscal_year,actual,GSDP_current_prices_2011_12_base,2013-03-31,2025-12-11,rbi_gsdp_current_prices_2024_25,https://rbidocs.rbi.org.in/rdocs/Publications/PDFs/21T_11122025D994949B48C44B68B4465FBB9ADDFF3D.PDF,"Table 21, state Sikkim, column 2012-13",official_measured,True,6e48293426935a2ef796c0163edbedeeb6dd165b21db8f018ac912502b3cc287,"Full RBI December2025 published vintage; values may revise earlier releases. Statistical estimates for completed reporting periods, not audited financial actuals; individual AE/RE/provisional status is not specified in this table. Missing cells omitted, never zero-filled. J&K throughFY2018-19 includes Ladakh; retained as a separate historical geography and not joined to present UT totals.",Sikkim,2013,gsdp_current_prices_inr_crore,12338.42,official_measured,official,,,,,,,,GSDP_current_prices_2011_12_base|All sectors,,,,,,,2025-12-11,,2012-13,reported,official_statistical_published,RBI Handbook of Statistics on Indian States 2024-25; Table 21; 11 December 2025,current_prices,2011-12
state_sikkim,Sikkim,state_aggregate,RBI / NSO,Sikkim,All sectors,gsdp_current_prices_inr_crore,13861.9,INR crore,1386190.0,INR lakh,2013-04-01,2014-03-31,fiscal_year,actual,GSDP_current_prices_2011_12_base,2014-03-31,2025-12-11,rbi_gsdp_current_prices_2024_25,https://rbidocs.rbi.org.in/rdocs/Publications/PDFs/21T_11122025D994949B48C44B68B4465FBB9ADDFF3D.PDF,"Table 21, state Sikkim, column 2013-14",official_measured,True,6e48293426935a2ef796c0163edbedeeb6dd165b21db8f018ac912502b3cc287,"Full RBI December2025 published vintage; values may revise earlier releases. Statistical estimates for completed reporting periods, not audited financial actuals; individual AE/RE/provisional status is not specified in this table. Missing cells omitted, never zero-filled. J&K throughFY2018-19 includes Ladakh; retained as a separate historical geography and not joined to present UT totals.",Sikkim,2014,gsdp_current_prices_inr_crore,13861.9,official_measured,official,,,,,,,,GSDP_current_prices_2011_12_base|All sectors,,,,,,,2025-12-11,,2013-14,reported,official_statistical_published,RBI Handbook of Statistics on Indian States 2024-25; Table 21; 11 December 2025,current_prices,2011-12
state_sikkim,Sikkim,state_aggregate,RBI / NSO,Sikkim,All sectors,gsdp_current_prices_inr_crore,15406.720000000001,INR crore,1540672.0,INR lakh,2014-04-01,2015-03-31,fiscal_year,actual,GSDP_current_prices_2011_12_base,2015-03-31,2025-12-11,rbi_gsdp_current_prices_2024_25,https://rbidocs.rbi.org.in/rdocs/Publications/PDFs/21T_11122025D994949B48C44B68B4465FBB9ADDFF3D.PDF,"Table 21, state Sikkim, column 2014-15",official_measured,True,6e48293426935a2ef796c0163edbedeeb6dd165b21db8f018ac912502b3cc287,"Full RBI December2025 published vintage; values may revise earlier releases. Statistical estimates for completed reporting periods, not audited financial actuals; individual AE/RE/provisional status is not specified in this table. Missing cells omitted, never zero-filled. J&K throughFY2018-19 includes Ladakh; retained as a separate historical geography and not joined to present UT totals.",Sikkim,2015,gsdp_current_prices_inr_crore,15406.720000000001,official_measured,official,,,,,,,,GSDP_current_prices_2011_12_base|All sectors,,,,,,,2025-12-11,,2014-15,reported,official_statistical_published,RBI Handbook of Statistics on Indian States 2024-25; Table 21; 11 December 2025,current_prices,2011-12
state_sikkim,Sikkim,state_aggregate,RBI / NSO,Sikkim,All sectors,gsdp_current_prices_inr_crore,18033.94,INR crore,1803394.0,INR lakh,2015-04-01,2016-03-31,fiscal_year,actual,GSDP_current_prices_2011_12_base,2016-03-31,2025-12-11,rbi_gsdp_current_prices_2024_25,https://rbidocs.rbi.org.in/rdocs/Publications/PDFs/21T_11122025D994949B48C44B68B4465FBB9ADDFF3D.PDF,"Table 21, state Sikkim, column 2015-16",official_measured,True,6e48293426935a2ef796c0163edbedeeb6dd165b21db8f018ac912502b3cc287,"Full RBI December2025 published vintage; values may revise earlier releases. Statistical estimates for completed reporting periods, not audited financial actuals; individual AE/RE/provisional status is not specified in this table. Missing cells omitted, never zero-filled. J&K throughFY2018-19 includes Ladakh; retained as a separate historical geography and not joined to present UT totals.",Sikkim,2016,gsdp_current_prices_inr_crore,18033.94,official_measured,official,,,,,,,,GSDP_current_prices_2011_12_base|All sectors,,,,,,,2025-12-11,,2015-16,reported,official_statistical_published,RBI Handbook of Statistics on Indian States 2024-25; Table 21; 11 December 2025,current_prices,2011-12
state_sikkim,Sikkim,state_aggregate,RBI / NSO,Sikkim,All sectors,gsdp_current_prices_inr_crore,20687.19,INR crore,2068719.0,INR lakh,2016-04-01,2017-03-31,fiscal_year,actual,GSDP_current_prices_2011_12_base,2017-03-31,2025-12-11,rbi_gsdp_current_prices_2024_25,https://rbidocs.rbi.org.in/rdocs/Publications/PDFs/21T_11122025D994949B48C44B68B4465FBB9ADDFF3D.PDF,"Table 21, state Sikkim, column 2016-17",official_measured,True,6e48293426935a2ef796c0163edbedeeb6dd165b21db8f018ac912502b3cc287,"Full RBI December2025 published vintage; values may revise earlier releases. Statistical estimates for completed reporting periods, not audited financial actuals; individual AE/RE/provisional status is not specified in this table. Missing cells omitted, never zero-filled. J&K throughFY2018-19 includes Ladakh; retained as a separate historical geography and not joined to present UT totals.",Sikkim,2017,gsdp_current_prices_inr_crore,20687.19,official_measured,official,,,,,,,,GSDP_current_prices_2011_12_base|All sectors,,,,,,,2025-12-11,,2016-17,reported,official_statistical_published,RBI Handbook of Statistics on Indian States 2024-25; Table 21; 11 December 2025,current_prices,2011-12
state_tamil_nadu,Tamil Nadu,state_aggregate,RBI / NSO,Tamil Nadu,All sectors,gsdp_current_prices_inr_crore,751485.76,INR crore,75148576.0,INR lakh,2011-04-01,2012-03-31,fiscal_year,actual,GSDP_current_prices_2011_12_base,2012-03-31,2025-12-11,rbi_gsdp_current_prices_2024_25,https://rbidocs.rbi.org.in/rdocs/Publications/PDFs/21T_11122025D994949B48C44B68B4465FBB9ADDFF3D.PDF,"Table 21, state Tamil Nadu, column 2011-12",official_measured,True,6e48293426935a2ef796c0163edbedeeb6dd165b21db8f018ac912502b3cc287,"Full RBI December2025 published vintage; values may revise earlier releases. Statistical estimates for completed reporting periods, not audited financial actuals; individual AE/RE/provisional status is not specified in this table. Missing cells omitted, never zero-filled. J&K throughFY2018-19 includes Ladakh; retained as a separate historical geography and not joined to present UT totals.",Tamil Nadu,2012,gsdp_current_prices_inr_crore,751485.76,official_measured,official,,,,,,,,GSDP_current_prices_2011_12_base|All sectors,,,,,,,2025-12-11,,2011-12,reported,official_statistical_published,RBI Handbook of Statistics on Indian States 2024-25; Table 21; 11 December 2025,current_prices,2011-12
state_tamil_nadu,Tamil Nadu,state_aggregate,RBI / NSO,Tamil Nadu,All sectors,gsdp_current_prices_inr_crore,854825.35,INR crore,85482535.0,INR lakh,2012-04-01,2013-03-31,fiscal_year,actual,GSDP_current_prices_2011_12_base,2013-03-31,2025-12-11,rbi_gsdp_current_prices_2024_25,https://rbidocs.rbi.org.in/rdocs/Publications/PDFs/21T_11122025D994949B48C44B68B4465FBB9ADDFF3D.PDF,"Table 21, state Tamil Nadu, column 2012-13",official_measured,True,6e48293426935a2ef796c0163edbedeeb6dd165b21db8f018ac912502b3cc287,"Full RBI December2025 published vintage; values may revise earlier releases. Statistical estimates for completed reporting periods, not audited financial actuals; individual AE/RE/provisional status is not specified in this table. Missing cells omitted, never zero-filled. J&K throughFY2018-19 includes Ladakh; retained as a separate historical geography and not joined to present UT totals.",Tamil Nadu,2013,gsdp_current_prices_inr_crore,854825.35,official_measured,official,,,,,,,,GSDP_current_prices_2011_12_base|All sectors,,,,,,,2025-12-11,,2012-13,reported,official_statistical_published,RBI Handbook of Statistics on Indian States 2024-25; Table 21; 11 December 2025,current_prices,2011-12
state_tamil_nadu,Tamil Nadu,state_aggregate,RBI / NSO,Tamil Nadu,All sectors,gsdp_current_prices_inr_crore,968530.4500000001,INR crore,96853045.0,INR lakh,2013-04-01,2014-03-31,fiscal_year,actual,GSDP_current_prices_2011_12_base,2014-03-31,2025-12-11,rbi_gsdp_current_prices_2024_25,https://rbidocs.rbi.org.in/rdocs/Publications/PDFs/21T_11122025D994949B48C44B68B4465FBB9ADDFF3D.PDF,"Table 21, state Tamil Nadu, column 2013-14",official_measured,True,6e48293426935a2ef796c0163edbedeeb6dd165b21db8f018ac912502b3cc287,"Full RBI December2025 published vintage; values may revise earlier releases. Statistical estimates for completed reporting periods, not audited financial actuals; individual AE/RE/provisional status is not specified in this table. Missing cells omitted, never zero-filled. J&K throughFY2018-19 includes Ladakh; retained as a separate historical geography and not joined to present UT totals.",Tamil Nadu,2014,gsdp_current_prices_inr_crore,968530.4500000001,official_measured,official,,,,,,,,GSDP_current_prices_2011_12_base|All sectors,,,,,,,2025-12-11,,2013-14,reported,official_statistical_published,RBI Handbook of Statistics on Indian States 2024-25; Table 21; 11 December 2025,current_prices,2011-12
state_tamil_nadu,Tamil Nadu,state_aggregate,RBI / NSO,Tamil Nadu,All sectors,gsdp_current_prices_inr_crore,1072677.97,INR crore,107267797.0,INR lakh,2014-04-01,2015-03-31,fiscal_year,actual,GSDP_current_prices_2011_12_base,2015-03-31,2025-12-11,rbi_gsdp_current_prices_2024_25,https://rbidocs.rbi.org.in/rdocs/Publications/PDFs/21T_11122025D994949B48C44B68B4465FBB9ADDFF3D.PDF,"Table 21, state Tamil Nadu, column 2014-15",official_measured,True,6e48293426935a2ef796c0163edbedeeb6dd165b21db8f018ac912502b3cc287,"Full RBI December2025 published vintage; values may revise earlier releases. Statistical estimates for completed reporting periods, not audited financial actuals; individual AE/RE/provisional status is not specified in this table. Missing cells omitted, never zero-filled. J&K throughFY2018-19 includes Ladakh; retained as a separate historical geography and not joined to present UT totals.",Tamil Nadu,2015,gsdp_current_prices_inr_crore,1072677.97,official_measured,official,,,,,,,,GSDP_current_prices_2011_12_base|All sectors,,,,,,,2025-12-11,,2014-15,reported,official_statistical_published,RBI Handbook of Statistics on Indian States 2024-25; Table 21; 11 December 2025,current_prices,2011-12
state_tamil_nadu,Tamil Nadu,state_aggregate,RBI / NSO,Tamil Nadu,All sectors,gsdp_current_prices_inr_crore,1176500.03,INR crore,117650003.0,INR lakh,2015-04-01,2016-03-31,fiscal_year,actual,GSDP_current_prices_2011_12_base,2016-03-31,2025-12-11,rbi_gsdp_current_prices_2024_25,https://rbidocs.rbi.org.in/rdocs/Publications/PDFs/21T_11122025D994949B48C44B68B4465FBB9ADDFF3D.PDF,"Table 21, state Tamil Nadu, column 2015-16",official_measured,True,6e48293426935a2ef796c0163edbedeeb6dd165b21db8f018ac912502b3cc287,"Full RBI December2025 published vintage; values may revise earlier releases. Statistical estimates for completed reporting periods, not audited financial actuals; individual AE/RE/provisional status is not specified in this table. Missing cells omitted, never zero-filled. J&K throughFY2018-19 includes Ladakh; retained as a separate historical geography and not joined to present UT totals.",Tamil Nadu,2016,gsdp_current_prices_inr_crore,1176500.03,official_measured,official,,,,,,,,GSDP_current_prices_2011_12_base|All sectors,,,,,,,2025-12-11,,2015-16,reported,official_statistical_published,RBI Handbook of Statistics on Indian States 2024-25; Table 21; 11 December 2025,current_prices,2011-12
state_tamil_nadu,Tamil Nadu,state_aggregate,RBI / NSO,Tamil Nadu,All sectors,gsdp_current_prices_inr_crore,1302638.58,INR crore,130263858.0,INR lakh,2016-04-01,2017-03-31,fiscal_year,actual,GSDP_current_prices_2011_12_base,2017-03-31,2025-12-11,rbi_gsdp_current_prices_2024_25,https://rbidocs.rbi.org.in/rdocs/Publications/PDFs/21T_11122025D994949B48C44B68B4465FBB9ADDFF3D.PDF,"Table 21, state Tamil Nadu, column 2016-17",official_measured,True,6e48293426935a2ef796c0163edbedeeb6dd165b21db8f018ac912502b3cc287,"Full RBI December2025 published vintage; values may revise earlier releases. Statistical estimates for completed reporting periods, not audited financial actuals; individual AE/RE/provisional status is not specified in this table. Missing cells omitted, never zero-filled. J&K throughFY2018-19 includes Ladakh; retained as a separate historical geography and not joined to present UT totals.",Tamil Nadu,2017,gsdp_current_prices_inr_crore,1302638.58,official_measured,official,,,,,,,,GSDP_current_prices_2011_12_base|All sectors,,,,,,,2025-12-11,,2016-17,reported,official_statistical_published,RBI Handbook of Statistics on Indian States 2024-25; Table 21; 11 December 2025,current_prices,2011-12
state_telangana,Telangana,state_aggregate,RBI / NSO,Telangana,All sectors,gsdp_current_prices_inr_crore,359434.11,INR crore,35943411.0,INR lakh,2011-04-01,2012-03-31,fiscal_year,actual,GSDP_current_prices_2011_12_base,2012-03-31,2025-12-11,rbi_gsdp_current_prices_2024_25,https://rbidocs.rbi.org.in/rdocs/Publications/PDFs/21T_11122025D994949B48C44B68B4465FBB9ADDFF3D.PDF,"Table 21, state Telangana, column 2011-12",official_measured,True,6e48293426935a2ef796c0163edbedeeb6dd165b21db8f018ac912502b3cc287,"Full RBI December2025 published vintage; values may revise earlier releases. Statistical estimates for completed reporting periods, not audited financial actuals; individual AE/RE/provisional status is not specified in this table. Missing cells omitted, never zero-filled. J&K throughFY2018-19 includes Ladakh; retained as a separate historical geography and not joined to present UT totals.",Telangana,2012,gsdp_current_prices_inr_crore,359434.11,official_measured,official,,,,,,,,GSDP_current_prices_2011_12_base|All sectors,,,,,,,2025-12-11,,2011-12,reported,official_statistical_published,RBI Handbook of Statistics on Indian States 2024-25; Table 21; 11 December 2025,current_prices,2011-12
state_telangana,Telangana,state_aggregate,RBI / NSO,Telangana,All sectors,gsdp_current_prices_inr_crore,401593.61,INR crore,40159361.0,INR lakh,2012-04-01,2013-03-31,fiscal_year,actual,GSDP_current_prices_2011_12_base,2013-03-31,2025-12-11,rbi_gsdp_current_prices_2024_25,https://rbidocs.rbi.org.in/rdocs/Publications/PDFs/21T_11122025D994949B48C44B68B4465FBB9ADDFF3D.PDF,"Table 21, state Telangana, column 2012-13",official_measured,True,6e48293426935a2ef796c0163edbedeeb6dd165b21db8f018ac912502b3cc287,"Full RBI December2025 published vintage; values may revise earlier releases. Statistical estimates for completed reporting periods, not audited financial actuals; individual AE/RE/provisional status is not specified in this table. Missing cells omitted, never zero-filled. J&K throughFY2018-19 includes Ladakh; retained as a separate historical geography and not joined to present UT totals.",Telangana,2013,gsdp_current_prices_inr_crore,401593.61,official_measured,official,,,,,,,,GSDP_current_prices_2011_12_base|All sectors,,,,,,,2025-12-11,,2012-13,reported,official_statistical_published,RBI Handbook of Statistics on Indian States 2024-25; Table 21; 11 December 2025,current_prices,2011-12
state_telangana,Telangana,state_aggregate,RBI / NSO,Telangana,All sectors,gsdp_current_prices_inr_crore,451580.4,INR crore,45158040.0,INR lakh,2013-04-01,2014-03-31,fiscal_year,actual,GSDP_current_prices_2011_12_base,2014-03-31,2025-12-11,rbi_gsdp_current_prices_2024_25,https://rbidocs.rbi.org.in/rdocs/Publications/PDFs/21T_11122025D994949B48C44B68B4465FBB9ADDFF3D.PDF,"Table 21, state Telangana, column 2013-14",official_measured,True,6e48293426935a2ef796c0163edbedeeb6dd165b21db8f018ac912502b3cc287,"Full RBI December2025 published vintage; values may revise earlier releases. Statistical estimates for completed reporting periods, not audited financial actuals; individual AE/RE/provisional status is not specified in this table. Missing cells omitted, never zero-filled. J&K throughFY2018-19 includes Ladakh; retained as a separate historical geography and not joined to present UT totals.",Telangana,2014,gsdp_current_prices_inr_crore,451580.4,official_measured,official,,,,,,,,GSDP_current_prices_2011_12_base|All sectors,,,,,,,2025-12-11,,2013-14,reported,official_statistical_published,RBI Handbook of Statistics on Indian States 2024-25; Table 21; 11 December 2025,current_prices,2011-12
state_telangana,Telangana,state_aggregate,RBI / NSO,Telangana,All sectors,gsdp_current_prices_inr_crore,505848.79000000004,INR crore,50584879.0,INR lakh,2014-04-01,2015-03-31,fiscal_year,actual,GSDP_current_prices_2011_12_base,2015-03-31,2025-12-11,rbi_gsdp_current_prices_2024_25,https://rbidocs.rbi.org.in/rdocs/Publications/PDFs/21T_11122025D994949B48C44B68B4465FBB9ADDFF3D.PDF,"Table 21, state Telangana, column 2014-15",official_measured,True,6e48293426935a2ef796c0163edbedeeb6dd165b21db8f018ac912502b3cc287,"Full RBI December2025 published vintage; values may revise earlier releases. Statistical estimates for completed reporting periods, not audited financial actuals; individual AE/RE/provisional status is not specified in this table. Missing cells omitted, never zero-filled. J&K throughFY2018-19 includes Ladakh; retained as a separate historical geography and not joined to present UT totals.",Telangana,2015,gsdp_current_prices_inr_crore,505848.79000000004,official_measured,official,,,,,,,,GSDP_current_prices_2011_12_base|All sectors,,,,,,,2025-12-11,,2014-15,reported,official_statistical_published,RBI Handbook of Statistics on Indian States 2024-25; Table 21; 11 December 2025,current_prices,2011-12
state_telangana,Telangana,state_aggregate,RBI / NSO,Telangana,All sectors,gsdp_current_prices_inr_crore,577902.06,INR crore,57790206.0,INR lakh,2015-04-01,2016-03-31,fiscal_year,actual,GSDP_current_prices_2011_12_base,2016-03-31,2025-12-11,rbi_gsdp_current_prices_2024_25,https://rbidocs.rbi.org.in/rdocs/Publications/PDFs/21T_11122025D994949B48C44B68B4465FBB9ADDFF3D.PDF,"Table 21, state Telangana, column 2015-16",official_measured,True,6e48293426935a2ef796c0163edbedeeb6dd165b21db8f018ac912502b3cc287,"Full RBI December2025 published vintage; values may revise earlier releases. Statistical estimates for completed reporting periods, not audited financial actuals; individual AE/RE/provisional status is not specified in this table. Missing cells omitted, never zero-filled. J&K throughFY2018-19 includes Ladakh; retained as a separate historical geography and not joined to present UT totals.",Telangana,2016,gsdp_current_prices_inr_crore,577902.06,official_measured,official,,,,,,,,GSDP_current_prices_2011_12_base|All sectors,,,,,,,2025-12-11,,2015-16,reported,official_statistical_published,RBI Handbook of Statistics on Indian States 2024-25; Table 21; 11 December 2025,current_prices,2011-12
state_telangana,Telangana,state_aggregate,RBI / NSO,Telangana,All sectors,gsdp_current_prices_inr_crore,658325.34,INR crore,65832534.0,INR lakh,2016-04-01,2017-03-31,fiscal_year,actual,GSDP_current_prices_2011_12_base,2017-03-31,2025-12-11,rbi_gsdp_current_prices_2024_25,https://rbidocs.rbi.org.in/rdocs/Publications/PDFs/21T_11122025D994949B48C44B68B4465FBB9ADDFF3D.PDF,"Table 21, state Telangana, column 2016-17",official_measured,True,6e48293426935a2ef796c0163edbedeeb6dd165b21db8f018ac912502b3cc287,"Full RBI December2025 published vintage; values may revise earlier releases. Statistical estimates for completed reporting periods, not audited financial actuals; individual AE/RE/provisional status is not specified in this table. Missing cells omitted, never zero-filled. J&K throughFY2018-19 includes Ladakh; retained as a separate historical geography and not joined to present UT totals.",Telangana,2017,gsdp_current_prices_inr_crore,658325.34,official_measured,official,,,,,,,,GSDP_current_prices_2011_12_base|All sectors,,,,,,,2025-12-11,,2016-17,reported,official_statistical_published,RBI Handbook of Statistics on Indian States 2024-25; Table 21; 11 December 2025,current_prices,2011-12
state_tripura,Tripura,state_aggregate,RBI / NSO,Tripura,All sectors,gsdp_current_prices_inr_crore,19208.41,INR crore,1920841.0,INR lakh,2011-04-01,2012-03-31,fiscal_year,actual,GSDP_current_prices_2011_12_base,2012-03-31,2025-12-11,rbi_gsdp_current_prices_2024_25,https://rbidocs.rbi.org.in/rdocs/Publications/PDFs/21T_11122025D994949B48C44B68B4465FBB9ADDFF3D.PDF,"Table 21, state Tripura, column 2011-12",official_measured,True,6e48293426935a2ef796c0163edbedeeb6dd165b21db8f018ac912502b3cc287,"Full RBI December2025 published vintage; values may revise earlier releases. Statistical estimates for completed reporting periods, not audited financial actuals; individual AE/RE/provisional status is not specified in this table. Missing cells omitted, never zero-filled. J&K throughFY2018-19 includes Ladakh; retained as a separate historical geography and not joined to present UT totals.",Tripura,2012,gsdp_current_prices_inr_crore,19208.41,official_measured,official,,,,,,,,GSDP_current_prices_2011_12_base|All sectors,,,,,,,2025-12-11,,2011-12,reported,official_statistical_published,RBI Handbook of Statistics on Indian States 2024-25; Table 21; 11 December 2025,current_prices,2011-12
state_tripura,Tripura,state_aggregate,RBI / NSO,Tripura,All sectors,gsdp_current_prices_inr_crore,21663.2,INR crore,2166320.0,INR lakh,2012-04-01,2013-03-31,fiscal_year,actual,GSDP_current_prices_2011_12_base,2013-03-31,2025-12-11,rbi_gsdp_current_prices_2024_25,https://rbidocs.rbi.org.in/rdocs/Publications/PDFs/21T_11122025D994949B48C44B68B4465FBB9ADDFF3D.PDF,"Table 21, state Tripura, column 2012-13",official_measured,True,6e48293426935a2ef796c0163edbedeeb6dd165b21db8f018ac912502b3cc287,"Full RBI December2025 published vintage; values may revise earlier releases. Statistical estimates for completed reporting periods, not audited financial actuals; individual AE/RE/provisional status is not specified in this table. Missing cells omitted, never zero-filled. J&K throughFY2018-19 includes Ladakh; retained as a separate historical geography and not joined to present UT totals.",Tripura,2013,gsdp_current_prices_inr_crore,21663.2,official_measured,official,,,,,,,,GSDP_current_prices_2011_12_base|All sectors,,,,,,,2025-12-11,,2012-13,reported,official_statistical_published,RBI Handbook of Statistics on Indian States 2024-25; Table 21; 11 December 2025,current_prices,2011-12
state_tripura,Tripura,state_aggregate,RBI / NSO,Tripura,All sectors,gsdp_current_prices_inr_crore,25592.83,INR crore,2559283.0,INR lakh,2013-04-01,2014-03-31,fiscal_year,actual,GSDP_current_prices_2011_12_base,2014-03-31,2025-12-11,rbi_gsdp_current_prices_2024_25,https://rbidocs.rbi.org.in/rdocs/Publications/PDFs/21T_11122025D994949B48C44B68B4465FBB9ADDFF3D.PDF,"Table 21, state Tripura, column 2013-14",official_measured,True,6e48293426935a2ef796c0163edbedeeb6dd165b21db8f018ac912502b3cc287,"Full RBI December2025 published vintage; values may revise earlier releases. Statistical estimates for completed reporting periods, not audited financial actuals; individual AE/RE/provisional status is not specified in this table. Missing cells omitted, never zero-filled. J&K throughFY2018-19 includes Ladakh; retained as a separate historical geography and not joined to present UT totals.",Tripura,2014,gsdp_current_prices_inr_crore,25592.83,official_measured,official,,,,,,,,GSDP_current_prices_2011_12_base|All sectors,,,,,,,2025-12-11,,2013-14,reported,official_statistical_published,RBI Handbook of Statistics on Indian States 2024-25; Table 21; 11 December 2025,current_prices,2011-12
state_tripura,Tripura,state_aggregate,RBI / NSO,Tripura,All sectors,gsdp_current_prices_inr_crore,29533.46,INR crore,2953346.0,INR lakh,2014-04-01,2015-03-31,fiscal_year,actual,GSDP_current_prices_2011_12_base,2015-03-31,2025-12-11,rbi_gsdp_current_prices_2024_25,https://rbidocs.rbi.org.in/rdocs/Publications/PDFs/21T_11122025D994949B48C44B68B4465FBB9ADDFF3D.PDF,"Table 21, state Tripura, column 2014-15",official_measured,True,6e48293426935a2ef796c0163edbedeeb6dd165b21db8f018ac912502b3cc287,"Full RBI December2025 published vintage; values may revise earlier releases. Statistical estimates for completed reporting periods, not audited financial actuals; individual AE/RE/provisional status is not specified in this table. Missing cells omitted, never zero-filled. J&K throughFY2018-19 includes Ladakh; retained as a separate historical geography and not joined to present UT totals.",Tripura,2015,gsdp_current_prices_inr_crore,29533.46,official_measured,official,,,,,,,,GSDP_current_prices_2011_12_base|All sectors,,,,,,,2025-12-11,,2014-15,reported,official_statistical_published,RBI Handbook of Statistics on Indian States 2024-25; Table 21; 11 December 2025,current_prices,2011-12
state_tripura,Tripura,state_aggregate,RBI / NSO,Tripura,All sectors,gsdp_current_prices_inr_crore,35937.73,INR crore,3593773.0,INR lakh,2015-04-01,2016-03-31,fiscal_year,actual,GSDP_current_prices_2011_12_base,2016-03-31,2025-12-11,rbi_gsdp_current_prices_2024_25,https://rbidocs.rbi.org.in/rdocs/Publications/PDFs/21T_11122025D994949B48C44B68B4465FBB9ADDFF3D.PDF,"Table 21, state Tripura, column 2015-16",official_measured,True,6e48293426935a2ef796c0163edbedeeb6dd165b21db8f018ac912502b3cc287,"Full RBI December2025 published vintage; values may revise earlier releases. Statistical estimates for completed reporting periods, not audited financial actuals; individual AE/RE/provisional status is not specified in this table. Missing cells omitted, never zero-filled. J&K throughFY2018-19 includes Ladakh; retained as a separate historical geography and not joined to present UT totals.",Tripura,2016,gsdp_current_prices_inr_crore,35937.73,official_measured,official,,,,,,,,GSDP_current_prices_2011_12_base|All sectors,,,,,,,2025-12-11,,2015-16,reported,official_statistical_published,RBI Handbook of Statistics on Indian States 2024-25; Table 21; 11 December 2025,current_prices,2011-12
state_tripura,Tripura,state_aggregate,RBI / NSO,Tripura,All sectors,gsdp_current_prices_inr_crore,39479.4,INR crore,3947940.0,INR lakh,2016-04-01,2017-03-31,fiscal_year,actual,GSDP_current_prices_2011_12_base,2017-03-31,2025-12-11,rbi_gsdp_current_prices_2024_25,https://rbidocs.rbi.org.in/rdocs/Publications/PDFs/21T_11122025D994949B48C44B68B4465FBB9ADDFF3D.PDF,"Table 21, state Tripura, column 2016-17",official_measured,True,6e48293426935a2ef796c0163edbedeeb6dd165b21db8f018ac912502b3cc287,"Full RBI December2025 published vintage; values may revise earlier releases. Statistical estimates for completed reporting periods, not audited financial actuals; individual AE/RE/provisional status is not specified in this table. Missing cells omitted, never zero-filled. J&K throughFY2018-19 includes Ladakh; retained as a separate historical geography and not joined to present UT totals.",Tripura,2017,gsdp_current_prices_inr_crore,39479.4,official_measured,official,,,,,,,,GSDP_current_prices_2011_12_base|All sectors,,,,,,,2025-12-11,,2016-17,reported,official_statistical_published,RBI Handbook of Statistics on Indian States 2024-25; Table 21; 11 December 2025,current_prices,2011-12
state_uttar_pradesh,Uttar Pradesh,state_aggregate,RBI / NSO,Uttar Pradesh,All sectors,gsdp_current_prices_inr_crore,737070.33,INR crore,73707033.0,INR lakh,2011-04-01,2012-03-31,fiscal_year,actual,GSDP_current_prices_2011_12_base,2012-03-31,2025-12-11,rbi_gsdp_current_prices_2024_25,https://rbidocs.rbi.org.in/rdocs/Publications/PDFs/21T_11122025D994949B48C44B68B4465FBB9ADDFF3D.PDF,"Table 21, state Uttar Pradesh, column 2011-12",official_measured,True,6e48293426935a2ef796c0163edbedeeb6dd165b21db8f018ac912502b3cc287,"Full RBI December2025 published vintage; values may revise earlier releases. Statistical estimates for completed reporting periods, not audited financial actuals; individual AE/RE/provisional status is not specified in this table. Missing cells omitted, never zero-filled. J&K throughFY2018-19 includes Ladakh; retained as a separate historical geography and not joined to present UT totals.",Uttar Pradesh,2012,gsdp_current_prices_inr_crore,737070.33,official_measured,official,,,,,,,,GSDP_current_prices_2011_12_base|All sectors,,,,,,,2025-12-11,,2011-12,reported,official_statistical_published,RBI Handbook of Statistics on Indian States 2024-25; Table 21; 11 December 2025,current_prices,2011-12
state_uttar_pradesh,Uttar Pradesh,state_aggregate,RBI / NSO,Uttar Pradesh,All sectors,gsdp_current_prices_inr_crore,837932.39,INR crore,83793239.0,INR lakh,2012-04-01,2013-03-31,fiscal_year,actual,GSDP_current_prices_2011_12_base,2013-03-31,2025-12-11,rbi_gsdp_current_prices_2024_25,https://rbidocs.rbi.org.in/rdocs/Publications/PDFs/21T_11122025D994949B48C44B68B4465FBB9ADDFF3D.PDF,"Table 21, state Uttar Pradesh, column 2012-13",official_measured,True,6e48293426935a2ef796c0163edbedeeb6dd165b21db8f018ac912502b3cc287,"Full RBI December2025 published vintage; values may revise earlier releases. Statistical estimates for completed reporting periods, not audited financial actuals; individual AE/RE/provisional status is not specified in this table. Missing cells omitted, never zero-filled. J&K throughFY2018-19 includes Ladakh; retained as a separate historical geography and not joined to present UT totals.",Uttar Pradesh,2013,gsdp_current_prices_inr_crore,837932.39,official_measured,official,,,,,,,,GSDP_current_prices_2011_12_base|All sectors,,,,,,,2025-12-11,,2012-13,reported,official_statistical_published,RBI Handbook of Statistics on Indian States 2024-25; Table 21; 11 December 2025,current_prices,2011-12
state_uttar_pradesh,Uttar Pradesh,state_aggregate,RBI / NSO,Uttar Pradesh,All sectors,gsdp_current_prices_inr_crore,961412.1,INR crore,96141210.0,INR lakh,2013-04-01,2014-03-31,fiscal_year,actual,GSDP_current_prices_2011_12_base,2014-03-31,2025-12-11,rbi_gsdp_current_prices_2024_25,https://rbidocs.rbi.org.in/rdocs/Publications/PDFs/21T_11122025D994949B48C44B68B4465FBB9ADDFF3D.PDF,"Table 21, state Uttar Pradesh, column 2013-14",official_measured,True,6e48293426935a2ef796c0163edbedeeb6dd165b21db8f018ac912502b3cc287,"Full RBI December2025 published vintage; values may revise earlier releases. Statistical estimates for completed reporting periods, not audited financial actuals; individual AE/RE/provisional status is not specified in this table. Missing cells omitted, never zero-filled. J&K throughFY2018-19 includes Ladakh; retained as a separate historical geography and not joined to present UT totals.",Uttar Pradesh,2014,gsdp_current_prices_inr_crore,961412.1,official_measured,official,,,,,,,,GSDP_current_prices_2011_12_base|All sectors,,,,,,,2025-12-11,,2013-14,reported,official_statistical_published,RBI Handbook of Statistics on Indian States 2024-25; Table 21; 11 December 2025,current_prices,2011-12
state_uttar_pradesh,Uttar Pradesh,state_aggregate,RBI / NSO,Uttar Pradesh,All sectors,gsdp_current_prices_inr_crore,1036935.2100000001,INR crore,103693521.0,INR lakh,2014-04-01,2015-03-31,fiscal_year,actual,GSDP_current_prices_2011_12_base,2015-03-31,2025-12-11,rbi_gsdp_current_prices_2024_25,https://rbidocs.rbi.org.in/rdocs/Publications/PDFs/21T_11122025D994949B48C44B68B4465FBB9ADDFF3D.PDF,"Table 21, state Uttar Pradesh, column 2014-15",official_measured,True,6e48293426935a2ef796c0163edbedeeb6dd165b21db8f018ac912502b3cc287,"Full RBI December2025 published vintage; values may revise earlier releases. Statistical estimates for completed reporting periods, not audited financial actuals; individual AE/RE/provisional status is not specified in this table. Missing cells omitted, never zero-filled. J&K throughFY2018-19 includes Ladakh; retained as a separate historical geography and not joined to present UT totals.",Uttar Pradesh,2015,gsdp_current_prices_inr_crore,1036935.2100000001,official_measured,official,,,,,,,,GSDP_current_prices_2011_12_base|All sectors,,,,,,,2025-12-11,,2014-15,reported,official_statistical_published,RBI Handbook of Statistics on Indian States 2024-25; Table 21; 11 December 2025,current_prices,2011-12
state_uttar_pradesh,Uttar Pradesh,state_aggregate,RBI / NSO,Uttar Pradesh,All sectors,gsdp_current_prices_inr_crore,1172230.05,INR crore,117223005.0,INR lakh,2015-04-01,2016-03-31,fiscal_year,actual,GSDP_current_prices_2011_12_base,2016-03-31,2025-12-11,rbi_gsdp_current_prices_2024_25,https://rbidocs.rbi.org.in/rdocs/Publications/PDFs/21T_11122025D994949B48C44B68B4465FBB9ADDFF3D.PDF,"Table 21, state Uttar Pradesh, column 2015-16",official_measured,True,6e48293426935a2ef796c0163edbedeeb6dd165b21db8f018ac912502b3cc287,"Full RBI December2025 published vintage; values may revise earlier releases. Statistical estimates for completed reporting periods, not audited financial actuals; individual AE/RE/provisional status is not specified in this table. Missing cells omitted, never zero-filled. J&K throughFY2018-19 includes Ladakh; retained as a separate historical geography and not joined to present UT totals.",Uttar Pradesh,2016,gsdp_current_prices_inr_crore,1172230.05,official_measured,official,,,,,,,,GSDP_current_prices_2011_12_base|All sectors,,,,,,,2025-12-11,,2015-16,reported,official_statistical_published,RBI Handbook of Statistics on Indian States 2024-25; Table 21; 11 December 2025,current_prices,2011-12
state_uttar_pradesh,Uttar Pradesh,state_aggregate,RBI / NSO,Uttar Pradesh,All sectors,gsdp_current_prices_inr_crore,1329863.95,INR crore,132986395.0,INR lakh,2016-04-01,2017-03-31,fiscal_year,actual,GSDP_current_prices_2011_12_base,2017-03-31,2025-12-11,rbi_gsdp_current_prices_2024_25,https://rbidocs.rbi.org.in/rdocs/Publications/PDFs/21T_11122025D994949B48C44B68B4465FBB9ADDFF3D.PDF,"Table 21, state Uttar Pradesh, column 2016-17",official_measured,True,6e48293426935a2ef796c0163edbedeeb6dd165b21db8f018ac912502b3cc287,"Full RBI December2025 published vintage; values may revise earlier releases. Statistical estimates for completed reporting periods, not audited financial actuals; individual AE/RE/provisional status is not specified in this table. Missing cells omitted, never zero-filled. J&K throughFY2018-19 includes Ladakh; retained as a separate historical geography and not joined to present UT totals.",Uttar Pradesh,2017,gsdp_current_prices_inr_crore,1329863.95,official_measured,official,,,,,,,,GSDP_current_prices_2011_12_base|All sectors,,,,,,,2025-12-11,,2016-17,reported,official_statistical_published,RBI Handbook of Statistics on Indian States 2024-25; Table 21; 11 December 2025,current_prices,2011-12
state_uttarakhand,Uttarakhand,state_aggregate,RBI / NSO,Uttarakhand,All sectors,gsdp_current_prices_inr_crore,115327.58,INR crore,11532758.0,INR lakh,2011-04-01,2012-03-31,fiscal_year,actual,GSDP_current_prices_2011_12_base,2012-03-31,2025-12-11,rbi_gsdp_current_prices_2024_25,https://rbidocs.rbi.org.in/rdocs/Publications/PDFs/21T_11122025D994949B48C44B68B4465FBB9ADDFF3D.PDF,"Table 21, state Uttarakhand, column 2011-12",official_measured,True,6e48293426935a2ef796c0163edbedeeb6dd165b21db8f018ac912502b3cc287,"Full RBI December2025 published vintage; values may revise earlier releases. Statistical estimates for completed reporting periods, not audited financial actuals; individual AE/RE/provisional status is not specified in this table. Missing cells omitted, never zero-filled. J&K throughFY2018-19 includes Ladakh; retained as a separate historical geography and not joined to present UT totals.",Uttarakhand,2012,gsdp_current_prices_inr_crore,115327.58,official_measured,official,,,,,,,,GSDP_current_prices_2011_12_base|All sectors,,,,,,,2025-12-11,,2011-12,reported,official_statistical_published,RBI Handbook of Statistics on Indian States 2024-25; Table 21; 11 December 2025,current_prices,2011-12
state_uttarakhand,Uttarakhand,state_aggregate,RBI / NSO,Uttarakhand,All sectors,gsdp_current_prices_inr_crore,131612.84,INR crore,13161284.0,INR lakh,2012-04-01,2013-03-31,fiscal_year,actual,GSDP_current_prices_2011_12_base,2013-03-31,2025-12-11,rbi_gsdp_current_prices_2024_25,https://rbidocs.rbi.org.in/rdocs/Publications/PDFs/21T_11122025D994949B48C44B68B4465FBB9ADDFF3D.PDF,"Table 21, state Uttarakhand, column 2012-13",official_measured,True,6e48293426935a2ef796c0163edbedeeb6dd165b21db8f018ac912502b3cc287,"Full RBI December2025 published vintage; values may revise earlier releases. Statistical estimates for completed reporting periods, not audited financial actuals; individual AE/RE/provisional status is not specified in this table. Missing cells omitted, never zero-filled. J&K throughFY2018-19 includes Ladakh; retained as a separate historical geography and not joined to present UT totals.",Uttarakhand,2013,gsdp_current_prices_inr_crore,131612.84,official_measured,official,,,,,,,,GSDP_current_prices_2011_12_base|All sectors,,,,,,,2025-12-11,,2012-13,reported,official_statistical_published,RBI Handbook of Statistics on Indian States 2024-25; Table 21; 11 December 2025,current_prices,2011-12
state_uttarakhand,Uttarakhand,state_aggregate,RBI / NSO,Uttarakhand,All sectors,gsdp_current_prices_inr_crore,149074.38,INR crore,14907438.0,INR lakh,2013-04-01,2014-03-31,fiscal_year,actual,GSDP_current_prices_2011_12_base,2014-03-31,2025-12-11,rbi_gsdp_current_prices_2024_25,https://rbidocs.rbi.org.in/rdocs/Publications/PDFs/21T_11122025D994949B48C44B68B4465FBB9ADDFF3D.PDF,"Table 21, state Uttarakhand, column 2013-14",official_measured,True,6e48293426935a2ef796c0163edbedeeb6dd165b21db8f018ac912502b3cc287,"Full RBI December2025 published vintage; values may revise earlier releases. Statistical estimates for completed reporting periods, not audited financial actuals; individual AE/RE/provisional status is not specified in this table. Missing cells omitted, never zero-filled. J&K throughFY2018-19 includes Ladakh; retained as a separate historical geography and not joined to present UT totals.",Uttarakhand,2014,gsdp_current_prices_inr_crore,149074.38,official_measured,official,,,,,,,,GSDP_current_prices_2011_12_base|All sectors,,,,,,,2025-12-11,,2013-14,reported,official_statistical_published,RBI Handbook of Statistics on Indian States 2024-25; Table 21; 11 December 2025,current_prices,2011-12
state_uttarakhand,Uttarakhand,state_aggregate,RBI / NSO,Uttarakhand,All sectors,gsdp_current_prices_inr_crore,161438.91,INR crore,16143891.0,INR lakh,2014-04-01,2015-03-31,fiscal_year,actual,GSDP_current_prices_2011_12_base,2015-03-31,2025-12-11,rbi_gsdp_current_prices_2024_25,https://rbidocs.rbi.org.in/rdocs/Publications/PDFs/21T_11122025D994949B48C44B68B4465FBB9ADDFF3D.PDF,"Table 21, state Uttarakhand, column 2014-15",official_measured,True,6e48293426935a2ef796c0163edbedeeb6dd165b21db8f018ac912502b3cc287,"Full RBI December2025 published vintage; values may revise earlier releases. Statistical estimates for completed reporting periods, not audited financial actuals; individual AE/RE/provisional status is not specified in this table. Missing cells omitted, never zero-filled. J&K throughFY2018-19 includes Ladakh; retained as a separate historical geography and not joined to present UT totals.",Uttarakhand,2015,gsdp_current_prices_inr_crore,161438.91,official_measured,official,,,,,,,,GSDP_current_prices_2011_12_base|All sectors,,,,,,,2025-12-11,,2014-15,reported,official_statistical_published,RBI Handbook of Statistics on Indian States 2024-25; Table 21; 11 December 2025,current_prices,2011-12
state_uttarakhand,Uttarakhand,state_aggregate,RBI / NSO,Uttarakhand,All sectors,gsdp_current_prices_inr_crore,177163.0,INR crore,17716300.0,INR lakh,2015-04-01,2016-03-31,fiscal_year,actual,GSDP_current_prices_2011_12_base,2016-03-31,2025-12-11,rbi_gsdp_current_prices_2024_25,https://rbidocs.rbi.org.in/rdocs/Publications/PDFs/21T_11122025D994949B48C44B68B4465FBB9ADDFF3D.PDF,"Table 21, state Uttarakhand, column 2015-16",official_measured,True,6e48293426935a2ef796c0163edbedeeb6dd165b21db8f018ac912502b3cc287,"Full RBI December2025 published vintage; values may revise earlier releases. Statistical estimates for completed reporting periods, not audited financial actuals; individual AE/RE/provisional status is not specified in this table. Missing cells omitted, never zero-filled. J&K throughFY2018-19 includes Ladakh; retained as a separate historical geography and not joined to present UT totals.",Uttarakhand,2016,gsdp_current_prices_inr_crore,177163.0,official_measured,official,,,,,,,,GSDP_current_prices_2011_12_base|All sectors,,,,,,,2025-12-11,,2015-16,reported,official_statistical_published,RBI Handbook of Statistics on Indian States 2024-25; Table 21; 11 December 2025,current_prices,2011-12
state_uttarakhand,Uttarakhand,state_aggregate,RBI / NSO,Uttarakhand,All sectors,gsdp_current_prices_inr_crore,195124.86000000002,INR crore,19512486.0,INR lakh,2016-04-01,2017-03-31,fiscal_year,actual,GSDP_current_prices_2011_12_base,2017-03-31,2025-12-11,rbi_gsdp_current_prices_2024_25,https://rbidocs.rbi.org.in/rdocs/Publications/PDFs/21T_11122025D994949B48C44B68B4465FBB9ADDFF3D.PDF,"Table 21, state Uttarakhand, column 2016-17",official_measured,True,6e48293426935a2ef796c0163edbedeeb6dd165b21db8f018ac912502b3cc287,"Full RBI December2025 published vintage; values may revise earlier releases. Statistical estimates for completed reporting periods, not audited financial actuals; individual AE/RE/provisional status is not specified in this table. Missing cells omitted, never zero-filled. J&K throughFY2018-19 includes Ladakh; retained as a separate historical geography and not joined to present UT totals.",Uttarakhand,2017,gsdp_current_prices_inr_crore,195124.86000000002,official_measured,official,,,,,,,,GSDP_current_prices_2011_12_base|All sectors,,,,,,,2025-12-11,,2016-17,reported,official_statistical_published,RBI Handbook of Statistics on Indian States 2024-25; Table 21; 11 December 2025,current_prices,2011-12
state_west_bengal,West Bengal,state_aggregate,RBI / NSO,West Bengal,All sectors,gsdp_current_prices_inr_crore,520485.05,INR crore,52048505.0,INR lakh,2011-04-01,2012-03-31,fiscal_year,actual,GSDP_current_prices_2011_12_base,2012-03-31,2025-12-11,rbi_gsdp_current_prices_2024_25,https://rbidocs.rbi.org.in/rdocs/Publications/PDFs/21T_11122025D994949B48C44B68B4465FBB9ADDFF3D.PDF,"Table 21, state West Bengal, column 2011-12",official_measured,True,6e48293426935a2ef796c0163edbedeeb6dd165b21db8f018ac912502b3cc287,"Full RBI December2025 published vintage; values may revise earlier releases. Statistical estimates for completed reporting periods, not audited financial actuals; individual AE/RE/provisional status is not specified in this table. Missing cells omitted, never zero-filled. J&K throughFY2018-19 includes Ladakh; retained as a separate historical geography and not joined to present UT totals.",West Bengal,2012,gsdp_current_prices_inr_crore,520485.05,official_measured,official,,,,,,,,GSDP_current_prices_2011_12_base|All sectors,,,,,,,2025-12-11,,2011-12,reported,official_statistical_published,RBI Handbook of Statistics on Indian States 2024-25; Table 21; 11 December 2025,current_prices,2011-12
state_west_bengal,West Bengal,state_aggregate,RBI / NSO,West Bengal,All sectors,gsdp_current_prices_inr_crore,591464.7000000001,INR crore,59146470.0,INR lakh,2012-04-01,2013-03-31,fiscal_year,actual,GSDP_current_prices_2011_12_base,2013-03-31,2025-12-11,rbi_gsdp_current_prices_2024_25,https://rbidocs.rbi.org.in/rdocs/Publications/PDFs/21T_11122025D994949B48C44B68B4465FBB9ADDFF3D.PDF,"Table 21, state West Bengal, column 2012-13",official_measured,True,6e48293426935a2ef796c0163edbedeeb6dd165b21db8f018ac912502b3cc287,"Full RBI December2025 published vintage; values may revise earlier releases. Statistical estimates for completed reporting periods, not audited financial actuals; individual AE/RE/provisional status is not specified in this table. Missing cells omitted, never zero-filled. J&K throughFY2018-19 includes Ladakh; retained as a separate historical geography and not joined to present UT totals.",West Bengal,2013,gsdp_current_prices_inr_crore,591464.7000000001,official_measured,official,,,,,,,,GSDP_current_prices_2011_12_base|All sectors,,,,,,,2025-12-11,,2012-13,reported,official_statistical_published,RBI Handbook of Statistics on Indian States 2024-25; Table 21; 11 December 2025,current_prices,2011-12
state_west_bengal,West Bengal,state_aggregate,RBI / NSO,West Bengal,All sectors,gsdp_current_prices_inr_crore,676848.74,INR crore,67684874.0,INR lakh,2013-04-01,2014-03-31,fiscal_year,actual,GSDP_current_prices_2011_12_base,2014-03-31,2025-12-11,rbi_gsdp_current_prices_2024_25,https://rbidocs.rbi.org.in/rdocs/Publications/PDFs/21T_11122025D994949B48C44B68B4465FBB9ADDFF3D.PDF,"Table 21, state West Bengal, column 2013-14",official_measured,True,6e48293426935a2ef796c0163edbedeeb6dd165b21db8f018ac912502b3cc287,"Full RBI December2025 published vintage; values may revise earlier releases. Statistical estimates for completed reporting periods, not audited financial actuals; individual AE/RE/provisional status is not specified in this table. Missing cells omitted, never zero-filled. J&K throughFY2018-19 includes Ladakh; retained as a separate historical geography and not joined to present UT totals.",West Bengal,2014,gsdp_current_prices_inr_crore,676848.74,official_measured,official,,,,,,,,GSDP_current_prices_2011_12_base|All sectors,,,,,,,2025-12-11,,2013-14,reported,official_statistical_published,RBI Handbook of Statistics on Indian States 2024-25; Table 21; 11 December 2025,current_prices,2011-12
state_west_bengal,West Bengal,state_aggregate,RBI / NSO,West Bengal,All sectors,gsdp_current_prices_inr_crore,718081.63,INR crore,71808163.0,INR lakh,2014-04-01,2015-03-31,fiscal_year,actual,GSDP_current_prices_2011_12_base,2015-03-31,2025-12-11,rbi_gsdp_current_prices_2024_25,https://rbidocs.rbi.org.in/rdocs/Publications/PDFs/21T_11122025D994949B48C44B68B4465FBB9ADDFF3D.PDF,"Table 21, state West Bengal, column 2014-15",official_measured,True,6e48293426935a2ef796c0163edbedeeb6dd165b21db8f018ac912502b3cc287,"Full RBI December2025 published vintage; values may revise earlier releases. Statistical estimates for completed reporting periods, not audited financial actuals; individual AE/RE/provisional status is not specified in this table. Missing cells omitted, never zero-filled. J&K throughFY2018-19 includes Ladakh; retained as a separate historical geography and not joined to present UT totals.",West Bengal,2015,gsdp_current_prices_inr_crore,718081.63,official_measured,official,,,,,,,,GSDP_current_prices_2011_12_base|All sectors,,,,,,,2025-12-11,,2014-15,reported,official_statistical_published,RBI Handbook of Statistics on Indian States 2024-25; Table 21; 11 December 2025,current_prices,2011-12
state_west_bengal,West Bengal,state_aggregate,RBI / NSO,West Bengal,All sectors,gsdp_current_prices_inr_crore,797299.9500000001,INR crore,79729995.0,INR lakh,2015-04-01,2016-03-31,fiscal_year,actual,GSDP_current_prices_2011_12_base,2016-03-31,2025-12-11,rbi_gsdp_current_prices_2024_25,https://rbidocs.rbi.org.in/rdocs/Publications/PDFs/21T_11122025D994949B48C44B68B4465FBB9ADDFF3D.PDF,"Table 21, state West Bengal, column 2015-16",official_measured,True,6e48293426935a2ef796c0163edbedeeb6dd165b21db8f018ac912502b3cc287,"Full RBI December2025 published vintage; values may revise earlier releases. Statistical estimates for completed reporting periods, not audited financial actuals; individual AE/RE/provisional status is not specified in this table. Missing cells omitted, never zero-filled. J&K throughFY2018-19 includes Ladakh; retained as a separate historical geography and not joined to present UT totals.",West Bengal,2016,gsdp_current_prices_inr_crore,797299.9500000001,official_measured,official,,,,,,,,GSDP_current_prices_2011_12_base|All sectors,,,,,,,2025-12-11,,2015-16,reported,official_statistical_published,RBI Handbook of Statistics on Indian States 2024-25; Table 21; 11 December 2025,current_prices,2011-12
state_west_bengal,West Bengal,state_aggregate,RBI / NSO,West Bengal,All sectors,gsdp_current_prices_inr_crore,872527.23,INR crore,87252723.0,INR lakh,2016-04-01,2017-03-31,fiscal_year,actual,GSDP_current_prices_2011_12_base,2017-03-31,2025-12-11,rbi_gsdp_current_prices_2024_25,https://rbidocs.rbi.org.in/rdocs/Publications/PDFs/21T_11122025D994949B48C44B68B4465FBB9ADDFF3D.PDF,"Table 21, state West Bengal, column 2016-17",official_measured,True,6e48293426935a2ef796c0163edbedeeb6dd165b21db8f018ac912502b3cc287,"Full RBI December2025 published vintage; values may revise earlier releases. Statistical estimates for completed reporting periods, not audited financial actuals; individual AE/RE/provisional status is not specified in this table. Missing cells omitted, never zero-filled. J&K throughFY2018-19 includes Ladakh; retained as a separate historical geography and not joined to present UT totals.",West Bengal,2017,gsdp_current_prices_inr_crore,872527.23,official_measured,official,,,,,,,,GSDP_current_prices_2011_12_base|All sectors,,,,,,,2025-12-11,,2016-17,reported,official_statistical_published,RBI Handbook of Statistics on Indian States 2024-25; Table 21; 11 December 2025,current_prices,2011-12
state_andaman_and_nicobar_islands,Andaman and Nicobar Islands,state_aggregate,RBI / NSO,Andaman and Nicobar Islands,All sectors,gsdp_current_prices_inr_crore,7890.41,INR crore,789041.0,INR lakh,2017-04-01,2018-03-31,fiscal_year,actual,GSDP_current_prices_2011_12_base,2018-03-31,2025-12-11,rbi_gsdp_current_prices_2024_25,https://rbidocs.rbi.org.in/rdocs/Publications/PDFs/21T_11122025D994949B48C44B68B4465FBB9ADDFF3D.PDF,"Table 21, state Andaman and Nicobar Islands, column 2017-18",official_measured,True,6e48293426935a2ef796c0163edbedeeb6dd165b21db8f018ac912502b3cc287,"Full RBI December2025 published vintage; values may revise earlier releases. Statistical estimates for completed reporting periods, not audited financial actuals; individual AE/RE/provisional status is not specified in this table. Missing cells omitted, never zero-filled. J&K throughFY2018-19 includes Ladakh; retained as a separate historical geography and not joined to present UT totals.",Andaman and Nicobar Islands,2018,gsdp_current_prices_inr_crore,7890.41,official_measured,official,,,,,,,,GSDP_current_prices_2011_12_base|All sectors,,,,,,,2025-12-11,,2017-18,reported,official_statistical_published,RBI Handbook of Statistics on Indian States 2024-25; Table 21; 11 December 2025,current_prices,2011-12
state_andaman_and_nicobar_islands,Andaman and Nicobar Islands,state_aggregate,RBI / NSO,Andaman and Nicobar Islands,All sectors,gsdp_current_prices_inr_crore,9003.18,INR crore,900318.0,INR lakh,2018-04-01,2019-03-31,fiscal_year,actual,GSDP_current_prices_2011_12_base,2019-03-31,2025-12-11,rbi_gsdp_current_prices_2024_25,https://rbidocs.rbi.org.in/rdocs/Publications/PDFs/21T_11122025D994949B48C44B68B4465FBB9ADDFF3D.PDF,"Table 21, state Andaman and Nicobar Islands, column 2018-19",official_measured,True,6e48293426935a2ef796c0163edbedeeb6dd165b21db8f018ac912502b3cc287,"Full RBI December2025 published vintage; values may revise earlier releases. Statistical estimates for completed reporting periods, not audited financial actuals; individual AE/RE/provisional status is not specified in this table. Missing cells omitted, never zero-filled. J&K throughFY2018-19 includes Ladakh; retained as a separate historical geography and not joined to present UT totals.",Andaman and Nicobar Islands,2019,gsdp_current_prices_inr_crore,9003.18,official_measured,official,,,,,,,,GSDP_current_prices_2011_12_base|All sectors,,,,,,,2025-12-11,,2018-19,reported,official_statistical_published,RBI Handbook of Statistics on Indian States 2024-25; Table 21; 11 December 2025,current_prices,2011-12
state_andaman_and_nicobar_islands,Andaman and Nicobar Islands,state_aggregate,RBI / NSO,Andaman and Nicobar Islands,All sectors,gsdp_current_prices_inr_crore,9765.0,INR crore,976500.0,INR lakh,2019-04-01,2020-03-31,fiscal_year,actual,GSDP_current_prices_2011_12_base,2020-03-31,2025-12-11,rbi_gsdp_current_prices_2024_25,https://rbidocs.rbi.org.in/rdocs/Publications/PDFs/21T_11122025D994949B48C44B68B4465FBB9ADDFF3D.PDF,"Table 21, state Andaman and Nicobar Islands, column 2019-20",official_measured,True,6e48293426935a2ef796c0163edbedeeb6dd165b21db8f018ac912502b3cc287,"Full RBI December2025 published vintage; values may revise earlier releases. Statistical estimates for completed reporting periods, not audited financial actuals; individual AE/RE/provisional status is not specified in this table. Missing cells omitted, never zero-filled. J&K throughFY2018-19 includes Ladakh; retained as a separate historical geography and not joined to present UT totals.",Andaman and Nicobar Islands,2020,gsdp_current_prices_inr_crore,9765.0,official_measured,official,,,,,,,,GSDP_current_prices_2011_12_base|All sectors,,,,,,,2025-12-11,,2019-20,reported,official_statistical_published,RBI Handbook of Statistics on Indian States 2024-25; Table 21; 11 December 2025,current_prices,2011-12
state_andaman_and_nicobar_islands,Andaman and Nicobar Islands,state_aggregate,RBI / NSO,Andaman and Nicobar Islands,All sectors,gsdp_current_prices_inr_crore,9310.4,INR crore,931040.0,INR lakh,2020-04-01,2021-03-31,fiscal_year,actual,GSDP_current_prices_2011_12_base,2021-03-31,2025-12-11,rbi_gsdp_current_prices_2024_25,https://rbidocs.rbi.org.in/rdocs/Publications/PDFs/21T_11122025D994949B48C44B68B4465FBB9ADDFF3D.PDF,"Table 21, state Andaman and Nicobar Islands, column 2020-21",official_measured,True,6e48293426935a2ef796c0163edbedeeb6dd165b21db8f018ac912502b3cc287,"Full RBI December2025 published vintage; values may revise earlier releases. Statistical estimates for completed reporting periods, not audited financial actuals; individual AE/RE/provisional status is not specified in this table. Missing cells omitted, never zero-filled. J&K throughFY2018-19 includes Ladakh; retained as a separate historical geography and not joined to present UT totals.",Andaman and Nicobar Islands,2021,gsdp_current_prices_inr_crore,9310.4,official_measured,official,,,,,,,,GSDP_current_prices_2011_12_base|All sectors,,,,,,,2025-12-11,,2020-21,reported,official_statistical_published,RBI Handbook of Statistics on Indian States 2024-25; Table 21; 11 December 2025,current_prices,2011-12
state_andaman_and_nicobar_islands,Andaman and Nicobar Islands,state_aggregate,RBI / NSO,Andaman and Nicobar Islands,All sectors,gsdp_current_prices_inr_crore,10392.1,INR crore,1039210.0,INR lakh,2021-04-01,2022-03-31,fiscal_year,actual,GSDP_current_prices_2011_12_base,2022-03-31,2025-12-11,rbi_gsdp_current_prices_2024_25,https://rbidocs.rbi.org.in/rdocs/Publications/PDFs/21T_11122025D994949B48C44B68B4465FBB9ADDFF3D.PDF,"Table 21, state Andaman and Nicobar Islands, column 2021-22",official_measured,True,6e48293426935a2ef796c0163edbedeeb6dd165b21db8f018ac912502b3cc287,"Full RBI December2025 published vintage; values may revise earlier releases. Statistical estimates for completed reporting periods, not audited financial actuals; individual AE/RE/provisional status is not specified in this table. Missing cells omitted, never zero-filled. J&K throughFY2018-19 includes Ladakh; retained as a separate historical geography and not joined to present UT totals.",Andaman and Nicobar Islands,2022,gsdp_current_prices_inr_crore,10392.1,official_measured,official,,,,,,,,GSDP_current_prices_2011_12_base|All sectors,,,,,,,2025-12-11,,2021-22,reported,official_statistical_published,RBI Handbook of Statistics on Indian States 2024-25; Table 21; 11 December 2025,current_prices,2011-12
state_andaman_and_nicobar_islands,Andaman and Nicobar Islands,state_aggregate,RBI / NSO,Andaman and Nicobar Islands,All sectors,gsdp_current_prices_inr_crore,11976.68,INR crore,1197668.0,INR lakh,2022-04-01,2023-03-31,fiscal_year,actual,GSDP_current_prices_2011_12_base,2023-03-31,2025-12-11,rbi_gsdp_current_prices_2024_25,https://rbidocs.rbi.org.in/rdocs/Publications/PDFs/21T_11122025D994949B48C44B68B4465FBB9ADDFF3D.PDF,"Table 21, state Andaman and Nicobar Islands, column 2022-23",official_measured,True,6e48293426935a2ef796c0163edbedeeb6dd165b21db8f018ac912502b3cc287,"Full RBI December2025 published vintage; values may revise earlier releases. Statistical estimates for completed reporting periods, not audited financial actuals; individual AE/RE/provisional status is not specified in this table. Missing cells omitted, never zero-filled. J&K throughFY2018-19 includes Ladakh; retained as a separate historical geography and not joined to present UT totals.",Andaman and Nicobar Islands,2023,gsdp_current_prices_inr_crore,11976.68,official_measured,official,,,,,,,,GSDP_current_prices_2011_12_base|All sectors,,,,,,,2025-12-11,,2022-23,reported,official_statistical_published,RBI Handbook of Statistics on Indian States 2024-25; Table 21; 11 December 2025,current_prices,2011-12
state_andaman_and_nicobar_islands,Andaman and Nicobar Islands,state_aggregate,RBI / NSO,Andaman and Nicobar Islands,All sectors,gsdp_current_prices_inr_crore,12499.11,INR crore,1249911.0,INR lakh,2023-04-01,2024-03-31,fiscal_year,actual,GSDP_current_prices_2011_12_base,2024-03-31,2025-12-11,rbi_gsdp_current_prices_2024_25,https://rbidocs.rbi.org.in/rdocs/Publications/PDFs/21T_11122025D994949B48C44B68B4465FBB9ADDFF3D.PDF,"Table 21, state Andaman and Nicobar Islands, column 2023-24",official_measured,True,6e48293426935a2ef796c0163edbedeeb6dd165b21db8f018ac912502b3cc287,"Full RBI December2025 published vintage; values may revise earlier releases. Statistical estimates for completed reporting periods, not audited financial actuals; individual AE/RE/provisional status is not specified in this table. Missing cells omitted, never zero-filled. J&K throughFY2018-19 includes Ladakh; retained as a separate historical geography and not joined to present UT totals.",Andaman and Nicobar Islands,2024,gsdp_current_prices_inr_crore,12499.11,official_measured,official,,,,,,,,GSDP_current_prices_2011_12_base|All sectors,,,,,,,2025-12-11,,2023-24,reported,official_statistical_published,RBI Handbook of Statistics on Indian States 2024-25; Table 21; 11 December 2025,current_prices,2011-12
state_andhra_pradesh,Andhra Pradesh,state_aggregate,RBI / NSO,Andhra Pradesh,All sectors,gsdp_current_prices_inr_crore,786135.42,INR crore,78613542.0,INR lakh,2017-04-01,2018-03-31,fiscal_year,actual,GSDP_current_prices_2011_12_base,2018-03-31,2025-12-11,rbi_gsdp_current_prices_2024_25,https://rbidocs.rbi.org.in/rdocs/Publications/PDFs/21T_11122025D994949B48C44B68B4465FBB9ADDFF3D.PDF,"Table 21, state Andhra Pradesh, column 2017-18",official_measured,True,6e48293426935a2ef796c0163edbedeeb6dd165b21db8f018ac912502b3cc287,"Full RBI December2025 published vintage; values may revise earlier releases. Statistical estimates for completed reporting periods, not audited financial actuals; individual AE/RE/provisional status is not specified in this table. Missing cells omitted, never zero-filled. J&K throughFY2018-19 includes Ladakh; retained as a separate historical geography and not joined to present UT totals.",Andhra Pradesh,2018,gsdp_current_prices_inr_crore,786135.42,official_measured,official,,,,,,,,GSDP_current_prices_2011_12_base|All sectors,,,,,,,2025-12-11,,2017-18,reported,official_statistical_published,RBI Handbook of Statistics on Indian States 2024-25; Table 21; 11 December 2025,current_prices,2011-12
state_andhra_pradesh,Andhra Pradesh,state_aggregate,RBI / NSO,Andhra Pradesh,All sectors,gsdp_current_prices_inr_crore,873721.11,INR crore,87372111.0,INR lakh,2018-04-01,2019-03-31,fiscal_year,actual,GSDP_current_prices_2011_12_base,2019-03-31,2025-12-11,rbi_gsdp_current_prices_2024_25,https://rbidocs.rbi.org.in/rdocs/Publications/PDFs/21T_11122025D994949B48C44B68B4465FBB9ADDFF3D.PDF,"Table 21, state Andhra Pradesh, column 2018-19",official_measured,True,6e48293426935a2ef796c0163edbedeeb6dd165b21db8f018ac912502b3cc287,"Full RBI December2025 published vintage; values may revise earlier releases. Statistical estimates for completed reporting periods, not audited financial actuals; individual AE/RE/provisional status is not specified in this table. Missing cells omitted, never zero-filled. J&K throughFY2018-19 includes Ladakh; retained as a separate historical geography and not joined to present UT totals.",Andhra Pradesh,2019,gsdp_current_prices_inr_crore,873721.11,official_measured,official,,,,,,,,GSDP_current_prices_2011_12_base|All sectors,,,,,,,2025-12-11,,2018-19,reported,official_statistical_published,RBI Handbook of Statistics on Indian States 2024-25; Table 21; 11 December 2025,current_prices,2011-12
state_andhra_pradesh,Andhra Pradesh,state_aggregate,RBI / NSO,Andhra Pradesh,All sectors,gsdp_current_prices_inr_crore,925839.12,INR crore,92583912.0,INR lakh,2019-04-01,2020-03-31,fiscal_year,actual,GSDP_current_prices_2011_12_base,2020-03-31,2025-12-11,rbi_gsdp_current_prices_2024_25,https://rbidocs.rbi.org.in/rdocs/Publications/PDFs/21T_11122025D994949B48C44B68B4465FBB9ADDFF3D.PDF,"Table 21, state Andhra Pradesh, column 2019-20",official_measured,True,6e48293426935a2ef796c0163edbedeeb6dd165b21db8f018ac912502b3cc287,"Full RBI December2025 published vintage; values may revise earlier releases. Statistical estimates for completed reporting periods, not audited financial actuals; individual AE/RE/provisional status is not specified in this table. Missing cells omitted, never zero-filled. J&K throughFY2018-19 includes Ladakh; retained as a separate historical geography and not joined to present UT totals.",Andhra Pradesh,2020,gsdp_current_prices_inr_crore,925839.12,official_measured,official,,,,,,,,GSDP_current_prices_2011_12_base|All sectors,,,,,,,2025-12-11,,2019-20,reported,official_statistical_published,RBI Handbook of Statistics on Indian States 2024-25; Table 21; 11 December 2025,current_prices,2011-12
state_andhra_pradesh,Andhra Pradesh,state_aggregate,RBI / NSO,Andhra Pradesh,All sectors,gsdp_current_prices_inr_crore,978581.46,INR crore,97858146.0,INR lakh,2020-04-01,2021-03-31,fiscal_year,actual,GSDP_current_prices_2011_12_base,2021-03-31,2025-12-11,rbi_gsdp_current_prices_2024_25,https://rbidocs.rbi.org.in/rdocs/Publications/PDFs/21T_11122025D994949B48C44B68B4465FBB9ADDFF3D.PDF,"Table 21, state Andhra Pradesh, column 2020-21",official_measured,True,6e48293426935a2ef796c0163edbedeeb6dd165b21db8f018ac912502b3cc287,"Full RBI December2025 published vintage; values may revise earlier releases. Statistical estimates for completed reporting periods, not audited financial actuals; individual AE/RE/provisional status is not specified in this table. Missing cells omitted, never zero-filled. J&K throughFY2018-19 includes Ladakh; retained as a separate historical geography and not joined to present UT totals.",Andhra Pradesh,2021,gsdp_current_prices_inr_crore,978581.46,official_measured,official,,,,,,,,GSDP_current_prices_2011_12_base|All sectors,,,,,,,2025-12-11,,2020-21,reported,official_statistical_published,RBI Handbook of Statistics on Indian States 2024-25; Table 21; 11 December 2025,current_prices,2011-12
state_andhra_pradesh,Andhra Pradesh,state_aggregate,RBI / NSO,Andhra Pradesh,All sectors,gsdp_current_prices_inr_crore,1131628.95,INR crore,113162895.0,INR lakh,2021-04-01,2022-03-31,fiscal_year,actual,GSDP_current_prices_2011_12_base,2022-03-31,2025-12-11,rbi_gsdp_current_prices_2024_25,https://rbidocs.rbi.org.in/rdocs/Publications/PDFs/21T_11122025D994949B48C44B68B4465FBB9ADDFF3D.PDF,"Table 21, state Andhra Pradesh, column 2021-22",official_measured,True,6e48293426935a2ef796c0163edbedeeb6dd165b21db8f018ac912502b3cc287,"Full RBI December2025 published vintage; values may revise earlier releases. Statistical estimates for completed reporting periods, not audited financial actuals; individual AE/RE/provisional status is not specified in this table. Missing cells omitted, never zero-filled. J&K throughFY2018-19 includes Ladakh; retained as a separate historical geography and not joined to present UT totals.",Andhra Pradesh,2022,gsdp_current_prices_inr_crore,1131628.95,official_measured,official,,,,,,,,GSDP_current_prices_2011_12_base|All sectors,,,,,,,2025-12-11,,2021-22,reported,official_statistical_published,RBI Handbook of Statistics on Indian States 2024-25; Table 21; 11 December 2025,current_prices,2011-12
state_andhra_pradesh,Andhra Pradesh,state_aggregate,RBI / NSO,Andhra Pradesh,All sectors,gsdp_current_prices_inr_crore,1309463.97,INR crore,130946397.0,INR lakh,2022-04-01,2023-03-31,fiscal_year,actual,GSDP_current_prices_2011_12_base,2023-03-31,2025-12-11,rbi_gsdp_current_prices_2024_25,https://rbidocs.rbi.org.in/rdocs/Publications/PDFs/21T_11122025D994949B48C44B68B4465FBB9ADDFF3D.PDF,"Table 21, state Andhra Pradesh, column 2022-23",official_measured,True,6e48293426935a2ef796c0163edbedeeb6dd165b21db8f018ac912502b3cc287,"Full RBI December2025 published vintage; values may revise earlier releases. Statistical estimates for completed reporting periods, not audited financial actuals; individual AE/RE/provisional status is not specified in this table. Missing cells omitted, never zero-filled. J&K throughFY2018-19 includes Ladakh; retained as a separate historical geography and not joined to present UT totals.",Andhra Pradesh,2023,gsdp_current_prices_inr_crore,1309463.97,official_measured,official,,,,,,,,GSDP_current_prices_2011_12_base|All sectors,,,,,,,2025-12-11,,2022-23,reported,official_statistical_published,RBI Handbook of Statistics on Indian States 2024-25; Table 21; 11 December 2025,current_prices,2011-12
state_andhra_pradesh,Andhra Pradesh,state_aggregate,RBI / NSO,Andhra Pradesh,All sectors,gsdp_current_prices_inr_crore,1422093.9000000001,INR crore,142209390.0,INR lakh,2023-04-01,2024-03-31,fiscal_year,actual,GSDP_current_prices_2011_12_base,2024-03-31,2025-12-11,rbi_gsdp_current_prices_2024_25,https://rbidocs.rbi.org.in/rdocs/Publications/PDFs/21T_11122025D994949B48C44B68B4465FBB9ADDFF3D.PDF,"Table 21, state Andhra Pradesh, column 2023-24",official_measured,True,6e48293426935a2ef796c0163edbedeeb6dd165b21db8f018ac912502b3cc287,"Full RBI December2025 published vintage; values may revise earlier releases. Statistical estimates for completed reporting periods, not audited financial actuals; individual AE/RE/provisional status is not specified in this table. Missing cells omitted, never zero-filled. J&K throughFY2018-19 includes Ladakh; retained as a separate historical geography and not joined to present UT totals.",Andhra Pradesh,2024,gsdp_current_prices_inr_crore,1422093.9000000001,official_measured,official,,,,,,,,GSDP_current_prices_2011_12_base|All sectors,,,,,,,2025-12-11,,2023-24,reported,official_statistical_published,RBI Handbook of Statistics on Indian States 2024-25; Table 21; 11 December 2025,current_prices,2011-12
state_andhra_pradesh,Andhra Pradesh,state_aggregate,RBI / NSO,Andhra Pradesh,All sectors,gsdp_current_prices_inr_crore,1593061.98,INR crore,159306198.0,INR lakh,2024-04-01,2025-03-31,fiscal_year,actual,GSDP_current_prices_2011_12_base,2025-03-31,2025-12-11,rbi_gsdp_current_prices_2024_25,https://rbidocs.rbi.org.in/rdocs/Publications/PDFs/21T_11122025D994949B48C44B68B4465FBB9ADDFF3D.PDF,"Table 21, state Andhra Pradesh, column 2024-25",official_measured,True,6e48293426935a2ef796c0163edbedeeb6dd165b21db8f018ac912502b3cc287,"Full RBI December2025 published vintage; values may revise earlier releases. Statistical estimates for completed reporting periods, not audited financial actuals; individual AE/RE/provisional status is not specified in this table. Missing cells omitted, never zero-filled. J&K throughFY2018-19 includes Ladakh; retained as a separate historical geography and not joined to present UT totals.",Andhra Pradesh,2025,gsdp_current_prices_inr_crore,1593061.98,official_measured,official,,,,,,,,GSDP_current_prices_2011_12_base|All sectors,,,,,,,2025-12-11,,2024-25,reported,official_statistical_published,RBI Handbook of Statistics on Indian States 2024-25; Table 21; 11 December 2025,current_prices,2011-12
state_arunachal_pradesh,Arunachal Pradesh,state_aggregate,RBI / NSO,Arunachal Pradesh,All sectors,gsdp_current_prices_inr_crore,22474.75,INR crore,2247475.0,INR lakh,2017-04-01,2018-03-31,fiscal_year,actual,GSDP_current_prices_2011_12_base,2018-03-31,2025-12-11,rbi_gsdp_current_prices_2024_25,https://rbidocs.rbi.org.in/rdocs/Publications/PDFs/21T_11122025D994949B48C44B68B4465FBB9ADDFF3D.PDF,"Table 21, state Arunachal Pradesh, column 2017-18",official_measured,True,6e48293426935a2ef796c0163edbedeeb6dd165b21db8f018ac912502b3cc287,"Full RBI December2025 published vintage; values may revise earlier releases. Statistical estimates for completed reporting periods, not audited financial actuals; individual AE/RE/provisional status is not specified in this table. Missing cells omitted, never zero-filled. J&K throughFY2018-19 includes Ladakh; retained as a separate historical geography and not joined to present UT totals.",Arunachal Pradesh,2018,gsdp_current_prices_inr_crore,22474.75,official_measured,official,,,,,,,,GSDP_current_prices_2011_12_base|All sectors,,,,,,,2025-12-11,,2017-18,reported,official_statistical_published,RBI Handbook of Statistics on Indian States 2024-25; Table 21; 11 December 2025,current_prices,2011-12
state_arunachal_pradesh,Arunachal Pradesh,state_aggregate,RBI / NSO,Arunachal Pradesh,All sectors,gsdp_current_prices_inr_crore,25334.87,INR crore,2533487.0,INR lakh,2018-04-01,2019-03-31,fiscal_year,actual,GSDP_current_prices_2011_12_base,2019-03-31,2025-12-11,rbi_gsdp_current_prices_2024_25,https://rbidocs.rbi.org.in/rdocs/Publications/PDFs/21T_11122025D994949B48C44B68B4465FBB9ADDFF3D.PDF,"Table 21, state Arunachal Pradesh, column 2018-19",official_measured,True,6e48293426935a2ef796c0163edbedeeb6dd165b21db8f018ac912502b3cc287,"Full RBI December2025 published vintage; values may revise earlier releases. Statistical estimates for completed reporting periods, not audited financial actuals; individual AE/RE/provisional status is not specified in this table. Missing cells omitted, never zero-filled. J&K throughFY2018-19 includes Ladakh; retained as a separate historical geography and not joined to present UT totals.",Arunachal Pradesh,2019,gsdp_current_prices_inr_crore,25334.87,official_measured,official,,,,,,,,GSDP_current_prices_2011_12_base|All sectors,,,,,,,2025-12-11,,2018-19,reported,official_statistical_published,RBI Handbook of Statistics on Indian States 2024-25; Table 21; 11 December 2025,current_prices,2011-12
state_arunachal_pradesh,Arunachal Pradesh,state_aggregate,RBI / NSO,Arunachal Pradesh,All sectors,gsdp_current_prices_inr_crore,30023.65,INR crore,3002365.0,INR lakh,2019-04-01,2020-03-31,fiscal_year,actual,GSDP_current_prices_2011_12_base,2020-03-31,2025-12-11,rbi_gsdp_current_prices_2024_25,https://rbidocs.rbi.org.in/rdocs/Publications/PDFs/21T_11122025D994949B48C44B68B4465FBB9ADDFF3D.PDF,"Table 21, state Arunachal Pradesh, column 2019-20",official_measured,True,6e48293426935a2ef796c0163edbedeeb6dd165b21db8f018ac912502b3cc287,"Full RBI December2025 published vintage; values may revise earlier releases. Statistical estimates for completed reporting periods, not audited financial actuals; individual AE/RE/provisional status is not specified in this table. Missing cells omitted, never zero-filled. J&K throughFY2018-19 includes Ladakh; retained as a separate historical geography and not joined to present UT totals.",Arunachal Pradesh,2020,gsdp_current_prices_inr_crore,30023.65,official_measured,official,,,,,,,,GSDP_current_prices_2011_12_base|All sectors,,,,,,,2025-12-11,,2019-20,reported,official_statistical_published,RBI Handbook of Statistics on Indian States 2024-25; Table 21; 11 December 2025,current_prices,2011-12
state_arunachal_pradesh,Arunachal Pradesh,state_aggregate,RBI / NSO,Arunachal Pradesh,All sectors,gsdp_current_prices_inr_crore,30525.350000000002,INR crore,3052535.0,INR lakh,2020-04-01,2021-03-31,fiscal_year,actual,GSDP_current_prices_2011_12_base,2021-03-31,2025-12-11,rbi_gsdp_current_prices_2024_25,https://rbidocs.rbi.org.in/rdocs/Publications/PDFs/21T_11122025D994949B48C44B68B4465FBB9ADDFF3D.PDF,"Table 21, state Arunachal Pradesh, column 2020-21",official_measured,True,6e48293426935a2ef796c0163edbedeeb6dd165b21db8f018ac912502b3cc287,"Full RBI December2025 published vintage; values may revise earlier releases. Statistical estimates for completed reporting periods, not audited financial actuals; individual AE/RE/provisional status is not specified in this table. Missing cells omitted, never zero-filled. J&K throughFY2018-19 includes Ladakh; retained as a separate historical geography and not joined to present UT totals.",Arunachal Pradesh,2021,gsdp_current_prices_inr_crore,30525.350000000002,official_measured,official,,,,,,,,GSDP_current_prices_2011_12_base|All sectors,,,,,,,2025-12-11,,2020-21,reported,official_statistical_published,RBI Handbook of Statistics on Indian States 2024-25; Table 21; 11 December 2025,current_prices,2011-12
state_arunachal_pradesh,Arunachal Pradesh,state_aggregate,RBI / NSO,Arunachal Pradesh,All sectors,gsdp_current_prices_inr_crore,32705.260000000002,INR crore,3270526.0,INR lakh,2021-04-01,2022-03-31,fiscal_year,actual,GSDP_current_prices_2011_12_base,2022-03-31,2025-12-11,rbi_gsdp_current_prices_2024_25,https://rbidocs.rbi.org.in/rdocs/Publications/PDFs/21T_11122025D994949B48C44B68B4465FBB9ADDFF3D.PDF,"Table 21, state Arunachal Pradesh, column 2021-22",official_measured,True,6e48293426935a2ef796c0163edbedeeb6dd165b21db8f018ac912502b3cc287,"Full RBI December2025 published vintage; values may revise earlier releases. Statistical estimates for completed reporting periods, not audited financial actuals; individual AE/RE/provisional status is not specified in this table. Missing cells omitted, never zero-filled. J&K throughFY2018-19 includes Ladakh; retained as a separate historical geography and not joined to present UT totals.",Arunachal Pradesh,2022,gsdp_current_prices_inr_crore,32705.260000000002,official_measured,official,,,,,,,,GSDP_current_prices_2011_12_base|All sectors,,,,,,,2025-12-11,,2021-22,reported,official_statistical_published,RBI Handbook of Statistics on Indian States 2024-25; Table 21; 11 December 2025,current_prices,2011-12
state_arunachal_pradesh,Arunachal Pradesh,state_aggregate,RBI / NSO,Arunachal Pradesh,All sectors,gsdp_current_prices_inr_crore,35711.5,INR crore,3571150.0,INR lakh,2022-04-01,2023-03-31,fiscal_year,actual,GSDP_current_prices_2011_12_base,2023-03-31,2025-12-11,rbi_gsdp_current_prices_2024_25,https://rbidocs.rbi.org.in/rdocs/Publications/PDFs/21T_11122025D994949B48C44B68B4465FBB9ADDFF3D.PDF,"Table 21, state Arunachal Pradesh, column 2022-23",official_measured,True,6e48293426935a2ef796c0163edbedeeb6dd165b21db8f018ac912502b3cc287,"Full RBI December2025 published vintage; values may revise earlier releases. Statistical estimates for completed reporting periods, not audited financial actuals; individual AE/RE/provisional status is not specified in this table. Missing cells omitted, never zero-filled. J&K throughFY2018-19 includes Ladakh; retained as a separate historical geography and not joined to present UT totals.",Arunachal Pradesh,2023,gsdp_current_prices_inr_crore,35711.5,official_measured,official,,,,,,,,GSDP_current_prices_2011_12_base|All sectors,,,,,,,2025-12-11,,2022-23,reported,official_statistical_published,RBI Handbook of Statistics on Indian States 2024-25; Table 21; 11 December 2025,current_prices,2011-12
state_arunachal_pradesh,Arunachal Pradesh,state_aggregate,RBI / NSO,Arunachal Pradesh,All sectors,gsdp_current_prices_inr_crore,38565.32,INR crore,3856532.0,INR lakh,2023-04-01,2024-03-31,fiscal_year,actual,GSDP_current_prices_2011_12_base,2024-03-31,2025-12-11,rbi_gsdp_current_prices_2024_25,https://rbidocs.rbi.org.in/rdocs/Publications/PDFs/21T_11122025D994949B48C44B68B4465FBB9ADDFF3D.PDF,"Table 21, state Arunachal Pradesh, column 2023-24",official_measured,True,6e48293426935a2ef796c0163edbedeeb6dd165b21db8f018ac912502b3cc287,"Full RBI December2025 published vintage; values may revise earlier releases. Statistical estimates for completed reporting periods, not audited financial actuals; individual AE/RE/provisional status is not specified in this table. Missing cells omitted, never zero-filled. J&K throughFY2018-19 includes Ladakh; retained as a separate historical geography and not joined to present UT totals.",Arunachal Pradesh,2024,gsdp_current_prices_inr_crore,38565.32,official_measured,official,,,,,,,,GSDP_current_prices_2011_12_base|All sectors,,,,,,,2025-12-11,,2023-24,reported,official_statistical_published,RBI Handbook of Statistics on Indian States 2024-25; Table 21; 11 December 2025,current_prices,2011-12
state_arunachal_pradesh,Arunachal Pradesh,state_aggregate,RBI / NSO,Arunachal Pradesh,All sectors,gsdp_current_prices_inr_crore,44228.69,INR crore,4422869.0,INR lakh,2024-04-01,2025-03-31,fiscal_year,actual,GSDP_current_prices_2011_12_base,2025-03-31,2025-12-11,rbi_gsdp_current_prices_2024_25,https://rbidocs.rbi.org.in/rdocs/Publications/PDFs/21T_11122025D994949B48C44B68B4465FBB9ADDFF3D.PDF,"Table 21, state Arunachal Pradesh, column 2024-25",official_measured,True,6e48293426935a2ef796c0163edbedeeb6dd165b21db8f018ac912502b3cc287,"Full RBI December2025 published vintage; values may revise earlier releases. Statistical estimates for completed reporting periods, not audited financial actuals; individual AE/RE/provisional status is not specified in this table. Missing cells omitted, never zero-filled. J&K throughFY2018-19 includes Ladakh; retained as a separate historical geography and not joined to present UT totals.",Arunachal Pradesh,2025,gsdp_current_prices_inr_crore,44228.69,official_measured,official,,,,,,,,GSDP_current_prices_2011_12_base|All sectors,,,,,,,2025-12-11,,2024-25,reported,official_statistical_published,RBI Handbook of Statistics on Indian States 2024-25; Table 21; 11 December 2025,current_prices,2011-12
state_assam,Assam,state_aggregate,RBI / NSO,Assam,All sectors,gsdp_current_prices_inr_crore,283164.91000000003,INR crore,28316491.0,INR lakh,2017-04-01,2018-03-31,fiscal_year,actual,GSDP_current_prices_2011_12_base,2018-03-31,2025-12-11,rbi_gsdp_current_prices_2024_25,https://rbidocs.rbi.org.in/rdocs/Publications/PDFs/21T_11122025D994949B48C44B68B4465FBB9ADDFF3D.PDF,"Table 21, state Assam, column 2017-18",official_measured,True,6e48293426935a2ef796c0163edbedeeb6dd165b21db8f018ac912502b3cc287,"Full RBI December2025 published vintage; values may revise earlier releases. Statistical estimates for completed reporting periods, not audited financial actuals; individual AE/RE/provisional status is not specified in this table. Missing cells omitted, never zero-filled. J&K throughFY2018-19 includes Ladakh; retained as a separate historical geography and not joined to present UT totals.",Assam,2018,gsdp_current_prices_inr_crore,283164.91000000003,official_measured,official,,,,,,,,GSDP_current_prices_2011_12_base|All sectors,,,,,,,2025-12-11,,2017-18,reported,official_statistical_published,RBI Handbook of Statistics on Indian States 2024-25; Table 21; 11 December 2025,current_prices,2011-12
state_assam,Assam,state_aggregate,RBI / NSO,Assam,All sectors,gsdp_current_prices_inr_crore,309336.32,INR crore,30933632.0,INR lakh,2018-04-01,2019-03-31,fiscal_year,actual,GSDP_current_prices_2011_12_base,2019-03-31,2025-12-11,rbi_gsdp_current_prices_2024_25,https://rbidocs.rbi.org.in/rdocs/Publications/PDFs/21T_11122025D994949B48C44B68B4465FBB9ADDFF3D.PDF,"Table 21, state Assam, column 2018-19",official_measured,True,6e48293426935a2ef796c0163edbedeeb6dd165b21db8f018ac912502b3cc287,"Full RBI December2025 published vintage; values may revise earlier releases. Statistical estimates for completed reporting periods, not audited financial actuals; individual AE/RE/provisional status is not specified in this table. Missing cells omitted, never zero-filled. J&K throughFY2018-19 includes Ladakh; retained as a separate historical geography and not joined to present UT totals.",Assam,2019,gsdp_current_prices_inr_crore,309336.32,official_measured,official,,,,,,,,GSDP_current_prices_2011_12_base|All sectors,,,,,,,2025-12-11,,2018-19,reported,official_statistical_published,RBI Handbook of Statistics on Indian States 2024-25; Table 21; 11 December 2025,current_prices,2011-12
state_assam,Assam,state_aggregate,RBI / NSO,Assam,All sectors,gsdp_current_prices_inr_crore,346850.68,INR crore,34685068.0,INR lakh,2019-04-01,2020-03-31,fiscal_year,actual,GSDP_current_prices_2011_12_base,2020-03-31,2025-12-11,rbi_gsdp_current_prices_2024_25,https://rbidocs.rbi.org.in/rdocs/Publications/PDFs/21T_11122025D994949B48C44B68B4465FBB9ADDFF3D.PDF,"Table 21, state Assam, column 2019-20",official_measured,True,6e48293426935a2ef796c0163edbedeeb6dd165b21db8f018ac912502b3cc287,"Full RBI December2025 published vintage; values may revise earlier releases. Statistical estimates for completed reporting periods, not audited financial actuals; individual AE/RE/provisional status is not specified in this table. Missing cells omitted, never zero-filled. J&K throughFY2018-19 includes Ladakh; retained as a separate historical geography and not joined to present UT totals.",Assam,2020,gsdp_current_prices_inr_crore,346850.68,official_measured,official,,,,,,,,GSDP_current_prices_2011_12_base|All sectors,,,,,,,2025-12-11,,2019-20,reported,official_statistical_published,RBI Handbook of Statistics on Indian States 2024-25; Table 21; 11 December 2025,current_prices,2011-12
state_assam,Assam,state_aggregate,RBI / NSO,Assam,All sectors,gsdp_current_prices_inr_crore,339802.98,INR crore,33980298.0,INR lakh,2020-04-01,2021-03-31,fiscal_year,actual,GSDP_current_prices_2011_12_base,2021-03-31,2025-12-11,rbi_gsdp_current_prices_2024_25,https://rbidocs.rbi.org.in/rdocs/Publications/PDFs/21T_11122025D994949B48C44B68B4465FBB9ADDFF3D.PDF,"Table 21, state Assam, column 2020-21",official_measured,True,6e48293426935a2ef796c0163edbedeeb6dd165b21db8f018ac912502b3cc287,"Full RBI December2025 published vintage; values may revise earlier releases. Statistical estimates for completed reporting periods, not audited financial actuals; individual AE/RE/provisional status is not specified in this table. Missing cells omitted, never zero-filled. J&K throughFY2018-19 includes Ladakh; retained as a separate historical geography and not joined to present UT totals.",Assam,2021,gsdp_current_prices_inr_crore,339802.98,official_measured,official,,,,,,,,GSDP_current_prices_2011_12_base|All sectors,,,,,,,2025-12-11,,2020-21,reported,official_statistical_published,RBI Handbook of Statistics on Indian States 2024-25; Table 21; 11 December 2025,current_prices,2011-12
state_assam,Assam,state_aggregate,RBI / NSO,Assam,All sectors,gsdp_current_prices_inr_crore,410723.56,INR crore,41072356.0,INR lakh,2021-04-01,2022-03-31,fiscal_year,actual,GSDP_current_prices_2011_12_base,2022-03-31,2025-12-11,rbi_gsdp_current_prices_2024_25,https://rbidocs.rbi.org.in/rdocs/Publications/PDFs/21T_11122025D994949B48C44B68B4465FBB9ADDFF3D.PDF,"Table 21, state Assam, column 2021-22",official_measured,True,6e48293426935a2ef796c0163edbedeeb6dd165b21db8f018ac912502b3cc287,"Full RBI December2025 published vintage; values may revise earlier releases. Statistical estimates for completed reporting periods, not audited financial actuals; individual AE/RE/provisional status is not specified in this table. Missing cells omitted, never zero-filled. J&K throughFY2018-19 includes Ladakh; retained as a separate historical geography and not joined to present UT totals.",Assam,2022,gsdp_current_prices_inr_crore,410723.56,official_measured,official,,,,,,,,GSDP_current_prices_2011_12_base|All sectors,,,,,,,2025-12-11,,2021-22,reported,official_statistical_published,RBI Handbook of Statistics on Indian States 2024-25; Table 21; 11 December 2025,current_prices,2011-12
state_assam,Assam,state_aggregate,RBI / NSO,Assam,All sectors,gsdp_current_prices_inr_crore,484984.93,INR crore,48498493.0,INR lakh,2022-04-01,2023-03-31,fiscal_year,actual,GSDP_current_prices_2011_12_base,2023-03-31,2025-12-11,rbi_gsdp_current_prices_2024_25,https://rbidocs.rbi.org.in/rdocs/Publications/PDFs/21T_11122025D994949B48C44B68B4465FBB9ADDFF3D.PDF,"Table 21, state Assam, column 2022-23",official_measured,True,6e48293426935a2ef796c0163edbedeeb6dd165b21db8f018ac912502b3cc287,"Full RBI December2025 published vintage; values may revise earlier releases. Statistical estimates for completed reporting periods, not audited financial actuals; individual AE/RE/provisional status is not specified in this table. Missing cells omitted, never zero-filled. J&K throughFY2018-19 includes Ladakh; retained as a separate historical geography and not joined to present UT totals.",Assam,2023,gsdp_current_prices_inr_crore,484984.93,official_measured,official,,,,,,,,GSDP_current_prices_2011_12_base|All sectors,,,,,,,2025-12-11,,2022-23,reported,official_statistical_published,RBI Handbook of Statistics on Indian States 2024-25; Table 21; 11 December 2025,current_prices,2011-12
state_assam,Assam,state_aggregate,RBI / NSO,Assam,All sectors,gsdp_current_prices_inr_crore,569287.29,INR crore,56928729.0,INR lakh,2023-04-01,2024-03-31,fiscal_year,actual,GSDP_current_prices_2011_12_base,2024-03-31,2025-12-11,rbi_gsdp_current_prices_2024_25,https://rbidocs.rbi.org.in/rdocs/Publications/PDFs/21T_11122025D994949B48C44B68B4465FBB9ADDFF3D.PDF,"Table 21, state Assam, column 2023-24",official_measured,True,6e48293426935a2ef796c0163edbedeeb6dd165b21db8f018ac912502b3cc287,"Full RBI December2025 published vintage; values may revise earlier releases. Statistical estimates for completed reporting periods, not audited financial actuals; individual AE/RE/provisional status is not specified in this table. Missing cells omitted, never zero-filled. J&K throughFY2018-19 includes Ladakh; retained as a separate historical geography and not joined to present UT totals.",Assam,2024,gsdp_current_prices_inr_crore,569287.29,official_measured,official,,,,,,,,GSDP_current_prices_2011_12_base|All sectors,,,,,,,2025-12-11,,2023-24,reported,official_statistical_published,RBI Handbook of Statistics on Indian States 2024-25; Table 21; 11 December 2025,current_prices,2011-12
state_assam,Assam,state_aggregate,RBI / NSO,Assam,All sectors,gsdp_current_prices_inr_crore,643666.6900000001,INR crore,64366669.0,INR lakh,2024-04-01,2025-03-31,fiscal_year,actual,GSDP_current_prices_2011_12_base,2025-03-31,2025-12-11,rbi_gsdp_current_prices_2024_25,https://rbidocs.rbi.org.in/rdocs/Publications/PDFs/21T_11122025D994949B48C44B68B4465FBB9ADDFF3D.PDF,"Table 21, state Assam, column 2024-25",official_measured,True,6e48293426935a2ef796c0163edbedeeb6dd165b21db8f018ac912502b3cc287,"Full RBI December2025 published vintage; values may revise earlier releases. Statistical estimates for completed reporting periods, not audited financial actuals; individual AE/RE/provisional status is not specified in this table. Missing cells omitted, never zero-filled. J&K throughFY2018-19 includes Ladakh; retained as a separate historical geography and not joined to present UT totals.",Assam,2025,gsdp_current_prices_inr_crore,643666.6900000001,official_measured,official,,,,,,,,GSDP_current_prices_2011_12_base|All sectors,,,,,,,2025-12-11,,2024-25,reported,official_statistical_published,RBI Handbook of Statistics on Indian States 2024-25; Table 21; 11 December 2025,current_prices,2011-12
state_bihar,Bihar,state_aggregate,RBI / NSO,Bihar,All sectors,gsdp_current_prices_inr_crore,468746.31,INR crore,46874631.0,INR lakh,2017-04-01,2018-03-31,fiscal_year,actual,GSDP_current_prices_2011_12_base,2018-03-31,2025-12-11,rbi_gsdp_current_prices_2024_25,https://rbidocs.rbi.org.in/rdocs/Publications/PDFs/21T_11122025D994949B48C44B68B4465FBB9ADDFF3D.PDF,"Table 21, state Bihar, column 2017-18",official_measured,True,6e48293426935a2ef796c0163edbedeeb6dd165b21db8f018ac912502b3cc287,"Full RBI December2025 published vintage; values may revise earlier releases. Statistical estimates for completed reporting periods, not audited financial actuals; individual AE/RE/provisional status is not specified in this table. Missing cells omitted, never zero-filled. J&K throughFY2018-19 includes Ladakh; retained as a separate historical geography and not joined to present UT totals.",Bihar,2018,gsdp_current_prices_inr_crore,468746.31,official_measured,official,,,,,,,,GSDP_current_prices_2011_12_base|All sectors,,,,,,,2025-12-11,,2017-18,reported,official_statistical_published,RBI Handbook of Statistics on Indian States 2024-25; Table 21; 11 December 2025,current_prices,2011-12
state_bihar,Bihar,state_aggregate,RBI / NSO,Bihar,All sectors,gsdp_current_prices_inr_crore,527975.8200000001,INR crore,52797582.0,INR lakh,2018-04-01,2019-03-31,fiscal_year,actual,GSDP_current_prices_2011_12_base,2019-03-31,2025-12-11,rbi_gsdp_current_prices_2024_25,https://rbidocs.rbi.org.in/rdocs/Publications/PDFs/21T_11122025D994949B48C44B68B4465FBB9ADDFF3D.PDF,"Table 21, state Bihar, column 2018-19",official_measured,True,6e48293426935a2ef796c0163edbedeeb6dd165b21db8f018ac912502b3cc287,"Full RBI December2025 published vintage; values may revise earlier releases. Statistical estimates for completed reporting periods, not audited financial actuals; individual AE/RE/provisional status is not specified in this table. Missing cells omitted, never zero-filled. J&K throughFY2018-19 includes Ladakh; retained as a separate historical geography and not joined to present UT totals.",Bihar,2019,gsdp_current_prices_inr_crore,527975.8200000001,official_measured,official,,,,,,,,GSDP_current_prices_2011_12_base|All sectors,,,,,,,2025-12-11,,2018-19,reported,official_statistical_published,RBI Handbook of Statistics on Indian States 2024-25; Table 21; 11 December 2025,current_prices,2011-12
state_bihar,Bihar,state_aggregate,RBI / NSO,Bihar,All sectors,gsdp_current_prices_inr_crore,581855.48,INR crore,58185548.0,INR lakh,2019-04-01,2020-03-31,fiscal_year,actual,GSDP_current_prices_2011_12_base,2020-03-31,2025-12-11,rbi_gsdp_current_prices_2024_25,https://rbidocs.rbi.org.in/rdocs/Publications/PDFs/21T_11122025D994949B48C44B68B4465FBB9ADDFF3D.PDF,"Table 21, state Bihar, column 2019-20",official_measured,True,6e48293426935a2ef796c0163edbedeeb6dd165b21db8f018ac912502b3cc287,"Full RBI December2025 published vintage; values may revise earlier releases. Statistical estimates for completed reporting periods, not audited financial actuals; individual AE/RE/provisional status is not specified in this table. Missing cells omitted, never zero-filled. J&K throughFY2018-19 includes Ladakh; retained as a separate historical geography and not joined to present UT totals.",Bihar,2020,gsdp_current_prices_inr_crore,581855.48,official_measured,official,,,,,,,,GSDP_current_prices_2011_12_base|All sectors,,,,,,,2025-12-11,,2019-20,reported,official_statistical_published,RBI Handbook of Statistics on Indian States 2024-25; Table 21; 11 December 2025,current_prices,2011-12
state_bihar,Bihar,state_aggregate,RBI / NSO,Bihar,All sectors,gsdp_current_prices_inr_crore,567814.02,INR crore,56781402.0,INR lakh,2020-04-01,2021-03-31,fiscal_year,actual,GSDP_current_prices_2011_12_base,2021-03-31,2025-12-11,rbi_gsdp_current_prices_2024_25,https://rbidocs.rbi.org.in/rdocs/Publications/PDFs/21T_11122025D994949B48C44B68B4465FBB9ADDFF3D.PDF,"Table 21, state Bihar, column 2020-21",official_measured,True,6e48293426935a2ef796c0163edbedeeb6dd165b21db8f018ac912502b3cc287,"Full RBI December2025 published vintage; values may revise earlier releases. Statistical estimates for completed reporting periods, not audited financial actuals; individual AE/RE/provisional status is not specified in this table. Missing cells omitted, never zero-filled. J&K throughFY2018-19 includes Ladakh; retained as a separate historical geography and not joined to present UT totals.",Bihar,2021,gsdp_current_prices_inr_crore,567814.02,official_measured,official,,,,,,,,GSDP_current_prices_2011_12_base|All sectors,,,,,,,2025-12-11,,2020-21,reported,official_statistical_published,RBI Handbook of Statistics on Indian States 2024-25; Table 21; 11 December 2025,current_prices,2011-12
state_bihar,Bihar,state_aggregate,RBI / NSO,Bihar,All sectors,gsdp_current_prices_inr_crore,647394.35,INR crore,64739435.0,INR lakh,2021-04-01,2022-03-31,fiscal_year,actual,GSDP_current_prices_2011_12_base,2022-03-31,2025-12-11,rbi_gsdp_current_prices_2024_25,https://rbidocs.rbi.org.in/rdocs/Publications/PDFs/21T_11122025D994949B48C44B68B4465FBB9ADDFF3D.PDF,"Table 21, state Bihar, column 2021-22",official_measured,True,6e48293426935a2ef796c0163edbedeeb6dd165b21db8f018ac912502b3cc287,"Full RBI December2025 published vintage; values may revise earlier releases. Statistical estimates for completed reporting periods, not audited financial actuals; individual AE/RE/provisional status is not specified in this table. Missing cells omitted, never zero-filled. J&K throughFY2018-19 includes Ladakh; retained as a separate historical geography and not joined to present UT totals.",Bihar,2022,gsdp_current_prices_inr_crore,647394.35,official_measured,official,,,,,,,,GSDP_current_prices_2011_12_base|All sectors,,,,,,,2025-12-11,,2021-22,reported,official_statistical_published,RBI Handbook of Statistics on Indian States 2024-25; Table 21; 11 December 2025,current_prices,2011-12
state_bihar,Bihar,state_aggregate,RBI / NSO,Bihar,All sectors,gsdp_current_prices_inr_crore,763164.72,INR crore,76316472.0,INR lakh,2022-04-01,2023-03-31,fiscal_year,actual,GSDP_current_prices_2011_12_base,2023-03-31,2025-12-11,rbi_gsdp_current_prices_2024_25,https://rbidocs.rbi.org.in/rdocs/Publications/PDFs/21T_11122025D994949B48C44B68B4465FBB9ADDFF3D.PDF,"Table 21, state Bihar, column 2022-23",official_measured,True,6e48293426935a2ef796c0163edbedeeb6dd165b21db8f018ac912502b3cc287,"Full RBI December2025 published vintage; values may revise earlier releases. Statistical estimates for completed reporting periods, not audited financial actuals; individual AE/RE/provisional status is not specified in this table. Missing cells omitted, never zero-filled. J&K throughFY2018-19 includes Ladakh; retained as a separate historical geography and not joined to present UT totals.",Bihar,2023,gsdp_current_prices_inr_crore,763164.72,official_measured,official,,,,,,,,GSDP_current_prices_2011_12_base|All sectors,,,,,,,2025-12-11,,2022-23,reported,official_statistical_published,RBI Handbook of Statistics on Indian States 2024-25; Table 21; 11 December 2025,current_prices,2011-12
state_bihar,Bihar,state_aggregate,RBI / NSO,Bihar,All sectors,gsdp_current_prices_inr_crore,877196.56,INR crore,87719656.0,INR lakh,2023-04-01,2024-03-31,fiscal_year,actual,GSDP_current_prices_2011_12_base,2024-03-31,2025-12-11,rbi_gsdp_current_prices_2024_25,https://rbidocs.rbi.org.in/rdocs/Publications/PDFs/21T_11122025D994949B48C44B68B4465FBB9ADDFF3D.PDF,"Table 21, state Bihar, column 2023-24",official_measured,True,6e48293426935a2ef796c0163edbedeeb6dd165b21db8f018ac912502b3cc287,"Full RBI December2025 published vintage; values may revise earlier releases. Statistical estimates for completed reporting periods, not audited financial actuals; individual AE/RE/provisional status is not specified in this table. Missing cells omitted, never zero-filled. J&K throughFY2018-19 includes Ladakh; retained as a separate historical geography and not joined to present UT totals.",Bihar,2024,gsdp_current_prices_inr_crore,877196.56,official_measured,official,,,,,,,,GSDP_current_prices_2011_12_base|All sectors,,,,,,,2025-12-11,,2023-24,reported,official_statistical_published,RBI Handbook of Statistics on Indian States 2024-25; Table 21; 11 December 2025,current_prices,2011-12
state_bihar,Bihar,state_aggregate,RBI / NSO,Bihar,All sectors,gsdp_current_prices_inr_crore,991997.21,INR crore,99199721.0,INR lakh,2024-04-01,2025-03-31,fiscal_year,actual,GSDP_current_prices_2011_12_base,2025-03-31,2025-12-11,rbi_gsdp_current_prices_2024_25,https://rbidocs.rbi.org.in/rdocs/Publications/PDFs/21T_11122025D994949B48C44B68B4465FBB9ADDFF3D.PDF,"Table 21, state Bihar, column 2024-25",official_measured,True,6e48293426935a2ef796c0163edbedeeb6dd165b21db8f018ac912502b3cc287,"Full RBI December2025 published vintage; values may revise earlier releases. Statistical estimates for completed reporting periods, not audited financial actuals; individual AE/RE/provisional status is not specified in this table. Missing cells omitted, never zero-filled. J&K throughFY2018-19 includes Ladakh; retained as a separate historical geography and not joined to present UT totals.",Bihar,2025,gsdp_current_prices_inr_crore,991997.21,official_measured,official,,,,,,,,GSDP_current_prices_2011_12_base|All sectors,,,,,,,2025-12-11,,2024-25,reported,official_statistical_published,RBI Handbook of Statistics on Indian States 2024-25; Table 21; 11 December 2025,current_prices,2011-12
state_chandigarh,Chandigarh,state_aggregate,RBI / NSO,Chandigarh,All sectors,gsdp_current_prices_inr_crore,36344.35,INR crore,3634435.0,INR lakh,2017-04-01,2018-03-31,fiscal_year,actual,GSDP_current_prices_2011_12_base,2018-03-31,2025-12-11,rbi_gsdp_current_prices_2024_25,https://rbidocs.rbi.org.in/rdocs/Publications/PDFs/21T_11122025D994949B48C44B68B4465FBB9ADDFF3D.PDF,"Table 21, state Chandigarh, column 2017-18",official_measured,True,6e48293426935a2ef796c0163edbedeeb6dd165b21db8f018ac912502b3cc287,"Full RBI December2025 published vintage; values may revise earlier releases. Statistical estimates for completed reporting periods, not audited financial actuals; individual AE/RE/provisional status is not specified in this table. Missing cells omitted, never zero-filled. J&K throughFY2018-19 includes Ladakh; retained as a separate historical geography and not joined to present UT totals.",Chandigarh,2018,gsdp_current_prices_inr_crore,36344.35,official_measured,official,,,,,,,,GSDP_current_prices_2011_12_base|All sectors,,,,,,,2025-12-11,,2017-18,reported,official_statistical_published,RBI Handbook of Statistics on Indian States 2024-25; Table 21; 11 December 2025,current_prices,2011-12
state_chandigarh,Chandigarh,state_aggregate,RBI / NSO,Chandigarh,All sectors,gsdp_current_prices_inr_crore,40138.87,INR crore,4013887.0,INR lakh,2018-04-01,2019-03-31,fiscal_year,actual,GSDP_current_prices_2011_12_base,2019-03-31,2025-12-11,rbi_gsdp_current_prices_2024_25,https://rbidocs.rbi.org.in/rdocs/Publications/PDFs/21T_11122025D994949B48C44B68B4465FBB9ADDFF3D.PDF,"Table 21, state Chandigarh, column 2018-19",official_measured,True,6e48293426935a2ef796c0163edbedeeb6dd165b21db8f018ac912502b3cc287,"Full RBI December2025 published vintage; values may revise earlier releases. Statistical estimates for completed reporting periods, not audited financial actuals; individual AE/RE/provisional status is not specified in this table. Missing cells omitted, never zero-filled. J&K throughFY2018-19 includes Ladakh; retained as a separate historical geography and not joined to present UT totals.",Chandigarh,2019,gsdp_current_prices_inr_crore,40138.87,official_measured,official,,,,,,,,GSDP_current_prices_2011_12_base|All sectors,,,,,,,2025-12-11,,2018-19,reported,official_statistical_published,RBI Handbook of Statistics on Indian States 2024-25; Table 21; 11 December 2025,current_prices,2011-12
state_chandigarh,Chandigarh,state_aggregate,RBI / NSO,Chandigarh,All sectors,gsdp_current_prices_inr_crore,43421.43,INR crore,4342143.0,INR lakh,2019-04-01,2020-03-31,fiscal_year,actual,GSDP_current_prices_2011_12_base,2020-03-31,2025-12-11,rbi_gsdp_current_prices_2024_25,https://rbidocs.rbi.org.in/rdocs/Publications/PDFs/21T_11122025D994949B48C44B68B4465FBB9ADDFF3D.PDF,"Table 21, state Chandigarh, column 2019-20",official_measured,True,6e48293426935a2ef796c0163edbedeeb6dd165b21db8f018ac912502b3cc287,"Full RBI December2025 published vintage; values may revise earlier releases. Statistical estimates for completed reporting periods, not audited financial actuals; individual AE/RE/provisional status is not specified in this table. Missing cells omitted, never zero-filled. J&K throughFY2018-19 includes Ladakh; retained as a separate historical geography and not joined to present UT totals.",Chandigarh,2020,gsdp_current_prices_inr_crore,43421.43,official_measured,official,,,,,,,,GSDP_current_prices_2011_12_base|All sectors,,,,,,,2025-12-11,,2019-20,reported,official_statistical_published,RBI Handbook of Statistics on Indian States 2024-25; Table 21; 11 December 2025,current_prices,2011-12
state_chandigarh,Chandigarh,state_aggregate,RBI / NSO,Chandigarh,All sectors,gsdp_current_prices_inr_crore,39411.49,INR crore,3941149.0,INR lakh,2020-04-01,2021-03-31,fiscal_year,actual,GSDP_current_prices_2011_12_base,2021-03-31,2025-12-11,rbi_gsdp_current_prices_2024_25,https://rbidocs.rbi.org.in/rdocs/Publications/PDFs/21T_11122025D994949B48C44B68B4465FBB9ADDFF3D.PDF,"Table 21, state Chandigarh, column 2020-21",official_measured,True,6e48293426935a2ef796c0163edbedeeb6dd165b21db8f018ac912502b3cc287,"Full RBI December2025 published vintage; values may revise earlier releases. Statistical estimates for completed reporting periods, not audited financial actuals; individual AE/RE/provisional status is not specified in this table. Missing cells omitted, never zero-filled. J&K throughFY2018-19 includes Ladakh; retained as a separate historical geography and not joined to present UT totals.",Chandigarh,2021,gsdp_current_prices_inr_crore,39411.49,official_measured,official,,,,,,,,GSDP_current_prices_2011_12_base|All sectors,,,,,,,2025-12-11,,2020-21,reported,official_statistical_published,RBI Handbook of Statistics on Indian States 2024-25; Table 21; 11 December 2025,current_prices,2011-12
state_chandigarh,Chandigarh,state_aggregate,RBI / NSO,Chandigarh,All sectors,gsdp_current_prices_inr_crore,46050.0,INR crore,4605000.0,INR lakh,2021-04-01,2022-03-31,fiscal_year,actual,GSDP_current_prices_2011_12_base,2022-03-31,2025-12-11,rbi_gsdp_current_prices_2024_25,https://rbidocs.rbi.org.in/rdocs/Publications/PDFs/21T_11122025D994949B48C44B68B4465FBB9ADDFF3D.PDF,"Table 21, state Chandigarh, column 2021-22",official_measured,True,6e48293426935a2ef796c0163edbedeeb6dd165b21db8f018ac912502b3cc287,"Full RBI December2025 published vintage; values may revise earlier releases. Statistical estimates for completed reporting periods, not audited financial actuals; individual AE/RE/provisional status is not specified in this table. Missing cells omitted, never zero-filled. J&K throughFY2018-19 includes Ladakh; retained as a separate historical geography and not joined to present UT totals.",Chandigarh,2022,gsdp_current_prices_inr_crore,46050.0,official_measured,official,,,,,,,,GSDP_current_prices_2011_12_base|All sectors,,,,,,,2025-12-11,,2021-22,reported,official_statistical_published,RBI Handbook of Statistics on Indian States 2024-25; Table 21; 11 December 2025,current_prices,2011-12
state_chandigarh,Chandigarh,state_aggregate,RBI / NSO,Chandigarh,All sectors,gsdp_current_prices_inr_crore,55962.74,INR crore,5596274.0,INR lakh,2022-04-01,2023-03-31,fiscal_year,actual,GSDP_current_prices_2011_12_base,2023-03-31,2025-12-11,rbi_gsdp_current_prices_2024_25,https://rbidocs.rbi.org.in/rdocs/Publications/PDFs/21T_11122025D994949B48C44B68B4465FBB9ADDFF3D.PDF,"Table 21, state Chandigarh, column 2022-23",official_measured,True,6e48293426935a2ef796c0163edbedeeb6dd165b21db8f018ac912502b3cc287,"Full RBI December2025 published vintage; values may revise earlier releases. Statistical estimates for completed reporting periods, not audited financial actuals; individual AE/RE/provisional status is not specified in this table. Missing cells omitted, never zero-filled. J&K throughFY2018-19 includes Ladakh; retained as a separate historical geography and not joined to present UT totals.",Chandigarh,2023,gsdp_current_prices_inr_crore,55962.74,official_measured,official,,,,,,,,GSDP_current_prices_2011_12_base|All sectors,,,,,,,2025-12-11,,2022-23,reported,official_statistical_published,RBI Handbook of Statistics on Indian States 2024-25; Table 21; 11 December 2025,current_prices,2011-12
state_chandigarh,Chandigarh,state_aggregate,RBI / NSO,Chandigarh,All sectors,gsdp_current_prices_inr_crore,62535.64,INR crore,6253564.0,INR lakh,2023-04-01,2024-03-31,fiscal_year,actual,GSDP_current_prices_2011_12_base,2024-03-31,2025-12-11,rbi_gsdp_current_prices_2024_25,https://rbidocs.rbi.org.in/rdocs/Publications/PDFs/21T_11122025D994949B48C44B68B4465FBB9ADDFF3D.PDF,"Table 21, state Chandigarh, column 2023-24",official_measured,True,6e48293426935a2ef796c0163edbedeeb6dd165b21db8f018ac912502b3cc287,"Full RBI December2025 published vintage; values may revise earlier releases. Statistical estimates for completed reporting periods, not audited financial actuals; individual AE/RE/provisional status is not specified in this table. Missing cells omitted, never zero-filled. J&K throughFY2018-19 includes Ladakh; retained as a separate historical geography and not joined to present UT totals.",Chandigarh,2024,gsdp_current_prices_inr_crore,62535.64,official_measured,official,,,,,,,,GSDP_current_prices_2011_12_base|All sectors,,,,,,,2025-12-11,,2023-24,reported,official_statistical_published,RBI Handbook of Statistics on Indian States 2024-25; Table 21; 11 December 2025,current_prices,2011-12
state_chhattisgarh,Chhattisgarh,state_aggregate,RBI / NSO,Chhattisgarh,All sectors,gsdp_current_prices_inr_crore,282737.44,INR crore,28273744.0,INR lakh,2017-04-01,2018-03-31,fiscal_year,actual,GSDP_current_prices_2011_12_base,2018-03-31,2025-12-11,rbi_gsdp_current_prices_2024_25,https://rbidocs.rbi.org.in/rdocs/Publications/PDFs/21T_11122025D994949B48C44B68B4465FBB9ADDFF3D.PDF,"Table 21, state Chhattisgarh, column 2017-18",official_measured,True,6e48293426935a2ef796c0163edbedeeb6dd165b21db8f018ac912502b3cc287,"Full RBI December2025 published vintage; values may revise earlier releases. Statistical estimates for completed reporting periods, not audited financial actuals; individual AE/RE/provisional status is not specified in this table. Missing cells omitted, never zero-filled. J&K throughFY2018-19 includes Ladakh; retained as a separate historical geography and not joined to present UT totals.",Chhattisgarh,2018,gsdp_current_prices_inr_crore,282737.44,official_measured,official,,,,,,,,GSDP_current_prices_2011_12_base|All sectors,,,,,,,2025-12-11,,2017-18,reported,official_statistical_published,RBI Handbook of Statistics on Indian States 2024-25; Table 21; 11 December 2025,current_prices,2011-12
state_chhattisgarh,Chhattisgarh,state_aggregate,RBI / NSO,Chhattisgarh,All sectors,gsdp_current_prices_inr_crore,327106.66000000003,INR crore,32710666.0,INR lakh,2018-04-01,2019-03-31,fiscal_year,actual,GSDP_current_prices_2011_12_base,2019-03-31,2025-12-11,rbi_gsdp_current_prices_2024_25,https://rbidocs.rbi.org.in/rdocs/Publications/PDFs/21T_11122025D994949B48C44B68B4465FBB9ADDFF3D.PDF,"Table 21, state Chhattisgarh, column 2018-19",official_measured,True,6e48293426935a2ef796c0163edbedeeb6dd165b21db8f018ac912502b3cc287,"Full RBI December2025 published vintage; values may revise earlier releases. Statistical estimates for completed reporting periods, not audited financial actuals; individual AE/RE/provisional status is not specified in this table. Missing cells omitted, never zero-filled. J&K throughFY2018-19 includes Ladakh; retained as a separate historical geography and not joined to present UT totals.",Chhattisgarh,2019,gsdp_current_prices_inr_crore,327106.66000000003,official_measured,official,,,,,,,,GSDP_current_prices_2011_12_base|All sectors,,,,,,,2025-12-11,,2018-19,reported,official_statistical_published,RBI Handbook of Statistics on Indian States 2024-25; Table 21; 11 December 2025,current_prices,2011-12
state_chhattisgarh,Chhattisgarh,state_aggregate,RBI / NSO,Chhattisgarh,All sectors,gsdp_current_prices_inr_crore,344672.04,INR crore,34467204.0,INR lakh,2019-04-01,2020-03-31,fiscal_year,actual,GSDP_current_prices_2011_12_base,2020-03-31,2025-12-11,rbi_gsdp_current_prices_2024_25,https://rbidocs.rbi.org.in/rdocs/Publications/PDFs/21T_11122025D994949B48C44B68B4465FBB9ADDFF3D.PDF,"Table 21, state Chhattisgarh, column 2019-20",official_measured,True,6e48293426935a2ef796c0163edbedeeb6dd165b21db8f018ac912502b3cc287,"Full RBI December2025 published vintage; values may revise earlier releases. Statistical estimates for completed reporting periods, not audited financial actuals; individual AE/RE/provisional status is not specified in this table. Missing cells omitted, never zero-filled. J&K throughFY2018-19 includes Ladakh; retained as a separate historical geography and not joined to present UT totals.",Chhattisgarh,2020,gsdp_current_prices_inr_crore,344672.04,official_measured,official,,,,,,,,GSDP_current_prices_2011_12_base|All sectors,,,,,,,2025-12-11,,2019-20,reported,official_statistical_published,RBI Handbook of Statistics on Indian States 2024-25; Table 21; 11 December 2025,current_prices,2011-12
state_chhattisgarh,Chhattisgarh,state_aggregate,RBI / NSO,Chhattisgarh,All sectors,gsdp_current_prices_inr_crore,352327.51,INR crore,35232751.0,INR lakh,2020-04-01,2021-03-31,fiscal_year,actual,GSDP_current_prices_2011_12_base,2021-03-31,2025-12-11,rbi_gsdp_current_prices_2024_25,https://rbidocs.rbi.org.in/rdocs/Publications/PDFs/21T_11122025D994949B48C44B68B4465FBB9ADDFF3D.PDF,"Table 21, state Chhattisgarh, column 2020-21",official_measured,True,6e48293426935a2ef796c0163edbedeeb6dd165b21db8f018ac912502b3cc287,"Full RBI December2025 published vintage; values may revise earlier releases. Statistical estimates for completed reporting periods, not audited financial actuals; individual AE/RE/provisional status is not specified in this table. Missing cells omitted, never zero-filled. J&K throughFY2018-19 includes Ladakh; retained as a separate historical geography and not joined to present UT totals.",Chhattisgarh,2021,gsdp_current_prices_inr_crore,352327.51,official_measured,official,,,,,,,,GSDP_current_prices_2011_12_base|All sectors,,,,,,,2025-12-11,,2020-21,reported,official_statistical_published,RBI Handbook of Statistics on Indian States 2024-25; Table 21; 11 December 2025,current_prices,2011-12
state_chhattisgarh,Chhattisgarh,state_aggregate,RBI / NSO,Chhattisgarh,All sectors,gsdp_current_prices_inr_crore,411613.35000000003,INR crore,41161335.0,INR lakh,2021-04-01,2022-03-31,fiscal_year,actual,GSDP_current_prices_2011_12_base,2022-03-31,2025-12-11,rbi_gsdp_current_prices_2024_25,https://rbidocs.rbi.org.in/rdocs/Publications/PDFs/21T_11122025D994949B48C44B68B4465FBB9ADDFF3D.PDF,"Table 21, state Chhattisgarh, column 2021-22",official_measured,True,6e48293426935a2ef796c0163edbedeeb6dd165b21db8f018ac912502b3cc287,"Full RBI December2025 published vintage; values may revise earlier releases. Statistical estimates for completed reporting periods, not audited financial actuals; individual AE/RE/provisional status is not specified in this table. Missing cells omitted, never zero-filled. J&K throughFY2018-19 includes Ladakh; retained as a separate historical geography and not joined to present UT totals.",Chhattisgarh,2022,gsdp_current_prices_inr_crore,411613.35000000003,official_measured,official,,,,,,,,GSDP_current_prices_2011_12_base|All sectors,,,,,,,2025-12-11,,2021-22,reported,official_statistical_published,RBI Handbook of Statistics on Indian States 2024-25; Table 21; 11 December 2025,current_prices,2011-12
state_chhattisgarh,Chhattisgarh,state_aggregate,RBI / NSO,Chhattisgarh,All sectors,gsdp_current_prices_inr_crore,458891.32,INR crore,45889132.0,INR lakh,2022-04-01,2023-03-31,fiscal_year,actual,GSDP_current_prices_2011_12_base,2023-03-31,2025-12-11,rbi_gsdp_current_prices_2024_25,https://rbidocs.rbi.org.in/rdocs/Publications/PDFs/21T_11122025D994949B48C44B68B4465FBB9ADDFF3D.PDF,"Table 21, state Chhattisgarh, column 2022-23",official_measured,True,6e48293426935a2ef796c0163edbedeeb6dd165b21db8f018ac912502b3cc287,"Full RBI December2025 published vintage; values may revise earlier releases. Statistical estimates for completed reporting periods, not audited financial actuals; individual AE/RE/provisional status is not specified in this table. Missing cells omitted, never zero-filled. J&K throughFY2018-19 includes Ladakh; retained as a separate historical geography and not joined to present UT totals.",Chhattisgarh,2023,gsdp_current_prices_inr_crore,458891.32,official_measured,official,,,,,,,,GSDP_current_prices_2011_12_base|All sectors,,,,,,,2025-12-11,,2022-23,reported,official_statistical_published,RBI Handbook of Statistics on Indian States 2024-25; Table 21; 11 December 2025,current_prices,2011-12
state_chhattisgarh,Chhattisgarh,state_aggregate,RBI / NSO,Chhattisgarh,All sectors,gsdp_current_prices_inr_crore,512107.49,INR crore,51210749.0,INR lakh,2023-04-01,2024-03-31,fiscal_year,actual,GSDP_current_prices_2011_12_base,2024-03-31,2025-12-11,rbi_gsdp_current_prices_2024_25,https://rbidocs.rbi.org.in/rdocs/Publications/PDFs/21T_11122025D994949B48C44B68B4465FBB9ADDFF3D.PDF,"Table 21, state Chhattisgarh, column 2023-24",official_measured,True,6e48293426935a2ef796c0163edbedeeb6dd165b21db8f018ac912502b3cc287,"Full RBI December2025 published vintage; values may revise earlier releases. Statistical estimates for completed reporting periods, not audited financial actuals; individual AE/RE/provisional status is not specified in this table. Missing cells omitted, never zero-filled. J&K throughFY2018-19 includes Ladakh; retained as a separate historical geography and not joined to present UT totals.",Chhattisgarh,2024,gsdp_current_prices_inr_crore,512107.49,official_measured,official,,,,,,,,GSDP_current_prices_2011_12_base|All sectors,,,,,,,2025-12-11,,2023-24,reported,official_statistical_published,RBI Handbook of Statistics on Indian States 2024-25; Table 21; 11 December 2025,current_prices,2011-12
state_chhattisgarh,Chhattisgarh,state_aggregate,RBI / NSO,Chhattisgarh,All sectors,gsdp_current_prices_inr_crore,567880.43,INR crore,56788043.0,INR lakh,2024-04-01,2025-03-31,fiscal_year,actual,GSDP_current_prices_2011_12_base,2025-03-31,2025-12-11,rbi_gsdp_current_prices_2024_25,https://rbidocs.rbi.org.in/rdocs/Publications/PDFs/21T_11122025D994949B48C44B68B4465FBB9ADDFF3D.PDF,"Table 21, state Chhattisgarh, column 2024-25",official_measured,True,6e48293426935a2ef796c0163edbedeeb6dd165b21db8f018ac912502b3cc287,"Full RBI December2025 published vintage; values may revise earlier releases. Statistical estimates for completed reporting periods, not audited financial actuals; individual AE/RE/provisional status is not specified in this table. Missing cells omitted, never zero-filled. J&K throughFY2018-19 includes Ladakh; retained as a separate historical geography and not joined to present UT totals.",Chhattisgarh,2025,gsdp_current_prices_inr_crore,567880.43,official_measured,official,,,,,,,,GSDP_current_prices_2011_12_base|All sectors,,,,,,,2025-12-11,,2024-25,reported,official_statistical_published,RBI Handbook of Statistics on Indian States 2024-25; Table 21; 11 December 2025,current_prices,2011-12
state_delhi,Delhi,state_aggregate,RBI / NSO,Delhi,All sectors,gsdp_current_prices_inr_crore,677900.04,INR crore,67790004.0,INR lakh,2017-04-01,2018-03-31,fiscal_year,actual,GSDP_current_prices_2011_12_base,2018-03-31,2025-12-11,rbi_gsdp_current_prices_2024_25,https://rbidocs.rbi.org.in/rdocs/Publications/PDFs/21T_11122025D994949B48C44B68B4465FBB9ADDFF3D.PDF,"Table 21, state Delhi, column 2017-18",official_measured,True,6e48293426935a2ef796c0163edbedeeb6dd165b21db8f018ac912502b3cc287,"Full RBI December2025 published vintage; values may revise earlier releases. Statistical estimates for completed reporting periods, not audited financial actuals; individual AE/RE/provisional status is not specified in this table. Missing cells omitted, never zero-filled. J&K throughFY2018-19 includes Ladakh; retained as a separate historical geography and not joined to present UT totals.",Delhi,2018,gsdp_current_prices_inr_crore,677900.04,official_measured,official,,,,,,,,GSDP_current_prices_2011_12_base|All sectors,,,,,,,2025-12-11,,2017-18,reported,official_statistical_published,RBI Handbook of Statistics on Indian States 2024-25; Table 21; 11 December 2025,current_prices,2011-12
state_delhi,Delhi,state_aggregate,RBI / NSO,Delhi,All sectors,gsdp_current_prices_inr_crore,738389.43,INR crore,73838943.0,INR lakh,2018-04-01,2019-03-31,fiscal_year,actual,GSDP_current_prices_2011_12_base,2019-03-31,2025-12-11,rbi_gsdp_current_prices_2024_25,https://rbidocs.rbi.org.in/rdocs/Publications/PDFs/21T_11122025D994949B48C44B68B4465FBB9ADDFF3D.PDF,"Table 21, state Delhi, column 2018-19",official_measured,True,6e48293426935a2ef796c0163edbedeeb6dd165b21db8f018ac912502b3cc287,"Full RBI December2025 published vintage; values may revise earlier releases. Statistical estimates for completed reporting periods, not audited financial actuals; individual AE/RE/provisional status is not specified in this table. Missing cells omitted, never zero-filled. J&K throughFY2018-19 includes Ladakh; retained as a separate historical geography and not joined to present UT totals.",Delhi,2019,gsdp_current_prices_inr_crore,738389.43,official_measured,official,,,,,,,,GSDP_current_prices_2011_12_base|All sectors,,,,,,,2025-12-11,,2018-19,reported,official_statistical_published,RBI Handbook of Statistics on Indian States 2024-25; Table 21; 11 December 2025,current_prices,2011-12
state_delhi,Delhi,state_aggregate,RBI / NSO,Delhi,All sectors,gsdp_current_prices_inr_crore,792911.27,INR crore,79291127.0,INR lakh,2019-04-01,2020-03-31,fiscal_year,actual,GSDP_current_prices_2011_12_base,2020-03-31,2025-12-11,rbi_gsdp_current_prices_2024_25,https://rbidocs.rbi.org.in/rdocs/Publications/PDFs/21T_11122025D994949B48C44B68B4465FBB9ADDFF3D.PDF,"Table 21, state Delhi, column 2019-20",official_measured,True,6e48293426935a2ef796c0163edbedeeb6dd165b21db8f018ac912502b3cc287,"Full RBI December2025 published vintage; values may revise earlier releases. Statistical estimates for completed reporting periods, not audited financial actuals; individual AE/RE/provisional status is not specified in this table. Missing cells omitted, never zero-filled. J&K throughFY2018-19 includes Ladakh; retained as a separate historical geography and not joined to present UT totals.",Delhi,2020,gsdp_current_prices_inr_crore,792911.27,official_measured,official,,,,,,,,GSDP_current_prices_2011_12_base|All sectors,,,,,,,2025-12-11,,2019-20,reported,official_statistical_published,RBI Handbook of Statistics on Indian States 2024-25; Table 21; 11 December 2025,current_prices,2011-12
state_delhi,Delhi,state_aggregate,RBI / NSO,Delhi,All sectors,gsdp_current_prices_inr_crore,744277.25,INR crore,74427725.0,INR lakh,2020-04-01,2021-03-31,fiscal_year,actual,GSDP_current_prices_2011_12_base,2021-03-31,2025-12-11,rbi_gsdp_current_prices_2024_25,https://rbidocs.rbi.org.in/rdocs/Publications/PDFs/21T_11122025D994949B48C44B68B4465FBB9ADDFF3D.PDF,"Table 21, state Delhi, column 2020-21",official_measured,True,6e48293426935a2ef796c0163edbedeeb6dd165b21db8f018ac912502b3cc287,"Full RBI December2025 published vintage; values may revise earlier releases. Statistical estimates for completed reporting periods, not audited financial actuals; individual AE/RE/provisional status is not specified in this table. Missing cells omitted, never zero-filled. J&K throughFY2018-19 includes Ladakh; retained as a separate historical geography and not joined to present UT totals.",Delhi,2021,gsdp_current_prices_inr_crore,744277.25,official_measured,official,,,,,,,,GSDP_current_prices_2011_12_base|All sectors,,,,,,,2025-12-11,,2020-21,reported,official_statistical_published,RBI Handbook of Statistics on Indian States 2024-25; Table 21; 11 December 2025,current_prices,2011-12
state_delhi,Delhi,state_aggregate,RBI / NSO,Delhi,All sectors,gsdp_current_prices_inr_crore,870627.04,INR crore,87062704.0,INR lakh,2021-04-01,2022-03-31,fiscal_year,actual,GSDP_current_prices_2011_12_base,2022-03-31,2025-12-11,rbi_gsdp_current_prices_2024_25,https://rbidocs.rbi.org.in/rdocs/Publications/PDFs/21T_11122025D994949B48C44B68B4465FBB9ADDFF3D.PDF,"Table 21, state Delhi, column 2021-22",official_measured,True,6e48293426935a2ef796c0163edbedeeb6dd165b21db8f018ac912502b3cc287,"Full RBI December2025 published vintage; values may revise earlier releases. Statistical estimates for completed reporting periods, not audited financial actuals; individual AE/RE/provisional status is not specified in this table. Missing cells omitted, never zero-filled. J&K throughFY2018-19 includes Ladakh; retained as a separate historical geography and not joined to present UT totals.",Delhi,2022,gsdp_current_prices_inr_crore,870627.04,official_measured,official,,,,,,,,GSDP_current_prices_2011_12_base|All sectors,,,,,,,2025-12-11,,2021-22,reported,official_statistical_published,RBI Handbook of Statistics on Indian States 2024-25; Table 21; 11 December 2025,current_prices,2011-12
state_delhi,Delhi,state_aggregate,RBI / NSO,Delhi,All sectors,gsdp_current_prices_inr_crore,999749.39,INR crore,99974939.0,INR lakh,2022-04-01,2023-03-31,fiscal_year,actual,GSDP_current_prices_2011_12_base,2023-03-31,2025-12-11,rbi_gsdp_current_prices_2024_25,https://rbidocs.rbi.org.in/rdocs/Publications/PDFs/21T_11122025D994949B48C44B68B4465FBB9ADDFF3D.PDF,"Table 21, state Delhi, column 2022-23",official_measured,True,6e48293426935a2ef796c0163edbedeeb6dd165b21db8f018ac912502b3cc287,"Full RBI December2025 published vintage; values may revise earlier releases. Statistical estimates for completed reporting periods, not audited financial actuals; individual AE/RE/provisional status is not specified in this table. Missing cells omitted, never zero-filled. J&K throughFY2018-19 includes Ladakh; retained as a separate historical geography and not joined to present UT totals.",Delhi,2023,gsdp_current_prices_inr_crore,999749.39,official_measured,official,,,,,,,,GSDP_current_prices_2011_12_base|All sectors,,,,,,,2025-12-11,,2022-23,reported,official_statistical_published,RBI Handbook of Statistics on Indian States 2024-25; Table 21; 11 December 2025,current_prices,2011-12
state_delhi,Delhi,state_aggregate,RBI / NSO,Delhi,All sectors,gsdp_current_prices_inr_crore,1112904.82,INR crore,111290482.0,INR lakh,2023-04-01,2024-03-31,fiscal_year,actual,GSDP_current_prices_2011_12_base,2024-03-31,2025-12-11,rbi_gsdp_current_prices_2024_25,https://rbidocs.rbi.org.in/rdocs/Publications/PDFs/21T_11122025D994949B48C44B68B4465FBB9ADDFF3D.PDF,"Table 21, state Delhi, column 2023-24",official_measured,True,6e48293426935a2ef796c0163edbedeeb6dd165b21db8f018ac912502b3cc287,"Full RBI December2025 published vintage; values may revise earlier releases. Statistical estimates for completed reporting periods, not audited financial actuals; individual AE/RE/provisional status is not specified in this table. Missing cells omitted, never zero-filled. J&K throughFY2018-19 includes Ladakh; retained as a separate historical geography and not joined to present UT totals.",Delhi,2024,gsdp_current_prices_inr_crore,1112904.82,official_measured,official,,,,,,,,GSDP_current_prices_2011_12_base|All sectors,,,,,,,2025-12-11,,2023-24,reported,official_statistical_published,RBI Handbook of Statistics on Indian States 2024-25; Table 21; 11 December 2025,current_prices,2011-12
state_delhi,Delhi,state_aggregate,RBI / NSO,Delhi,All sectors,gsdp_current_prices_inr_crore,1215003.05,INR crore,121500305.0,INR lakh,2024-04-01,2025-03-31,fiscal_year,actual,GSDP_current_prices_2011_12_base,2025-03-31,2025-12-11,rbi_gsdp_current_prices_2024_25,https://rbidocs.rbi.org.in/rdocs/Publications/PDFs/21T_11122025D994949B48C44B68B4465FBB9ADDFF3D.PDF,"Table 21, state Delhi, column 2024-25",official_measured,True,6e48293426935a2ef796c0163edbedeeb6dd165b21db8f018ac912502b3cc287,"Full RBI December2025 published vintage; values may revise earlier releases. Statistical estimates for completed reporting periods, not audited financial actuals; individual AE/RE/provisional status is not specified in this table. Missing cells omitted, never zero-filled. J&K throughFY2018-19 includes Ladakh; retained as a separate historical geography and not joined to present UT totals.",Delhi,2025,gsdp_current_prices_inr_crore,1215003.05,official_measured,official,,,,,,,,GSDP_current_prices_2011_12_base|All sectors,,,,,,,2025-12-11,,2024-25,reported,official_statistical_published,RBI Handbook of Statistics on Indian States 2024-25; Table 21; 11 December 2025,current_prices,2011-12
state_goa,Goa,state_aggregate,RBI / NSO,Goa,All sectors,gsdp_current_prices_inr_crore,69352.05,INR crore,6935205.0,INR lakh,2017-04-01,2018-03-31,fiscal_year,actual,GSDP_current_prices_2011_12_base,2018-03-31,2025-12-11,rbi_gsdp_current_prices_2024_25,https://rbidocs.rbi.org.in/rdocs/Publications/PDFs/21T_11122025D994949B48C44B68B4465FBB9ADDFF3D.PDF,"Table 21, state Goa, column 2017-18",official_measured,True,6e48293426935a2ef796c0163edbedeeb6dd165b21db8f018ac912502b3cc287,"Full RBI December2025 published vintage; values may revise earlier releases. Statistical estimates for completed reporting periods, not audited financial actuals; individual AE/RE/provisional status is not specified in this table. Missing cells omitted, never zero-filled. J&K throughFY2018-19 includes Ladakh; retained as a separate historical geography and not joined to present UT totals.",Goa,2018,gsdp_current_prices_inr_crore,69352.05,official_measured,official,,,,,,,,GSDP_current_prices_2011_12_base|All sectors,,,,,,,2025-12-11,,2017-18,reported,official_statistical_published,RBI Handbook of Statistics on Indian States 2024-25; Table 21; 11 December 2025,current_prices,2011-12
state_goa,Goa,state_aggregate,RBI / NSO,Goa,All sectors,gsdp_current_prices_inr_crore,71853.34,INR crore,7185334.0,INR lakh,2018-04-01,2019-03-31,fiscal_year,actual,GSDP_current_prices_2011_12_base,2019-03-31,2025-12-11,rbi_gsdp_current_prices_2024_25,https://rbidocs.rbi.org.in/rdocs/Publications/PDFs/21T_11122025D994949B48C44B68B4465FBB9ADDFF3D.PDF,"Table 21, state Goa, column 2018-19",official_measured,True,6e48293426935a2ef796c0163edbedeeb6dd165b21db8f018ac912502b3cc287,"Full RBI December2025 published vintage; values may revise earlier releases. Statistical estimates for completed reporting periods, not audited financial actuals; individual AE/RE/provisional status is not specified in this table. Missing cells omitted, never zero-filled. J&K throughFY2018-19 includes Ladakh; retained as a separate historical geography and not joined to present UT totals.",Goa,2019,gsdp_current_prices_inr_crore,71853.34,official_measured,official,,,,,,,,GSDP_current_prices_2011_12_base|All sectors,,,,,,,2025-12-11,,2018-19,reported,official_statistical_published,RBI Handbook of Statistics on Indian States 2024-25; Table 21; 11 December 2025,current_prices,2011-12
state_goa,Goa,state_aggregate,RBI / NSO,Goa,All sectors,gsdp_current_prices_inr_crore,75032.09,INR crore,7503209.0,INR lakh,2019-04-01,2020-03-31,fiscal_year,actual,GSDP_current_prices_2011_12_base,2020-03-31,2025-12-11,rbi_gsdp_current_prices_2024_25,https://rbidocs.rbi.org.in/rdocs/Publications/PDFs/21T_11122025D994949B48C44B68B4465FBB9ADDFF3D.PDF,"Table 21, state Goa, column 2019-20",official_measured,True,6e48293426935a2ef796c0163edbedeeb6dd165b21db8f018ac912502b3cc287,"Full RBI December2025 published vintage; values may revise earlier releases. Statistical estimates for completed reporting periods, not audited financial actuals; individual AE/RE/provisional status is not specified in this table. Missing cells omitted, never zero-filled. J&K throughFY2018-19 includes Ladakh; retained as a separate historical geography and not joined to present UT totals.",Goa,2020,gsdp_current_prices_inr_crore,75032.09,official_measured,official,,,,,,,,GSDP_current_prices_2011_12_base|All sectors,,,,,,,2025-12-11,,2019-20,reported,official_statistical_published,RBI Handbook of Statistics on Indian States 2024-25; Table 21; 11 December 2025,current_prices,2011-12
state_goa,Goa,state_aggregate,RBI / NSO,Goa,All sectors,gsdp_current_prices_inr_crore,74157.92,INR crore,7415792.0,INR lakh,2020-04-01,2021-03-31,fiscal_year,actual,GSDP_current_prices_2011_12_base,2021-03-31,2025-12-11,rbi_gsdp_current_prices_2024_25,https://rbidocs.rbi.org.in/rdocs/Publications/PDFs/21T_11122025D994949B48C44B68B4465FBB9ADDFF3D.PDF,"Table 21, state Goa, column 2020-21",official_measured,True,6e48293426935a2ef796c0163edbedeeb6dd165b21db8f018ac912502b3cc287,"Full RBI December2025 published vintage; values may revise earlier releases. Statistical estimates for completed reporting periods, not audited financial actuals; individual AE/RE/provisional status is not specified in this table. Missing cells omitted, never zero-filled. J&K throughFY2018-19 includes Ladakh; retained as a separate historical geography and not joined to present UT totals.",Goa,2021,gsdp_current_prices_inr_crore,74157.92,official_measured,official,,,,,,,,GSDP_current_prices_2011_12_base|All sectors,,,,,,,2025-12-11,,2020-21,reported,official_statistical_published,RBI Handbook of Statistics on Indian States 2024-25; Table 21; 11 December 2025,current_prices,2011-12
state_goa,Goa,state_aggregate,RBI / NSO,Goa,All sectors,gsdp_current_prices_inr_crore,81226.13,INR crore,8122613.0,INR lakh,2021-04-01,2022-03-31,fiscal_year,actual,GSDP_current_prices_2011_12_base,2022-03-31,2025-12-11,rbi_gsdp_current_prices_2024_25,https://rbidocs.rbi.org.in/rdocs/Publications/PDFs/21T_11122025D994949B48C44B68B4465FBB9ADDFF3D.PDF,"Table 21, state Goa, column 2021-22",official_measured,True,6e48293426935a2ef796c0163edbedeeb6dd165b21db8f018ac912502b3cc287,"Full RBI December2025 published vintage; values may revise earlier releases. Statistical estimates for completed reporting periods, not audited financial actuals; individual AE/RE/provisional status is not specified in this table. Missing cells omitted, never zero-filled. J&K throughFY2018-19 includes Ladakh; retained as a separate historical geography and not joined to present UT totals.",Goa,2022,gsdp_current_prices_inr_crore,81226.13,official_measured,official,,,,,,,,GSDP_current_prices_2011_12_base|All sectors,,,,,,,2025-12-11,,2021-22,reported,official_statistical_published,RBI Handbook of Statistics on Indian States 2024-25; Table 21; 11 December 2025,current_prices,2011-12
state_goa,Goa,state_aggregate,RBI / NSO,Goa,All sectors,gsdp_current_prices_inr_crore,93672.38,INR crore,9367238.0,INR lakh,2022-04-01,2023-03-31,fiscal_year,actual,GSDP_current_prices_2011_12_base,2023-03-31,2025-12-11,rbi_gsdp_current_prices_2024_25,https://rbidocs.rbi.org.in/rdocs/Publications/PDFs/21T_11122025D994949B48C44B68B4465FBB9ADDFF3D.PDF,"Table 21, state Goa, column 2022-23",official_measured,True,6e48293426935a2ef796c0163edbedeeb6dd165b21db8f018ac912502b3cc287,"Full RBI December2025 published vintage; values may revise earlier releases. Statistical estimates for completed reporting periods, not audited financial actuals; individual AE/RE/provisional status is not specified in this table. Missing cells omitted, never zero-filled. J&K throughFY2018-19 includes Ladakh; retained as a separate historical geography and not joined to present UT totals.",Goa,2023,gsdp_current_prices_inr_crore,93672.38,official_measured,official,,,,,,,,GSDP_current_prices_2011_12_base|All sectors,,,,,,,2025-12-11,,2022-23,reported,official_statistical_published,RBI Handbook of Statistics on Indian States 2024-25; Table 21; 11 December 2025,current_prices,2011-12
state_goa,Goa,state_aggregate,RBI / NSO,Goa,All sectors,gsdp_current_prices_inr_crore,106532.57,INR crore,10653257.0,INR lakh,2023-04-01,2024-03-31,fiscal_year,actual,GSDP_current_prices_2011_12_base,2024-03-31,2025-12-11,rbi_gsdp_current_prices_2024_25,https://rbidocs.rbi.org.in/rdocs/Publications/PDFs/21T_11122025D994949B48C44B68B4465FBB9ADDFF3D.PDF,"Table 21, state Goa, column 2023-24",official_measured,True,6e48293426935a2ef796c0163edbedeeb6dd165b21db8f018ac912502b3cc287,"Full RBI December2025 published vintage; values may revise earlier releases. Statistical estimates for completed reporting periods, not audited financial actuals; individual AE/RE/provisional status is not specified in this table. Missing cells omitted, never zero-filled. J&K throughFY2018-19 includes Ladakh; retained as a separate historical geography and not joined to present UT totals.",Goa,2024,gsdp_current_prices_inr_crore,106532.57,official_measured,official,,,,,,,,GSDP_current_prices_2011_12_base|All sectors,,,,,,,2025-12-11,,2023-24,reported,official_statistical_published,RBI Handbook of Statistics on Indian States 2024-25; Table 21; 11 December 2025,current_prices,2011-12
state_gujarat,Gujarat,state_aggregate,RBI / NSO,Gujarat,All sectors,gsdp_current_prices_inr_crore,1329094.77,INR crore,132909477.0,INR lakh,2017-04-01,2018-03-31,fiscal_year,actual,GSDP_current_prices_2011_12_base,2018-03-31,2025-12-11,rbi_gsdp_current_prices_2024_25,https://rbidocs.rbi.org.in/rdocs/Publications/PDFs/21T_11122025D994949B48C44B68B4465FBB9ADDFF3D.PDF,"Table 21, state Gujarat, column 2017-18",official_measured,True,6e48293426935a2ef796c0163edbedeeb6dd165b21db8f018ac912502b3cc287,"Full RBI December2025 published vintage; values may revise earlier releases. Statistical estimates for completed reporting periods, not audited financial actuals; individual AE/RE/provisional status is not specified in this table. Missing cells omitted, never zero-filled. J&K throughFY2018-19 includes Ladakh; retained as a separate historical geography and not joined to present UT totals.",Gujarat,2018,gsdp_current_prices_inr_crore,1329094.77,official_measured,official,,,,,,,,GSDP_current_prices_2011_12_base|All sectors,,,,,,,2025-12-11,,2017-18,reported,official_statistical_published,RBI Handbook of Statistics on Indian States 2024-25; Table 21; 11 December 2025,current_prices,2011-12
state_gujarat,Gujarat,state_aggregate,RBI / NSO,Gujarat,All sectors,gsdp_current_prices_inr_crore,1492155.71,INR crore,149215571.0,INR lakh,2018-04-01,2019-03-31,fiscal_year,actual,GSDP_current_prices_2011_12_base,2019-03-31,2025-12-11,rbi_gsdp_current_prices_2024_25,https://rbidocs.rbi.org.in/rdocs/Publications/PDFs/21T_11122025D994949B48C44B68B4465FBB9ADDFF3D.PDF,"Table 21, state Gujarat, column 2018-19",official_measured,True,6e48293426935a2ef796c0163edbedeeb6dd165b21db8f018ac912502b3cc287,"Full RBI December2025 published vintage; values may revise earlier releases. Statistical estimates for completed reporting periods, not audited financial actuals; individual AE/RE/provisional status is not specified in this table. Missing cells omitted, never zero-filled. J&K throughFY2018-19 includes Ladakh; retained as a separate historical geography and not joined to present UT totals.",Gujarat,2019,gsdp_current_prices_inr_crore,1492155.71,official_measured,official,,,,,,,,GSDP_current_prices_2011_12_base|All sectors,,,,,,,2025-12-11,,2018-19,reported,official_statistical_published,RBI Handbook of Statistics on Indian States 2024-25; Table 21; 11 December 2025,current_prices,2011-12
state_gujarat,Gujarat,state_aggregate,RBI / NSO,Gujarat,All sectors,gsdp_current_prices_inr_crore,1617143.27,INR crore,161714327.0,INR lakh,2019-04-01,2020-03-31,fiscal_year,actual,GSDP_current_prices_2011_12_base,2020-03-31,2025-12-11,rbi_gsdp_current_prices_2024_25,https://rbidocs.rbi.org.in/rdocs/Publications/PDFs/21T_11122025D994949B48C44B68B4465FBB9ADDFF3D.PDF,"Table 21, state Gujarat, column 2019-20",official_measured,True,6e48293426935a2ef796c0163edbedeeb6dd165b21db8f018ac912502b3cc287,"Full RBI December2025 published vintage; values may revise earlier releases. Statistical estimates for completed reporting periods, not audited financial actuals; individual AE/RE/provisional status is not specified in this table. Missing cells omitted, never zero-filled. J&K throughFY2018-19 includes Ladakh; retained as a separate historical geography and not joined to present UT totals.",Gujarat,2020,gsdp_current_prices_inr_crore,1617143.27,official_measured,official,,,,,,,,GSDP_current_prices_2011_12_base|All sectors,,,,,,,2025-12-11,,2019-20,reported,official_statistical_published,RBI Handbook of Statistics on Indian States 2024-25; Table 21; 11 December 2025,current_prices,2011-12
state_gujarat,Gujarat,state_aggregate,RBI / NSO,Gujarat,All sectors,gsdp_current_prices_inr_crore,1616106.36,INR crore,161610636.0,INR lakh,2020-04-01,2021-03-31,fiscal_year,actual,GSDP_current_prices_2011_12_base,2021-03-31,2025-12-11,rbi_gsdp_current_prices_2024_25,https://rbidocs.rbi.org.in/rdocs/Publications/PDFs/21T_11122025D994949B48C44B68B4465FBB9ADDFF3D.PDF,"Table 21, state Gujarat, column 2020-21",official_measured,True,6e48293426935a2ef796c0163edbedeeb6dd165b21db8f018ac912502b3cc287,"Full RBI December2025 published vintage; values may revise earlier releases. Statistical estimates for completed reporting periods, not audited financial actuals; individual AE/RE/provisional status is not specified in this table. Missing cells omitted, never zero-filled. J&K throughFY2018-19 includes Ladakh; retained as a separate historical geography and not joined to present UT totals.",Gujarat,2021,gsdp_current_prices_inr_crore,1616106.36,official_measured,official,,,,,,,,GSDP_current_prices_2011_12_base|All sectors,,,,,,,2025-12-11,,2020-21,reported,official_statistical_published,RBI Handbook of Statistics on Indian States 2024-25; Table 21; 11 December 2025,current_prices,2011-12
state_gujarat,Gujarat,state_aggregate,RBI / NSO,Gujarat,All sectors,gsdp_current_prices_inr_crore,1920926.58,INR crore,192092658.0,INR lakh,2021-04-01,2022-03-31,fiscal_year,actual,GSDP_current_prices_2011_12_base,2022-03-31,2025-12-11,rbi_gsdp_current_prices_2024_25,https://rbidocs.rbi.org.in/rdocs/Publications/PDFs/21T_11122025D994949B48C44B68B4465FBB9ADDFF3D.PDF,"Table 21, state Gujarat, column 2021-22",official_measured,True,6e48293426935a2ef796c0163edbedeeb6dd165b21db8f018ac912502b3cc287,"Full RBI December2025 published vintage; values may revise earlier releases. Statistical estimates for completed reporting periods, not audited financial actuals; individual AE/RE/provisional status is not specified in this table. Missing cells omitted, never zero-filled. J&K throughFY2018-19 includes Ladakh; retained as a separate historical geography and not joined to present UT totals.",Gujarat,2022,gsdp_current_prices_inr_crore,1920926.58,official_measured,official,,,,,,,,GSDP_current_prices_2011_12_base|All sectors,,,,,,,2025-12-11,,2021-22,reported,official_statistical_published,RBI Handbook of Statistics on Indian States 2024-25; Table 21; 11 December 2025,current_prices,2011-12
state_gujarat,Gujarat,state_aggregate,RBI / NSO,Gujarat,All sectors,gsdp_current_prices_inr_crore,2203418.97,INR crore,220341897.0,INR lakh,2022-04-01,2023-03-31,fiscal_year,actual,GSDP_current_prices_2011_12_base,2023-03-31,2025-12-11,rbi_gsdp_current_prices_2024_25,https://rbidocs.rbi.org.in/rdocs/Publications/PDFs/21T_11122025D994949B48C44B68B4465FBB9ADDFF3D.PDF,"Table 21, state Gujarat, column 2022-23",official_measured,True,6e48293426935a2ef796c0163edbedeeb6dd165b21db8f018ac912502b3cc287,"Full RBI December2025 published vintage; values may revise earlier releases. Statistical estimates for completed reporting periods, not audited financial actuals; individual AE/RE/provisional status is not specified in this table. Missing cells omitted, never zero-filled. J&K throughFY2018-19 includes Ladakh; retained as a separate historical geography and not joined to present UT totals.",Gujarat,2023,gsdp_current_prices_inr_crore,2203418.97,official_measured,official,,,,,,,,GSDP_current_prices_2011_12_base|All sectors,,,,,,,2025-12-11,,2022-23,reported,official_statistical_published,RBI Handbook of Statistics on Indian States 2024-25; Table 21; 11 December 2025,current_prices,2011-12
state_haryana,Haryana,state_aggregate,RBI / NSO,Haryana,All sectors,gsdp_current_prices_inr_crore,638832.08,INR crore,63883208.0,INR lakh,2017-04-01,2018-03-31,fiscal_year,actual,GSDP_current_prices_2011_12_base,2018-03-31,2025-12-11,rbi_gsdp_current_prices_2024_25,https://rbidocs.rbi.org.in/rdocs/Publications/PDFs/21T_11122025D994949B48C44B68B4465FBB9ADDFF3D.PDF,"Table 21, state Haryana, column 2017-18",official_measured,True,6e48293426935a2ef796c0163edbedeeb6dd165b21db8f018ac912502b3cc287,"Full RBI December2025 published vintage; values may revise earlier releases. Statistical estimates for completed reporting periods, not audited financial actuals; individual AE/RE/provisional status is not specified in this table. Missing cells omitted, never zero-filled. J&K throughFY2018-19 includes Ladakh; retained as a separate historical geography and not joined to present UT totals.",Haryana,2018,gsdp_current_prices_inr_crore,638832.08,official_measured,official,,,,,,,,GSDP_current_prices_2011_12_base|All sectors,,,,,,,2025-12-11,,2017-18,reported,official_statistical_published,RBI Handbook of Statistics on Indian States 2024-25; Table 21; 11 December 2025,current_prices,2011-12
state_haryana,Haryana,state_aggregate,RBI / NSO,Haryana,All sectors,gsdp_current_prices_inr_crore,698939.76,INR crore,69893976.0,INR lakh,2018-04-01,2019-03-31,fiscal_year,actual,GSDP_current_prices_2011_12_base,2019-03-31,2025-12-11,rbi_gsdp_current_prices_2024_25,https://rbidocs.rbi.org.in/rdocs/Publications/PDFs/21T_11122025D994949B48C44B68B4465FBB9ADDFF3D.PDF,"Table 21, state Haryana, column 2018-19",official_measured,True,6e48293426935a2ef796c0163edbedeeb6dd165b21db8f018ac912502b3cc287,"Full RBI December2025 published vintage; values may revise earlier releases. Statistical estimates for completed reporting periods, not audited financial actuals; individual AE/RE/provisional status is not specified in this table. Missing cells omitted, never zero-filled. J&K throughFY2018-19 includes Ladakh; retained as a separate historical geography and not joined to present UT totals.",Haryana,2019,gsdp_current_prices_inr_crore,698939.76,official_measured,official,,,,,,,,GSDP_current_prices_2011_12_base|All sectors,,,,,,,2025-12-11,,2018-19,reported,official_statistical_published,RBI Handbook of Statistics on Indian States 2024-25; Table 21; 11 December 2025,current_prices,2011-12
state_haryana,Haryana,state_aggregate,RBI / NSO,Haryana,All sectors,gsdp_current_prices_inr_crore,738052.38,INR crore,73805238.0,INR lakh,2019-04-01,2020-03-31,fiscal_year,actual,GSDP_current_prices_2011_12_base,2020-03-31,2025-12-11,rbi_gsdp_current_prices_2024_25,https://rbidocs.rbi.org.in/rdocs/Publications/PDFs/21T_11122025D994949B48C44B68B4465FBB9ADDFF3D.PDF,"Table 21, state Haryana, column 2019-20",official_measured,True,6e48293426935a2ef796c0163edbedeeb6dd165b21db8f018ac912502b3cc287,"Full RBI December2025 published vintage; values may revise earlier releases. Statistical estimates for completed reporting periods, not audited financial actuals; individual AE/RE/provisional status is not specified in this table. Missing cells omitted, never zero-filled. J&K throughFY2018-19 includes Ladakh; retained as a separate historical geography and not joined to present UT totals.",Haryana,2020,gsdp_current_prices_inr_crore,738052.38,official_measured,official,,,,,,,,GSDP_current_prices_2011_12_base|All sectors,,,,,,,2025-12-11,,2019-20,reported,official_statistical_published,RBI Handbook of Statistics on Indian States 2024-25; Table 21; 11 December 2025,current_prices,2011-12
state_haryana,Haryana,state_aggregate,RBI / NSO,Haryana,All sectors,gsdp_current_prices_inr_crore,730441.77,INR crore,73044177.0,INR lakh,2020-04-01,2021-03-31,fiscal_year,actual,GSDP_current_prices_2011_12_base,2021-03-31,2025-12-11,rbi_gsdp_current_prices_2024_25,https://rbidocs.rbi.org.in/rdocs/Publications/PDFs/21T_11122025D994949B48C44B68B4465FBB9ADDFF3D.PDF,"Table 21, state Haryana, column 2020-21",official_measured,True,6e48293426935a2ef796c0163edbedeeb6dd165b21db8f018ac912502b3cc287,"Full RBI December2025 published vintage; values may revise earlier releases. Statistical estimates for completed reporting periods, not audited financial actuals; individual AE/RE/provisional status is not specified in this table. Missing cells omitted, never zero-filled. J&K throughFY2018-19 includes Ladakh; retained as a separate historical geography and not joined to present UT totals.",Haryana,2021,gsdp_current_prices_inr_crore,730441.77,official_measured,official,,,,,,,,GSDP_current_prices_2011_12_base|All sectors,,,,,,,2025-12-11,,2020-21,reported,official_statistical_published,RBI Handbook of Statistics on Indian States 2024-25; Table 21; 11 December 2025,current_prices,2011-12
state_haryana,Haryana,state_aggregate,RBI / NSO,Haryana,All sectors,gsdp_current_prices_inr_crore,877268.91,INR crore,87726891.0,INR lakh,2021-04-01,2022-03-31,fiscal_year,actual,GSDP_current_prices_2011_12_base,2022-03-31,2025-12-11,rbi_gsdp_current_prices_2024_25,https://rbidocs.rbi.org.in/rdocs/Publications/PDFs/21T_11122025D994949B48C44B68B4465FBB9ADDFF3D.PDF,"Table 21, state Haryana, column 2021-22",official_measured,True,6e48293426935a2ef796c0163edbedeeb6dd165b21db8f018ac912502b3cc287,"Full RBI December2025 published vintage; values may revise earlier releases. Statistical estimates for completed reporting periods, not audited financial actuals; individual AE/RE/provisional status is not specified in this table. Missing cells omitted, never zero-filled. J&K throughFY2018-19 includes Ladakh; retained as a separate historical geography and not joined to present UT totals.",Haryana,2022,gsdp_current_prices_inr_crore,877268.91,official_measured,official,,,,,,,,GSDP_current_prices_2011_12_base|All sectors,,,,,,,2025-12-11,,2021-22,reported,official_statistical_published,RBI Handbook of Statistics on Indian States 2024-25; Table 21; 11 December 2025,current_prices,2011-12
state_haryana,Haryana,state_aggregate,RBI / NSO,Haryana,All sectors,gsdp_current_prices_inr_crore,974732.3300000001,INR crore,97473233.0,INR lakh,2022-04-01,2023-03-31,fiscal_year,actual,GSDP_current_prices_2011_12_base,2023-03-31,2025-12-11,rbi_gsdp_current_prices_2024_25,https://rbidocs.rbi.org.in/rdocs/Publications/PDFs/21T_11122025D994949B48C44B68B4465FBB9ADDFF3D.PDF,"Table 21, state Haryana, column 2022-23",official_measured,True,6e48293426935a2ef796c0163edbedeeb6dd165b21db8f018ac912502b3cc287,"Full RBI December2025 published vintage; values may revise earlier releases. Statistical estimates for completed reporting periods, not audited financial actuals; individual AE/RE/provisional status is not specified in this table. Missing cells omitted, never zero-filled. J&K throughFY2018-19 includes Ladakh; retained as a separate historical geography and not joined to present UT totals.",Haryana,2023,gsdp_current_prices_inr_crore,974732.3300000001,official_measured,official,,,,,,,,GSDP_current_prices_2011_12_base|All sectors,,,,,,,2025-12-11,,2022-23,reported,official_statistical_published,RBI Handbook of Statistics on Indian States 2024-25; Table 21; 11 December 2025,current_prices,2011-12
state_haryana,Haryana,state_aggregate,RBI / NSO,Haryana,All sectors,gsdp_current_prices_inr_crore,1085510.28,INR crore,108551028.0,INR lakh,2023-04-01,2024-03-31,fiscal_year,actual,GSDP_current_prices_2011_12_base,2024-03-31,2025-12-11,rbi_gsdp_current_prices_2024_25,https://rbidocs.rbi.org.in/rdocs/Publications/PDFs/21T_11122025D994949B48C44B68B4465FBB9ADDFF3D.PDF,"Table 21, state Haryana, column 2023-24",official_measured,True,6e48293426935a2ef796c0163edbedeeb6dd165b21db8f018ac912502b3cc287,"Full RBI December2025 published vintage; values may revise earlier releases. Statistical estimates for completed reporting periods, not audited financial actuals; individual AE/RE/provisional status is not specified in this table. Missing cells omitted, never zero-filled. J&K throughFY2018-19 includes Ladakh; retained as a separate historical geography and not joined to present UT totals.",Haryana,2024,gsdp_current_prices_inr_crore,1085510.28,official_measured,official,,,,,,,,GSDP_current_prices_2011_12_base|All sectors,,,,,,,2025-12-11,,2023-24,reported,official_statistical_published,RBI Handbook of Statistics on Indian States 2024-25; Table 21; 11 December 2025,current_prices,2011-12
state_haryana,Haryana,state_aggregate,RBI / NSO,Haryana,All sectors,gsdp_current_prices_inr_crore,1213951.04,INR crore,121395104.0,INR lakh,2024-04-01,2025-03-31,fiscal_year,actual,GSDP_current_prices_2011_12_base,2025-03-31,2025-12-11,rbi_gsdp_current_prices_2024_25,https://rbidocs.rbi.org.in/rdocs/Publications/PDFs/21T_11122025D994949B48C44B68B4465FBB9ADDFF3D.PDF,"Table 21, state Haryana, column 2024-25",official_measured,True,6e48293426935a2ef796c0163edbedeeb6dd165b21db8f018ac912502b3cc287,"Full RBI December2025 published vintage; values may revise earlier releases. Statistical estimates for completed reporting periods, not audited financial actuals; individual AE/RE/provisional status is not specified in this table. Missing cells omitted, never zero-filled. J&K throughFY2018-19 includes Ladakh; retained as a separate historical geography and not joined to present UT totals.",Haryana,2025,gsdp_current_prices_inr_crore,1213951.04,official_measured,official,,,,,,,,GSDP_current_prices_2011_12_base|All sectors,,,,,,,2025-12-11,,2024-25,reported,official_statistical_published,RBI Handbook of Statistics on Indian States 2024-25; Table 21; 11 December 2025,current_prices,2011-12
state_himachal_pradesh,Himachal Pradesh,state_aggregate,RBI / NSO,Himachal Pradesh,All sectors,gsdp_current_prices_inr_crore,138551.09,INR crore,13855109.0,INR lakh,2017-04-01,2018-03-31,fiscal_year,actual,GSDP_current_prices_2011_12_base,2018-03-31,2025-12-11,rbi_gsdp_current_prices_2024_25,https://rbidocs.rbi.org.in/rdocs/Publications/PDFs/21T_11122025D994949B48C44B68B4465FBB9ADDFF3D.PDF,"Table 21, state Himachal Pradesh, column 2017-18",official_measured,True,6e48293426935a2ef796c0163edbedeeb6dd165b21db8f018ac912502b3cc287,"Full RBI December2025 published vintage; values may revise earlier releases. Statistical estimates for completed reporting periods, not audited financial actuals; individual AE/RE/provisional status is not specified in this table. Missing cells omitted, never zero-filled. J&K throughFY2018-19 includes Ladakh; retained as a separate historical geography and not joined to present UT totals.",Himachal Pradesh,2018,gsdp_current_prices_inr_crore,138551.09,official_measured,official,,,,,,,,GSDP_current_prices_2011_12_base|All sectors,,,,,,,2025-12-11,,2017-18,reported,official_statistical_published,RBI Handbook of Statistics on Indian States 2024-25; Table 21; 11 December 2025,current_prices,2011-12
state_himachal_pradesh,Himachal Pradesh,state_aggregate,RBI / NSO,Himachal Pradesh,All sectors,gsdp_current_prices_inr_crore,148383.29,INR crore,14838329.0,INR lakh,2018-04-01,2019-03-31,fiscal_year,actual,GSDP_current_prices_2011_12_base,2019-03-31,2025-12-11,rbi_gsdp_current_prices_2024_25,https://rbidocs.rbi.org.in/rdocs/Publications/PDFs/21T_11122025D994949B48C44B68B4465FBB9ADDFF3D.PDF,"Table 21, state Himachal Pradesh, column 2018-19",official_measured,True,6e48293426935a2ef796c0163edbedeeb6dd165b21db8f018ac912502b3cc287,"Full RBI December2025 published vintage; values may revise earlier releases. Statistical estimates for completed reporting periods, not audited financial actuals; individual AE/RE/provisional status is not specified in this table. Missing cells omitted, never zero-filled. J&K throughFY2018-19 includes Ladakh; retained as a separate historical geography and not joined to present UT totals.",Himachal Pradesh,2019,gsdp_current_prices_inr_crore,148383.29,official_measured,official,,,,,,,,GSDP_current_prices_2011_12_base|All sectors,,,,,,,2025-12-11,,2018-19,reported,official_statistical_published,RBI Handbook of Statistics on Indian States 2024-25; Table 21; 11 December 2025,current_prices,2011-12
state_himachal_pradesh,Himachal Pradesh,state_aggregate,RBI / NSO,Himachal Pradesh,All sectors,gsdp_current_prices_inr_crore,159164.02,INR crore,15916402.0,INR lakh,2019-04-01,2020-03-31,fiscal_year,actual,GSDP_current_prices_2011_12_base,2020-03-31,2025-12-11,rbi_gsdp_current_prices_2024_25,https://rbidocs.rbi.org.in/rdocs/Publications/PDFs/21T_11122025D994949B48C44B68B4465FBB9ADDFF3D.PDF,"Table 21, state Himachal Pradesh, column 2019-20",official_measured,True,6e48293426935a2ef796c0163edbedeeb6dd165b21db8f018ac912502b3cc287,"Full RBI December2025 published vintage; values may revise earlier releases. Statistical estimates for completed reporting periods, not audited financial actuals; individual AE/RE/provisional status is not specified in this table. Missing cells omitted, never zero-filled. J&K throughFY2018-19 includes Ladakh; retained as a separate historical geography and not joined to present UT totals.",Himachal Pradesh,2020,gsdp_current_prices_inr_crore,159164.02,official_measured,official,,,,,,,,GSDP_current_prices_2011_12_base|All sectors,,,,,,,2025-12-11,,2019-20,reported,official_statistical_published,RBI Handbook of Statistics on Indian States 2024-25; Table 21; 11 December 2025,current_prices,2011-12
state_himachal_pradesh,Himachal Pradesh,state_aggregate,RBI / NSO,Himachal Pradesh,All sectors,gsdp_current_prices_inr_crore,151905.42,INR crore,15190542.0,INR lakh,2020-04-01,2021-03-31,fiscal_year,actual,GSDP_current_prices_2011_12_base,2021-03-31,2025-12-11,rbi_gsdp_current_prices_2024_25,https://rbidocs.rbi.org.in/rdocs/Publications/PDFs/21T_11122025D994949B48C44B68B4465FBB9ADDFF3D.PDF,"Table 21, state Himachal Pradesh, column 2020-21",official_measured,True,6e48293426935a2ef796c0163edbedeeb6dd165b21db8f018ac912502b3cc287,"Full RBI December2025 published vintage; values may revise earlier releases. Statistical estimates for completed reporting periods, not audited financial actuals; individual AE/RE/provisional status is not specified in this table. Missing cells omitted, never zero-filled. J&K throughFY2018-19 includes Ladakh; retained as a separate historical geography and not joined to present UT totals.",Himachal Pradesh,2021,gsdp_current_prices_inr_crore,151905.42,official_measured,official,,,,,,,,GSDP_current_prices_2011_12_base|All sectors,,,,,,,2025-12-11,,2020-21,reported,official_statistical_published,RBI Handbook of Statistics on Indian States 2024-25; Table 21; 11 December 2025,current_prices,2011-12
state_himachal_pradesh,Himachal Pradesh,state_aggregate,RBI / NSO,Himachal Pradesh,All sectors,gsdp_current_prices_inr_crore,170375.95,INR crore,17037595.0,INR lakh,2021-04-01,2022-03-31,fiscal_year,actual,GSDP_current_prices_2011_12_base,2022-03-31,2025-12-11,rbi_gsdp_current_prices_2024_25,https://rbidocs.rbi.org.in/rdocs/Publications/PDFs/21T_11122025D994949B48C44B68B4465FBB9ADDFF3D.PDF,"Table 21, state Himachal Pradesh, column 2021-22",official_measured,True,6e48293426935a2ef796c0163edbedeeb6dd165b21db8f018ac912502b3cc287,"Full RBI December2025 published vintage; values may revise earlier releases. Statistical estimates for completed reporting periods, not audited financial actuals; individual AE/RE/provisional status is not specified in this table. Missing cells omitted, never zero-filled. J&K throughFY2018-19 includes Ladakh; retained as a separate historical geography and not joined to present UT totals.",Himachal Pradesh,2022,gsdp_current_prices_inr_crore,170375.95,official_measured,official,,,,,,,,GSDP_current_prices_2011_12_base|All sectors,,,,,,,2025-12-11,,2021-22,reported,official_statistical_published,RBI Handbook of Statistics on Indian States 2024-25; Table 21; 11 December 2025,current_prices,2011-12
state_himachal_pradesh,Himachal Pradesh,state_aggregate,RBI / NSO,Himachal Pradesh,All sectors,gsdp_current_prices_inr_crore,192026.13,INR crore,19202613.0,INR lakh,2022-04-01,2023-03-31,fiscal_year,actual,GSDP_current_prices_2011_12_base,2023-03-31,2025-12-11,rbi_gsdp_current_prices_2024_25,https://rbidocs.rbi.org.in/rdocs/Publications/PDFs/21T_11122025D994949B48C44B68B4465FBB9ADDFF3D.PDF,"Table 21, state Himachal Pradesh, column 2022-23",official_measured,True,6e48293426935a2ef796c0163edbedeeb6dd165b21db8f018ac912502b3cc287,"Full RBI December2025 published vintage; values may revise earlier releases. Statistical estimates for completed reporting periods, not audited financial actuals; individual AE/RE/provisional status is not specified in this table. Missing cells omitted, never zero-filled. J&K throughFY2018-19 includes Ladakh; retained as a separate historical geography and not joined to present UT totals.",Himachal Pradesh,2023,gsdp_current_prices_inr_crore,192026.13,official_measured,official,,,,,,,,GSDP_current_prices_2011_12_base|All sectors,,,,,,,2025-12-11,,2022-23,reported,official_statistical_published,RBI Handbook of Statistics on Indian States 2024-25; Table 21; 11 December 2025,current_prices,2011-12
state_himachal_pradesh,Himachal Pradesh,state_aggregate,RBI / NSO,Himachal Pradesh,All sectors,gsdp_current_prices_inr_crore,212169.43,INR crore,21216943.0,INR lakh,2023-04-01,2024-03-31,fiscal_year,actual,GSDP_current_prices_2011_12_base,2024-03-31,2025-12-11,rbi_gsdp_current_prices_2024_25,https://rbidocs.rbi.org.in/rdocs/Publications/PDFs/21T_11122025D994949B48C44B68B4465FBB9ADDFF3D.PDF,"Table 21, state Himachal Pradesh, column 2023-24",official_measured,True,6e48293426935a2ef796c0163edbedeeb6dd165b21db8f018ac912502b3cc287,"Full RBI December2025 published vintage; values may revise earlier releases. Statistical estimates for completed reporting periods, not audited financial actuals; individual AE/RE/provisional status is not specified in this table. Missing cells omitted, never zero-filled. J&K throughFY2018-19 includes Ladakh; retained as a separate historical geography and not joined to present UT totals.",Himachal Pradesh,2024,gsdp_current_prices_inr_crore,212169.43,official_measured,official,,,,,,,,GSDP_current_prices_2011_12_base|All sectors,,,,,,,2025-12-11,,2023-24,reported,official_statistical_published,RBI Handbook of Statistics on Indian States 2024-25; Table 21; 11 December 2025,current_prices,2011-12
state_himachal_pradesh,Himachal Pradesh,state_aggregate,RBI / NSO,Himachal Pradesh,All sectors,gsdp_current_prices_inr_crore,231690.31,INR crore,23169031.0,INR lakh,2024-04-01,2025-03-31,fiscal_year,actual,GSDP_current_prices_2011_12_base,2025-03-31,2025-12-11,rbi_gsdp_current_prices_2024_25,https://rbidocs.rbi.org.in/rdocs/Publications/PDFs/21T_11122025D994949B48C44B68B4465FBB9ADDFF3D.PDF,"Table 21, state Himachal Pradesh, column 2024-25",official_measured,True,6e48293426935a2ef796c0163edbedeeb6dd165b21db8f018ac912502b3cc287,"Full RBI December2025 published vintage; values may revise earlier releases. Statistical estimates for completed reporting periods, not audited financial actuals; individual AE/RE/provisional status is not specified in this table. Missing cells omitted, never zero-filled. J&K throughFY2018-19 includes Ladakh; retained as a separate historical geography and not joined to present UT totals.",Himachal Pradesh,2025,gsdp_current_prices_inr_crore,231690.31,official_measured,official,,,,,,,,GSDP_current_prices_2011_12_base|All sectors,,,,,,,2025-12-11,,2024-25,reported,official_statistical_published,RBI Handbook of Statistics on Indian States 2024-25; Table 21; 11 December 2025,current_prices,2011-12
state_jammu_and_kashmir_including_ladakh,Jammu and Kashmir (including Ladakh),historical_state_aggregate,RBI / NSO,Jammu and Kashmir (including Ladakh),All sectors,gsdp_current_prices_inr_crore,139708.86000000002,INR crore,13970886.0,INR lakh,2017-04-01,2018-03-31,fiscal_year,actual,GSDP_current_prices_2011_12_base,2018-03-31,2025-12-11,rbi_gsdp_current_prices_2024_25,https://rbidocs.rbi.org.in/rdocs/Publications/PDFs/21T_11122025D994949B48C44B68B4465FBB9ADDFF3D.PDF,"Table 21, state Jammu and Kashmir (including Ladakh), column 2017-18",official_measured,True,6e48293426935a2ef796c0163edbedeeb6dd165b21db8f018ac912502b3cc287,"Full RBI December2025 published vintage; values may revise earlier releases. Statistical estimates for completed reporting periods, not audited financial actuals; individual AE/RE/provisional status is not specified in this table. Missing cells omitted, never zero-filled. J&K throughFY2018-19 includes Ladakh; retained as a separate historical geography and not joined to present UT totals.",Jammu and Kashmir (including Ladakh),2018,gsdp_current_prices_inr_crore,139708.86000000002,official_measured,official,,,,,,,,GSDP_current_prices_2011_12_base|All sectors,,,,,,,2025-12-11,,2017-18,reported,official_statistical_published,RBI Handbook of Statistics on Indian States 2024-25; Table 21; 11 December 2025,current_prices,2011-12
state_jammu_and_kashmir_including_ladakh,Jammu and Kashmir (including Ladakh),historical_state_aggregate,RBI / NSO,Jammu and Kashmir (including Ladakh),All sectors,gsdp_current_prices_inr_crore,159859.45,INR crore,15985945.0,INR lakh,2018-04-01,2019-03-31,fiscal_year,actual,GSDP_current_prices_2011_12_base,2019-03-31,2025-12-11,rbi_gsdp_current_prices_2024_25,https://rbidocs.rbi.org.in/rdocs/Publications/PDFs/21T_11122025D994949B48C44B68B4465FBB9ADDFF3D.PDF,"Table 21, state Jammu and Kashmir (including Ladakh), column 2018-19",official_measured,True,6e48293426935a2ef796c0163edbedeeb6dd165b21db8f018ac912502b3cc287,"Full RBI December2025 published vintage; values may revise earlier releases. Statistical estimates for completed reporting periods, not audited financial actuals; individual AE/RE/provisional status is not specified in this table. Missing cells omitted, never zero-filled. J&K throughFY2018-19 includes Ladakh; retained as a separate historical geography and not joined to present UT totals.",Jammu and Kashmir (including Ladakh),2019,gsdp_current_prices_inr_crore,159859.45,official_measured,official,,,,,,,,GSDP_current_prices_2011_12_base|All sectors,,,,,,,2025-12-11,,2018-19,reported,official_statistical_published,RBI Handbook of Statistics on Indian States 2024-25; Table 21; 11 December 2025,current_prices,2011-12
state_jammu_and_kashmir,Jammu and Kashmir,state_aggregate,RBI / NSO,Jammu and Kashmir,All sectors,gsdp_current_prices_inr_crore,164103.22,INR crore,16410322.0,INR lakh,2019-04-01,2020-03-31,fiscal_year,actual,GSDP_current_prices_2011_12_base,2020-03-31,2025-12-11,rbi_gsdp_current_prices_2024_25,https://rbidocs.rbi.org.in/rdocs/Publications/PDFs/21T_11122025D994949B48C44B68B4465FBB9ADDFF3D.PDF,"Table 21, state Jammu and Kashmir, column 2019-20",official_measured,True,6e48293426935a2ef796c0163edbedeeb6dd165b21db8f018ac912502b3cc287,"Full RBI December2025 published vintage; values may revise earlier releases. Statistical estimates for completed reporting periods, not audited financial actuals; individual AE/RE/provisional status is not specified in this table. Missing cells omitted, never zero-filled. J&K throughFY2018-19 includes Ladakh; retained as a separate historical geography and not joined to present UT totals.",Jammu and Kashmir,2020,gsdp_current_prices_inr_crore,164103.22,official_measured,official,,,,,,,,GSDP_current_prices_2011_12_base|All sectors,,,,,,,2025-12-11,,2019-20,reported,official_statistical_published,RBI Handbook of Statistics on Indian States 2024-25; Table 21; 11 December 2025,current_prices,2011-12
state_jammu_and_kashmir,Jammu and Kashmir,state_aggregate,RBI / NSO,Jammu and Kashmir,All sectors,gsdp_current_prices_inr_crore,167792.69,INR crore,16779269.0,INR lakh,2020-04-01,2021-03-31,fiscal_year,actual,GSDP_current_prices_2011_12_base,2021-03-31,2025-12-11,rbi_gsdp_current_prices_2024_25,https://rbidocs.rbi.org.in/rdocs/Publications/PDFs/21T_11122025D994949B48C44B68B4465FBB9ADDFF3D.PDF,"Table 21, state Jammu and Kashmir, column 2020-21",official_measured,True,6e48293426935a2ef796c0163edbedeeb6dd165b21db8f018ac912502b3cc287,"Full RBI December2025 published vintage; values may revise earlier releases. Statistical estimates for completed reporting periods, not audited financial actuals; individual AE/RE/provisional status is not specified in this table. Missing cells omitted, never zero-filled. J&K throughFY2018-19 includes Ladakh; retained as a separate historical geography and not joined to present UT totals.",Jammu and Kashmir,2021,gsdp_current_prices_inr_crore,167792.69,official_measured,official,,,,,,,,GSDP_current_prices_2011_12_base|All sectors,,,,,,,2025-12-11,,2020-21,reported,official_statistical_published,RBI Handbook of Statistics on Indian States 2024-25; Table 21; 11 December 2025,current_prices,2011-12
state_jammu_and_kashmir,Jammu and Kashmir,state_aggregate,RBI / NSO,Jammu and Kashmir,All sectors,gsdp_current_prices_inr_crore,188561.07,INR crore,18856107.0,INR lakh,2021-04-01,2022-03-31,fiscal_year,actual,GSDP_current_prices_2011_12_base,2022-03-31,2025-12-11,rbi_gsdp_current_prices_2024_25,https://rbidocs.rbi.org.in/rdocs/Publications/PDFs/21T_11122025D994949B48C44B68B4465FBB9ADDFF3D.PDF,"Table 21, state Jammu and Kashmir, column 2021-22",official_measured,True,6e48293426935a2ef796c0163edbedeeb6dd165b21db8f018ac912502b3cc287,"Full RBI December2025 published vintage; values may revise earlier releases. Statistical estimates for completed reporting periods, not audited financial actuals; individual AE/RE/provisional status is not specified in this table. Missing cells omitted, never zero-filled. J&K throughFY2018-19 includes Ladakh; retained as a separate historical geography and not joined to present UT totals.",Jammu and Kashmir,2022,gsdp_current_prices_inr_crore,188561.07,official_measured,official,,,,,,,,GSDP_current_prices_2011_12_base|All sectors,,,,,,,2025-12-11,,2021-22,reported,official_statistical_published,RBI Handbook of Statistics on Indian States 2024-25; Table 21; 11 December 2025,current_prices,2011-12
state_jammu_and_kashmir,Jammu and Kashmir,state_aggregate,RBI / NSO,Jammu and Kashmir,All sectors,gsdp_current_prices_inr_crore,209815.52000000002,INR crore,20981552.0,INR lakh,2022-04-01,2023-03-31,fiscal_year,actual,GSDP_current_prices_2011_12_base,2023-03-31,2025-12-11,rbi_gsdp_current_prices_2024_25,https://rbidocs.rbi.org.in/rdocs/Publications/PDFs/21T_11122025D994949B48C44B68B4465FBB9ADDFF3D.PDF,"Table 21, state Jammu and Kashmir, column 2022-23",official_measured,True,6e48293426935a2ef796c0163edbedeeb6dd165b21db8f018ac912502b3cc287,"Full RBI December2025 published vintage; values may revise earlier releases. Statistical estimates for completed reporting periods, not audited financial actuals; individual AE/RE/provisional status is not specified in this table. Missing cells omitted, never zero-filled. J&K throughFY2018-19 includes Ladakh; retained as a separate historical geography and not joined to present UT totals.",Jammu and Kashmir,2023,gsdp_current_prices_inr_crore,209815.52000000002,official_measured,official,,,,,,,,GSDP_current_prices_2011_12_base|All sectors,,,,,,,2025-12-11,,2022-23,reported,official_statistical_published,RBI Handbook of Statistics on Indian States 2024-25; Table 21; 11 December 2025,current_prices,2011-12
state_jammu_and_kashmir,Jammu and Kashmir,state_aggregate,RBI / NSO,Jammu and Kashmir,All sectors,gsdp_current_prices_inr_crore,236058.85,INR crore,23605885.0,INR lakh,2023-04-01,2024-03-31,fiscal_year,actual,GSDP_current_prices_2011_12_base,2024-03-31,2025-12-11,rbi_gsdp_current_prices_2024_25,https://rbidocs.rbi.org.in/rdocs/Publications/PDFs/21T_11122025D994949B48C44B68B4465FBB9ADDFF3D.PDF,"Table 21, state Jammu and Kashmir, column 2023-24",official_measured,True,6e48293426935a2ef796c0163edbedeeb6dd165b21db8f018ac912502b3cc287,"Full RBI December2025 published vintage; values may revise earlier releases. Statistical estimates for completed reporting periods, not audited financial actuals; individual AE/RE/provisional status is not specified in this table. Missing cells omitted, never zero-filled. J&K throughFY2018-19 includes Ladakh; retained as a separate historical geography and not joined to present UT totals.",Jammu and Kashmir,2024,gsdp_current_prices_inr_crore,236058.85,official_measured,official,,,,,,,,GSDP_current_prices_2011_12_base|All sectors,,,,,,,2025-12-11,,2023-24,reported,official_statistical_published,RBI Handbook of Statistics on Indian States 2024-25; Table 21; 11 December 2025,current_prices,2011-12
state_jammu_and_kashmir,Jammu and Kashmir,state_aggregate,RBI / NSO,Jammu and Kashmir,All sectors,gsdp_current_prices_inr_crore,262458.07,INR crore,26245807.0,INR lakh,2024-04-01,2025-03-31,fiscal_year,actual,GSDP_current_prices_2011_12_base,2025-03-31,2025-12-11,rbi_gsdp_current_prices_2024_25,https://rbidocs.rbi.org.in/rdocs/Publications/PDFs/21T_11122025D994949B48C44B68B4465FBB9ADDFF3D.PDF,"Table 21, state Jammu and Kashmir, column 2024-25",official_measured,True,6e48293426935a2ef796c0163edbedeeb6dd165b21db8f018ac912502b3cc287,"Full RBI December2025 published vintage; values may revise earlier releases. Statistical estimates for completed reporting periods, not audited financial actuals; individual AE/RE/provisional status is not specified in this table. Missing cells omitted, never zero-filled. J&K throughFY2018-19 includes Ladakh; retained as a separate historical geography and not joined to present UT totals.",Jammu and Kashmir,2025,gsdp_current_prices_inr_crore,262458.07,official_measured,official,,,,,,,,GSDP_current_prices_2011_12_base|All sectors,,,,,,,2025-12-11,,2024-25,reported,official_statistical_published,RBI Handbook of Statistics on Indian States 2024-25; Table 21; 11 December 2025,current_prices,2011-12
state_jharkhand,Jharkhand,state_aggregate,RBI / NSO,Jharkhand,All sectors,gsdp_current_prices_inr_crore,269816.14,INR crore,26981614.0,INR lakh,2017-04-01,2018-03-31,fiscal_year,actual,GSDP_current_prices_2011_12_base,2018-03-31,2025-12-11,rbi_gsdp_current_prices_2024_25,https://rbidocs.rbi.org.in/rdocs/Publications/PDFs/21T_11122025D994949B48C44B68B4465FBB9ADDFF3D.PDF,"Table 21, state Jharkhand, column 2017-18",official_measured,True,6e48293426935a2ef796c0163edbedeeb6dd165b21db8f018ac912502b3cc287,"Full RBI December2025 published vintage; values may revise earlier releases. Statistical estimates for completed reporting periods, not audited financial actuals; individual AE/RE/provisional status is not specified in this table. Missing cells omitted, never zero-filled. J&K throughFY2018-19 includes Ladakh; retained as a separate historical geography and not joined to present UT totals.",Jharkhand,2018,gsdp_current_prices_inr_crore,269816.14,official_measured,official,,,,,,,,GSDP_current_prices_2011_12_base|All sectors,,,,,,,2025-12-11,,2017-18,reported,official_statistical_published,RBI Handbook of Statistics on Indian States 2024-25; Table 21; 11 December 2025,current_prices,2011-12
state_jharkhand,Jharkhand,state_aggregate,RBI / NSO,Jharkhand,All sectors,gsdp_current_prices_inr_crore,305695.2,INR crore,30569520.0,INR lakh,2018-04-01,2019-03-31,fiscal_year,actual,GSDP_current_prices_2011_12_base,2019-03-31,2025-12-11,rbi_gsdp_current_prices_2024_25,https://rbidocs.rbi.org.in/rdocs/Publications/PDFs/21T_11122025D994949B48C44B68B4465FBB9ADDFF3D.PDF,"Table 21, state Jharkhand, column 2018-19",official_measured,True,6e48293426935a2ef796c0163edbedeeb6dd165b21db8f018ac912502b3cc287,"Full RBI December2025 published vintage; values may revise earlier releases. Statistical estimates for completed reporting periods, not audited financial actuals; individual AE/RE/provisional status is not specified in this table. Missing cells omitted, never zero-filled. J&K throughFY2018-19 includes Ladakh; retained as a separate historical geography and not joined to present UT totals.",Jharkhand,2019,gsdp_current_prices_inr_crore,305695.2,official_measured,official,,,,,,,,GSDP_current_prices_2011_12_base|All sectors,,,,,,,2025-12-11,,2018-19,reported,official_statistical_published,RBI Handbook of Statistics on Indian States 2024-25; Table 21; 11 December 2025,current_prices,2011-12
state_jharkhand,Jharkhand,state_aggregate,RBI / NSO,Jharkhand,All sectors,gsdp_current_prices_inr_crore,310305.36,INR crore,31030536.0,INR lakh,2019-04-01,2020-03-31,fiscal_year,actual,GSDP_current_prices_2011_12_base,2020-03-31,2025-12-11,rbi_gsdp_current_prices_2024_25,https://rbidocs.rbi.org.in/rdocs/Publications/PDFs/21T_11122025D994949B48C44B68B4465FBB9ADDFF3D.PDF,"Table 21, state Jharkhand, column 2019-20",official_measured,True,6e48293426935a2ef796c0163edbedeeb6dd165b21db8f018ac912502b3cc287,"Full RBI December2025 published vintage; values may revise earlier releases. Statistical estimates for completed reporting periods, not audited financial actuals; individual AE/RE/provisional status is not specified in this table. Missing cells omitted, never zero-filled. J&K throughFY2018-19 includes Ladakh; retained as a separate historical geography and not joined to present UT totals.",Jharkhand,2020,gsdp_current_prices_inr_crore,310305.36,official_measured,official,,,,,,,,GSDP_current_prices_2011_12_base|All sectors,,,,,,,2025-12-11,,2019-20,reported,official_statistical_published,RBI Handbook of Statistics on Indian States 2024-25; Table 21; 11 December 2025,current_prices,2011-12
state_jharkhand,Jharkhand,state_aggregate,RBI / NSO,Jharkhand,All sectors,gsdp_current_prices_inr_crore,296664.0,INR crore,29666400.0,INR lakh,2020-04-01,2021-03-31,fiscal_year,actual,GSDP_current_prices_2011_12_base,2021-03-31,2025-12-11,rbi_gsdp_current_prices_2024_25,https://rbidocs.rbi.org.in/rdocs/Publications/PDFs/21T_11122025D994949B48C44B68B4465FBB9ADDFF3D.PDF,"Table 21, state Jharkhand, column 2020-21",official_measured,True,6e48293426935a2ef796c0163edbedeeb6dd165b21db8f018ac912502b3cc287,"Full RBI December2025 published vintage; values may revise earlier releases. Statistical estimates for completed reporting periods, not audited financial actuals; individual AE/RE/provisional status is not specified in this table. Missing cells omitted, never zero-filled. J&K throughFY2018-19 includes Ladakh; retained as a separate historical geography and not joined to present UT totals.",Jharkhand,2021,gsdp_current_prices_inr_crore,296664.0,official_measured,official,,,,,,,,GSDP_current_prices_2011_12_base|All sectors,,,,,,,2025-12-11,,2020-21,reported,official_statistical_published,RBI Handbook of Statistics on Indian States 2024-25; Table 21; 11 December 2025,current_prices,2011-12
state_jharkhand,Jharkhand,state_aggregate,RBI / NSO,Jharkhand,All sectors,gsdp_current_prices_inr_crore,376126.69,INR crore,37612669.0,INR lakh,2021-04-01,2022-03-31,fiscal_year,actual,GSDP_current_prices_2011_12_base,2022-03-31,2025-12-11,rbi_gsdp_current_prices_2024_25,https://rbidocs.rbi.org.in/rdocs/Publications/PDFs/21T_11122025D994949B48C44B68B4465FBB9ADDFF3D.PDF,"Table 21, state Jharkhand, column 2021-22",official_measured,True,6e48293426935a2ef796c0163edbedeeb6dd165b21db8f018ac912502b3cc287,"Full RBI December2025 published vintage; values may revise earlier releases. Statistical estimates for completed reporting periods, not audited financial actuals; individual AE/RE/provisional status is not specified in this table. Missing cells omitted, never zero-filled. J&K throughFY2018-19 includes Ladakh; retained as a separate historical geography and not joined to present UT totals.",Jharkhand,2022,gsdp_current_prices_inr_crore,376126.69,official_measured,official,,,,,,,,GSDP_current_prices_2011_12_base|All sectors,,,,,,,2025-12-11,,2021-22,reported,official_statistical_published,RBI Handbook of Statistics on Indian States 2024-25; Table 21; 11 December 2025,current_prices,2011-12
state_jharkhand,Jharkhand,state_aggregate,RBI / NSO,Jharkhand,All sectors,gsdp_current_prices_inr_crore,414307.68,INR crore,41430768.0,INR lakh,2022-04-01,2023-03-31,fiscal_year,actual,GSDP_current_prices_2011_12_base,2023-03-31,2025-12-11,rbi_gsdp_current_prices_2024_25,https://rbidocs.rbi.org.in/rdocs/Publications/PDFs/21T_11122025D994949B48C44B68B4465FBB9ADDFF3D.PDF,"Table 21, state Jharkhand, column 2022-23",official_measured,True,6e48293426935a2ef796c0163edbedeeb6dd165b21db8f018ac912502b3cc287,"Full RBI December2025 published vintage; values may revise earlier releases. Statistical estimates for completed reporting periods, not audited financial actuals; individual AE/RE/provisional status is not specified in this table. Missing cells omitted, never zero-filled. J&K throughFY2018-19 includes Ladakh; retained as a separate historical geography and not joined to present UT totals.",Jharkhand,2023,gsdp_current_prices_inr_crore,414307.68,official_measured,official,,,,,,,,GSDP_current_prices_2011_12_base|All sectors,,,,,,,2025-12-11,,2022-23,reported,official_statistical_published,RBI Handbook of Statistics on Indian States 2024-25; Table 21; 11 December 2025,current_prices,2011-12
state_jharkhand,Jharkhand,state_aggregate,RBI / NSO,Jharkhand,All sectors,gsdp_current_prices_inr_crore,465638.01,INR crore,46563801.0,INR lakh,2023-04-01,2024-03-31,fiscal_year,actual,GSDP_current_prices_2011_12_base,2024-03-31,2025-12-11,rbi_gsdp_current_prices_2024_25,https://rbidocs.rbi.org.in/rdocs/Publications/PDFs/21T_11122025D994949B48C44B68B4465FBB9ADDFF3D.PDF,"Table 21, state Jharkhand, column 2023-24",official_measured,True,6e48293426935a2ef796c0163edbedeeb6dd165b21db8f018ac912502b3cc287,"Full RBI December2025 published vintage; values may revise earlier releases. Statistical estimates for completed reporting periods, not audited financial actuals; individual AE/RE/provisional status is not specified in this table. Missing cells omitted, never zero-filled. J&K throughFY2018-19 includes Ladakh; retained as a separate historical geography and not joined to present UT totals.",Jharkhand,2024,gsdp_current_prices_inr_crore,465638.01,official_measured,official,,,,,,,,GSDP_current_prices_2011_12_base|All sectors,,,,,,,2025-12-11,,2023-24,reported,official_statistical_published,RBI Handbook of Statistics on Indian States 2024-25; Table 21; 11 December 2025,current_prices,2011-12
state_jharkhand,Jharkhand,state_aggregate,RBI / NSO,Jharkhand,All sectors,gsdp_current_prices_inr_crore,516255.36,INR crore,51625536.0,INR lakh,2024-04-01,2025-03-31,fiscal_year,actual,GSDP_current_prices_2011_12_base,2025-03-31,2025-12-11,rbi_gsdp_current_prices_2024_25,https://rbidocs.rbi.org.in/rdocs/Publications/PDFs/21T_11122025D994949B48C44B68B4465FBB9ADDFF3D.PDF,"Table 21, state Jharkhand, column 2024-25",official_measured,True,6e48293426935a2ef796c0163edbedeeb6dd165b21db8f018ac912502b3cc287,"Full RBI December2025 published vintage; values may revise earlier releases. Statistical estimates for completed reporting periods, not audited financial actuals; individual AE/RE/provisional status is not specified in this table. Missing cells omitted, never zero-filled. J&K throughFY2018-19 includes Ladakh; retained as a separate historical geography and not joined to present UT totals.",Jharkhand,2025,gsdp_current_prices_inr_crore,516255.36,official_measured,official,,,,,,,,GSDP_current_prices_2011_12_base|All sectors,,,,,,,2025-12-11,,2024-25,reported,official_statistical_published,RBI Handbook of Statistics on Indian States 2024-25; Table 21; 11 December 2025,current_prices,2011-12
state_karnataka,Karnataka,state_aggregate,RBI / NSO,Karnataka,All sectors,gsdp_current_prices_inr_crore,1333239.99,INR crore,133323999.0,INR lakh,2017-04-01,2018-03-31,fiscal_year,actual,GSDP_current_prices_2011_12_base,2018-03-31,2025-12-11,rbi_gsdp_current_prices_2024_25,https://rbidocs.rbi.org.in/rdocs/Publications/PDFs/21T_11122025D994949B48C44B68B4465FBB9ADDFF3D.PDF,"Table 21, state Karnataka, column 2017-18",official_measured,True,6e48293426935a2ef796c0163edbedeeb6dd165b21db8f018ac912502b3cc287,"Full RBI December2025 published vintage; values may revise earlier releases. Statistical estimates for completed reporting periods, not audited financial actuals; individual AE/RE/provisional status is not specified in this table. Missing cells omitted, never zero-filled. J&K throughFY2018-19 includes Ladakh; retained as a separate historical geography and not joined to present UT totals.",Karnataka,2018,gsdp_current_prices_inr_crore,1333239.99,official_measured,official,,,,,,,,GSDP_current_prices_2011_12_base|All sectors,,,,,,,2025-12-11,,2017-18,reported,official_statistical_published,RBI Handbook of Statistics on Indian States 2024-25; Table 21; 11 December 2025,current_prices,2011-12
state_karnataka,Karnataka,state_aggregate,RBI / NSO,Karnataka,All sectors,gsdp_current_prices_inr_crore,1479391.43,INR crore,147939143.0,INR lakh,2018-04-01,2019-03-31,fiscal_year,actual,GSDP_current_prices_2011_12_base,2019-03-31,2025-12-11,rbi_gsdp_current_prices_2024_25,https://rbidocs.rbi.org.in/rdocs/Publications/PDFs/21T_11122025D994949B48C44B68B4465FBB9ADDFF3D.PDF,"Table 21, state Karnataka, column 2018-19",official_measured,True,6e48293426935a2ef796c0163edbedeeb6dd165b21db8f018ac912502b3cc287,"Full RBI December2025 published vintage; values may revise earlier releases. Statistical estimates for completed reporting periods, not audited financial actuals; individual AE/RE/provisional status is not specified in this table. Missing cells omitted, never zero-filled. J&K throughFY2018-19 includes Ladakh; retained as a separate historical geography and not joined to present UT totals.",Karnataka,2019,gsdp_current_prices_inr_crore,1479391.43,official_measured,official,,,,,,,,GSDP_current_prices_2011_12_base|All sectors,,,,,,,2025-12-11,,2018-19,reported,official_statistical_published,RBI Handbook of Statistics on Indian States 2024-25; Table 21; 11 December 2025,current_prices,2011-12
state_karnataka,Karnataka,state_aggregate,RBI / NSO,Karnataka,All sectors,gsdp_current_prices_inr_crore,1615826.53,INR crore,161582653.0,INR lakh,2019-04-01,2020-03-31,fiscal_year,actual,GSDP_current_prices_2011_12_base,2020-03-31,2025-12-11,rbi_gsdp_current_prices_2024_25,https://rbidocs.rbi.org.in/rdocs/Publications/PDFs/21T_11122025D994949B48C44B68B4465FBB9ADDFF3D.PDF,"Table 21, state Karnataka, column 2019-20",official_measured,True,6e48293426935a2ef796c0163edbedeeb6dd165b21db8f018ac912502b3cc287,"Full RBI December2025 published vintage; values may revise earlier releases. Statistical estimates for completed reporting periods, not audited financial actuals; individual AE/RE/provisional status is not specified in this table. Missing cells omitted, never zero-filled. J&K throughFY2018-19 includes Ladakh; retained as a separate historical geography and not joined to present UT totals.",Karnataka,2020,gsdp_current_prices_inr_crore,1615826.53,official_measured,official,,,,,,,,GSDP_current_prices_2011_12_base|All sectors,,,,,,,2025-12-11,,2019-20,reported,official_statistical_published,RBI Handbook of Statistics on Indian States 2024-25; Table 21; 11 December 2025,current_prices,2011-12
state_karnataka,Karnataka,state_aggregate,RBI / NSO,Karnataka,All sectors,gsdp_current_prices_inr_crore,1640811.46,INR crore,164081146.0,INR lakh,2020-04-01,2021-03-31,fiscal_year,actual,GSDP_current_prices_2011_12_base,2021-03-31,2025-12-11,rbi_gsdp_current_prices_2024_25,https://rbidocs.rbi.org.in/rdocs/Publications/PDFs/21T_11122025D994949B48C44B68B4465FBB9ADDFF3D.PDF,"Table 21, state Karnataka, column 2020-21",official_measured,True,6e48293426935a2ef796c0163edbedeeb6dd165b21db8f018ac912502b3cc287,"Full RBI December2025 published vintage; values may revise earlier releases. Statistical estimates for completed reporting periods, not audited financial actuals; individual AE/RE/provisional status is not specified in this table. Missing cells omitted, never zero-filled. J&K throughFY2018-19 includes Ladakh; retained as a separate historical geography and not joined to present UT totals.",Karnataka,2021,gsdp_current_prices_inr_crore,1640811.46,official_measured,official,,,,,,,,GSDP_current_prices_2011_12_base|All sectors,,,,,,,2025-12-11,,2020-21,reported,official_statistical_published,RBI Handbook of Statistics on Indian States 2024-25; Table 21; 11 December 2025,current_prices,2011-12
state_karnataka,Karnataka,state_aggregate,RBI / NSO,Karnataka,All sectors,gsdp_current_prices_inr_crore,1992029.31,INR crore,199202931.0,INR lakh,2021-04-01,2022-03-31,fiscal_year,actual,GSDP_current_prices_2011_12_base,2022-03-31,2025-12-11,rbi_gsdp_current_prices_2024_25,https://rbidocs.rbi.org.in/rdocs/Publications/PDFs/21T_11122025D994949B48C44B68B4465FBB9ADDFF3D.PDF,"Table 21, state Karnataka, column 2021-22",official_measured,True,6e48293426935a2ef796c0163edbedeeb6dd165b21db8f018ac912502b3cc287,"Full RBI December2025 published vintage; values may revise earlier releases. Statistical estimates for completed reporting periods, not audited financial actuals; individual AE/RE/provisional status is not specified in this table. Missing cells omitted, never zero-filled. J&K throughFY2018-19 includes Ladakh; retained as a separate historical geography and not joined to present UT totals.",Karnataka,2022,gsdp_current_prices_inr_crore,1992029.31,official_measured,official,,,,,,,,GSDP_current_prices_2011_12_base|All sectors,,,,,,,2025-12-11,,2021-22,reported,official_statistical_published,RBI Handbook of Statistics on Indian States 2024-25; Table 21; 11 December 2025,current_prices,2011-12
state_karnataka,Karnataka,state_aggregate,RBI / NSO,Karnataka,All sectors,gsdp_current_prices_inr_crore,2319696.23,INR crore,231969623.0,INR lakh,2022-04-01,2023-03-31,fiscal_year,actual,GSDP_current_prices_2011_12_base,2023-03-31,2025-12-11,rbi_gsdp_current_prices_2024_25,https://rbidocs.rbi.org.in/rdocs/Publications/PDFs/21T_11122025D994949B48C44B68B4465FBB9ADDFF3D.PDF,"Table 21, state Karnataka, column 2022-23",official_measured,True,6e48293426935a2ef796c0163edbedeeb6dd165b21db8f018ac912502b3cc287,"Full RBI December2025 published vintage; values may revise earlier releases. Statistical estimates for completed reporting periods, not audited financial actuals; individual AE/RE/provisional status is not specified in this table. Missing cells omitted, never zero-filled. J&K throughFY2018-19 includes Ladakh; retained as a separate historical geography and not joined to present UT totals.",Karnataka,2023,gsdp_current_prices_inr_crore,2319696.23,official_measured,official,,,,,,,,GSDP_current_prices_2011_12_base|All sectors,,,,,,,2025-12-11,,2022-23,reported,official_statistical_published,RBI Handbook of Statistics on Indian States 2024-25; Table 21; 11 December 2025,current_prices,2011-12
state_karnataka,Karnataka,state_aggregate,RBI / NSO,Karnataka,All sectors,gsdp_current_prices_inr_crore,2557241.35,INR crore,255724135.0,INR lakh,2023-04-01,2024-03-31,fiscal_year,actual,GSDP_current_prices_2011_12_base,2024-03-31,2025-12-11,rbi_gsdp_current_prices_2024_25,https://rbidocs.rbi.org.in/rdocs/Publications/PDFs/21T_11122025D994949B48C44B68B4465FBB9ADDFF3D.PDF,"Table 21, state Karnataka, column 2023-24",official_measured,True,6e48293426935a2ef796c0163edbedeeb6dd165b21db8f018ac912502b3cc287,"Full RBI December2025 published vintage; values may revise earlier releases. Statistical estimates for completed reporting periods, not audited financial actuals; individual AE/RE/provisional status is not specified in this table. Missing cells omitted, never zero-filled. J&K throughFY2018-19 includes Ladakh; retained as a separate historical geography and not joined to present UT totals.",Karnataka,2024,gsdp_current_prices_inr_crore,2557241.35,official_measured,official,,,,,,,,GSDP_current_prices_2011_12_base|All sectors,,,,,,,2025-12-11,,2023-24,reported,official_statistical_published,RBI Handbook of Statistics on Indian States 2024-25; Table 21; 11 December 2025,current_prices,2011-12
state_karnataka,Karnataka,state_aggregate,RBI / NSO,Karnataka,All sectors,gsdp_current_prices_inr_crore,2883903.23,INR crore,288390323.0,INR lakh,2024-04-01,2025-03-31,fiscal_year,actual,GSDP_current_prices_2011_12_base,2025-03-31,2025-12-11,rbi_gsdp_current_prices_2024_25,https://rbidocs.rbi.org.in/rdocs/Publications/PDFs/21T_11122025D994949B48C44B68B4465FBB9ADDFF3D.PDF,"Table 21, state Karnataka, column 2024-25",official_measured,True,6e48293426935a2ef796c0163edbedeeb6dd165b21db8f018ac912502b3cc287,"Full RBI December2025 published vintage; values may revise earlier releases. Statistical estimates for completed reporting periods, not audited financial actuals; individual AE/RE/provisional status is not specified in this table. Missing cells omitted, never zero-filled. J&K throughFY2018-19 includes Ladakh; retained as a separate historical geography and not joined to present UT totals.",Karnataka,2025,gsdp_current_prices_inr_crore,2883903.23,official_measured,official,,,,,,,,GSDP_current_prices_2011_12_base|All sectors,,,,,,,2025-12-11,,2024-25,reported,official_statistical_published,RBI Handbook of Statistics on Indian States 2024-25; Table 21; 11 December 2025,current_prices,2011-12
state_kerala,Kerala,state_aggregate,RBI / NSO,Kerala,All sectors,gsdp_current_prices_inr_crore,701588.26,INR crore,70158826.0,INR lakh,2017-04-01,2018-03-31,fiscal_year,actual,GSDP_current_prices_2011_12_base,2018-03-31,2025-12-11,rbi_gsdp_current_prices_2024_25,https://rbidocs.rbi.org.in/rdocs/Publications/PDFs/21T_11122025D994949B48C44B68B4465FBB9ADDFF3D.PDF,"Table 21, state Kerala, column 2017-18",official_measured,True,6e48293426935a2ef796c0163edbedeeb6dd165b21db8f018ac912502b3cc287,"Full RBI December2025 published vintage; values may revise earlier releases. Statistical estimates for completed reporting periods, not audited financial actuals; individual AE/RE/provisional status is not specified in this table. Missing cells omitted, never zero-filled. J&K throughFY2018-19 includes Ladakh; retained as a separate historical geography and not joined to present UT totals.",Kerala,2018,gsdp_current_prices_inr_crore,701588.26,official_measured,official,,,,,,,,GSDP_current_prices_2011_12_base|All sectors,,,,,,,2025-12-11,,2017-18,reported,official_statistical_published,RBI Handbook of Statistics on Indian States 2024-25; Table 21; 11 December 2025,current_prices,2011-12
state_kerala,Kerala,state_aggregate,RBI / NSO,Kerala,All sectors,gsdp_current_prices_inr_crore,788285.5800000001,INR crore,78828558.0,INR lakh,2018-04-01,2019-03-31,fiscal_year,actual,GSDP_current_prices_2011_12_base,2019-03-31,2025-12-11,rbi_gsdp_current_prices_2024_25,https://rbidocs.rbi.org.in/rdocs/Publications/PDFs/21T_11122025D994949B48C44B68B4465FBB9ADDFF3D.PDF,"Table 21, state Kerala, column 2018-19",official_measured,True,6e48293426935a2ef796c0163edbedeeb6dd165b21db8f018ac912502b3cc287,"Full RBI December2025 published vintage; values may revise earlier releases. Statistical estimates for completed reporting periods, not audited financial actuals; individual AE/RE/provisional status is not specified in this table. Missing cells omitted, never zero-filled. J&K throughFY2018-19 includes Ladakh; retained as a separate historical geography and not joined to present UT totals.",Kerala,2019,gsdp_current_prices_inr_crore,788285.5800000001,official_measured,official,,,,,,,,GSDP_current_prices_2011_12_base|All sectors,,,,,,,2025-12-11,,2018-19,reported,official_statistical_published,RBI Handbook of Statistics on Indian States 2024-25; Table 21; 11 December 2025,current_prices,2011-12
state_kerala,Kerala,state_aggregate,RBI / NSO,Kerala,All sectors,gsdp_current_prices_inr_crore,812934.63,INR crore,81293463.0,INR lakh,2019-04-01,2020-03-31,fiscal_year,actual,GSDP_current_prices_2011_12_base,2020-03-31,2025-12-11,rbi_gsdp_current_prices_2024_25,https://rbidocs.rbi.org.in/rdocs/Publications/PDFs/21T_11122025D994949B48C44B68B4465FBB9ADDFF3D.PDF,"Table 21, state Kerala, column 2019-20",official_measured,True,6e48293426935a2ef796c0163edbedeeb6dd165b21db8f018ac912502b3cc287,"Full RBI December2025 published vintage; values may revise earlier releases. Statistical estimates for completed reporting periods, not audited financial actuals; individual AE/RE/provisional status is not specified in this table. Missing cells omitted, never zero-filled. J&K throughFY2018-19 includes Ladakh; retained as a separate historical geography and not joined to present UT totals.",Kerala,2020,gsdp_current_prices_inr_crore,812934.63,official_measured,official,,,,,,,,GSDP_current_prices_2011_12_base|All sectors,,,,,,,2025-12-11,,2019-20,reported,official_statistical_published,RBI Handbook of Statistics on Indian States 2024-25; Table 21; 11 December 2025,current_prices,2011-12
state_kerala,Kerala,state_aggregate,RBI / NSO,Kerala,All sectors,gsdp_current_prices_inr_crore,771723.89,INR crore,77172389.0,INR lakh,2020-04-01,2021-03-31,fiscal_year,actual,GSDP_current_prices_2011_12_base,2021-03-31,2025-12-11,rbi_gsdp_current_prices_2024_25,https://rbidocs.rbi.org.in/rdocs/Publications/PDFs/21T_11122025D994949B48C44B68B4465FBB9ADDFF3D.PDF,"Table 21, state Kerala, column 2020-21",official_measured,True,6e48293426935a2ef796c0163edbedeeb6dd165b21db8f018ac912502b3cc287,"Full RBI December2025 published vintage; values may revise earlier releases. Statistical estimates for completed reporting periods, not audited financial actuals; individual AE/RE/provisional status is not specified in this table. Missing cells omitted, never zero-filled. J&K throughFY2018-19 includes Ladakh; retained as a separate historical geography and not joined to present UT totals.",Kerala,2021,gsdp_current_prices_inr_crore,771723.89,official_measured,official,,,,,,,,GSDP_current_prices_2011_12_base|All sectors,,,,,,,2025-12-11,,2020-21,reported,official_statistical_published,RBI Handbook of Statistics on Indian States 2024-25; Table 21; 11 December 2025,current_prices,2011-12
state_kerala,Kerala,state_aggregate,RBI / NSO,Kerala,All sectors,gsdp_current_prices_inr_crore,924465.42,INR crore,92446542.0,INR lakh,2021-04-01,2022-03-31,fiscal_year,actual,GSDP_current_prices_2011_12_base,2022-03-31,2025-12-11,rbi_gsdp_current_prices_2024_25,https://rbidocs.rbi.org.in/rdocs/Publications/PDFs/21T_11122025D994949B48C44B68B4465FBB9ADDFF3D.PDF,"Table 21, state Kerala, column 2021-22",official_measured,True,6e48293426935a2ef796c0163edbedeeb6dd165b21db8f018ac912502b3cc287,"Full RBI December2025 published vintage; values may revise earlier releases. Statistical estimates for completed reporting periods, not audited financial actuals; individual AE/RE/provisional status is not specified in this table. Missing cells omitted, never zero-filled. J&K throughFY2018-19 includes Ladakh; retained as a separate historical geography and not joined to present UT totals.",Kerala,2022,gsdp_current_prices_inr_crore,924465.42,official_measured,official,,,,,,,,GSDP_current_prices_2011_12_base|All sectors,,,,,,,2025-12-11,,2021-22,reported,official_statistical_published,RBI Handbook of Statistics on Indian States 2024-25; Table 21; 11 December 2025,current_prices,2011-12
state_kerala,Kerala,state_aggregate,RBI / NSO,Kerala,All sectors,gsdp_current_prices_inr_crore,1038734.06,INR crore,103873406.0,INR lakh,2022-04-01,2023-03-31,fiscal_year,actual,GSDP_current_prices_2011_12_base,2023-03-31,2025-12-11,rbi_gsdp_current_prices_2024_25,https://rbidocs.rbi.org.in/rdocs/Publications/PDFs/21T_11122025D994949B48C44B68B4465FBB9ADDFF3D.PDF,"Table 21, state Kerala, column 2022-23",official_measured,True,6e48293426935a2ef796c0163edbedeeb6dd165b21db8f018ac912502b3cc287,"Full RBI December2025 published vintage; values may revise earlier releases. Statistical estimates for completed reporting periods, not audited financial actuals; individual AE/RE/provisional status is not specified in this table. Missing cells omitted, never zero-filled. J&K throughFY2018-19 includes Ladakh; retained as a separate historical geography and not joined to present UT totals.",Kerala,2023,gsdp_current_prices_inr_crore,1038734.06,official_measured,official,,,,,,,,GSDP_current_prices_2011_12_base|All sectors,,,,,,,2025-12-11,,2022-23,reported,official_statistical_published,RBI Handbook of Statistics on Indian States 2024-25; Table 21; 11 December 2025,current_prices,2011-12
state_kerala,Kerala,state_aggregate,RBI / NSO,Kerala,All sectors,gsdp_current_prices_inr_crore,1135371.56,INR crore,113537156.0,INR lakh,2023-04-01,2024-03-31,fiscal_year,actual,GSDP_current_prices_2011_12_base,2024-03-31,2025-12-11,rbi_gsdp_current_prices_2024_25,https://rbidocs.rbi.org.in/rdocs/Publications/PDFs/21T_11122025D994949B48C44B68B4465FBB9ADDFF3D.PDF,"Table 21, state Kerala, column 2023-24",official_measured,True,6e48293426935a2ef796c0163edbedeeb6dd165b21db8f018ac912502b3cc287,"Full RBI December2025 published vintage; values may revise earlier releases. Statistical estimates for completed reporting periods, not audited financial actuals; individual AE/RE/provisional status is not specified in this table. Missing cells omitted, never zero-filled. J&K throughFY2018-19 includes Ladakh; retained as a separate historical geography and not joined to present UT totals.",Kerala,2024,gsdp_current_prices_inr_crore,1135371.56,official_measured,official,,,,,,,,GSDP_current_prices_2011_12_base|All sectors,,,,,,,2025-12-11,,2023-24,reported,official_statistical_published,RBI Handbook of Statistics on Indian States 2024-25; Table 21; 11 December 2025,current_prices,2011-12
state_kerala,Kerala,state_aggregate,RBI / NSO,Kerala,All sectors,gsdp_current_prices_inr_crore,1248533.01,INR crore,124853301.0,INR lakh,2024-04-01,2025-03-31,fiscal_year,actual,GSDP_current_prices_2011_12_base,2025-03-31,2025-12-11,rbi_gsdp_current_prices_2024_25,https://rbidocs.rbi.org.in/rdocs/Publications/PDFs/21T_11122025D994949B48C44B68B4465FBB9ADDFF3D.PDF,"Table 21, state Kerala, column 2024-25",official_measured,True,6e48293426935a2ef796c0163edbedeeb6dd165b21db8f018ac912502b3cc287,"Full RBI December2025 published vintage; values may revise earlier releases. Statistical estimates for completed reporting periods, not audited financial actuals; individual AE/RE/provisional status is not specified in this table. Missing cells omitted, never zero-filled. J&K throughFY2018-19 includes Ladakh; retained as a separate historical geography and not joined to present UT totals.",Kerala,2025,gsdp_current_prices_inr_crore,1248533.01,official_measured,official,,,,,,,,GSDP_current_prices_2011_12_base|All sectors,,,,,,,2025-12-11,,2024-25,reported,official_statistical_published,RBI Handbook of Statistics on Indian States 2024-25; Table 21; 11 December 2025,current_prices,2011-12
state_ladakh,Ladakh,state_aggregate,RBI / NSO,Ladakh,All sectors,gsdp_current_prices_inr_crore,6564.6900000000005,INR crore,656469.0,INR lakh,2022-04-01,2023-03-31,fiscal_year,actual,GSDP_current_prices_2011_12_base,2023-03-31,2025-12-11,rbi_gsdp_current_prices_2024_25,https://rbidocs.rbi.org.in/rdocs/Publications/PDFs/21T_11122025D994949B48C44B68B4465FBB9ADDFF3D.PDF,"Table 21, state Ladakh, column 2022-23",official_measured,True,6e48293426935a2ef796c0163edbedeeb6dd165b21db8f018ac912502b3cc287,"Full RBI December2025 published vintage; values may revise earlier releases. Statistical estimates for completed reporting periods, not audited financial actuals; individual AE/RE/provisional status is not specified in this table. Missing cells omitted, never zero-filled. J&K throughFY2018-19 includes Ladakh; retained as a separate historical geography and not joined to present UT totals.",Ladakh,2023,gsdp_current_prices_inr_crore,6564.6900000000005,official_measured,official,,,,,,,,GSDP_current_prices_2011_12_base|All sectors,,,,,,,2025-12-11,,2022-23,reported,official_statistical_published,RBI Handbook of Statistics on Indian States 2024-25; Table 21; 11 December 2025,current_prices,2011-12
state_ladakh,Ladakh,state_aggregate,RBI / NSO,Ladakh,All sectors,gsdp_current_prices_inr_crore,8304.17,INR crore,830417.0,INR lakh,2023-04-01,2024-03-31,fiscal_year,actual,GSDP_current_prices_2011_12_base,2024-03-31,2025-12-11,rbi_gsdp_current_prices_2024_25,https://rbidocs.rbi.org.in/rdocs/Publications/PDFs/21T_11122025D994949B48C44B68B4465FBB9ADDFF3D.PDF,"Table 21, state Ladakh, column 2023-24",official_measured,True,6e48293426935a2ef796c0163edbedeeb6dd165b21db8f018ac912502b3cc287,"Full RBI December2025 published vintage; values may revise earlier releases. Statistical estimates for completed reporting periods, not audited financial actuals; individual AE/RE/provisional status is not specified in this table. Missing cells omitted, never zero-filled. J&K throughFY2018-19 includes Ladakh; retained as a separate historical geography and not joined to present UT totals.",Ladakh,2024,gsdp_current_prices_inr_crore,8304.17,official_measured,official,,,,,,,,GSDP_current_prices_2011_12_base|All sectors,,,,,,,2025-12-11,,2023-24,reported,official_statistical_published,RBI Handbook of Statistics on Indian States 2024-25; Table 21; 11 December 2025,current_prices,2011-12
state_madhya_pradesh,Madhya Pradesh,state_aggregate,RBI / NSO,Madhya Pradesh,All sectors,gsdp_current_prices_inr_crore,726283.92,INR crore,72628392.0,INR lakh,2017-04-01,2018-03-31,fiscal_year,actual,GSDP_current_prices_2011_12_base,2018-03-31,2025-12-11,rbi_gsdp_current_prices_2024_25,https://rbidocs.rbi.org.in/rdocs/Publications/PDFs/21T_11122025D994949B48C44B68B4465FBB9ADDFF3D.PDF,"Table 21, state Madhya Pradesh, column 2017-18",official_measured,True,6e48293426935a2ef796c0163edbedeeb6dd165b21db8f018ac912502b3cc287,"Full RBI December2025 published vintage; values may revise earlier releases. Statistical estimates for completed reporting periods, not audited financial actuals; individual AE/RE/provisional status is not specified in this table. Missing cells omitted, never zero-filled. J&K throughFY2018-19 includes Ladakh; retained as a separate historical geography and not joined to present UT totals.",Madhya Pradesh,2018,gsdp_current_prices_inr_crore,726283.92,official_measured,official,,,,,,,,GSDP_current_prices_2011_12_base|All sectors,,,,,,,2025-12-11,,2017-18,reported,official_statistical_published,RBI Handbook of Statistics on Indian States 2024-25; Table 21; 11 December 2025,current_prices,2011-12
state_madhya_pradesh,Madhya Pradesh,state_aggregate,RBI / NSO,Madhya Pradesh,All sectors,gsdp_current_prices_inr_crore,829804.73,INR crore,82980473.0,INR lakh,2018-04-01,2019-03-31,fiscal_year,actual,GSDP_current_prices_2011_12_base,2019-03-31,2025-12-11,rbi_gsdp_current_prices_2024_25,https://rbidocs.rbi.org.in/rdocs/Publications/PDFs/21T_11122025D994949B48C44B68B4465FBB9ADDFF3D.PDF,"Table 21, state Madhya Pradesh, column 2018-19",official_measured,True,6e48293426935a2ef796c0163edbedeeb6dd165b21db8f018ac912502b3cc287,"Full RBI December2025 published vintage; values may revise earlier releases. Statistical estimates for completed reporting periods, not audited financial actuals; individual AE/RE/provisional status is not specified in this table. Missing cells omitted, never zero-filled. J&K throughFY2018-19 includes Ladakh; retained as a separate historical geography and not joined to present UT totals.",Madhya Pradesh,2019,gsdp_current_prices_inr_crore,829804.73,official_measured,official,,,,,,,,GSDP_current_prices_2011_12_base|All sectors,,,,,,,2025-12-11,,2018-19,reported,official_statistical_published,RBI Handbook of Statistics on Indian States 2024-25; Table 21; 11 December 2025,current_prices,2011-12
state_madhya_pradesh,Madhya Pradesh,state_aggregate,RBI / NSO,Madhya Pradesh,All sectors,gsdp_current_prices_inr_crore,927855.0,INR crore,92785500.0,INR lakh,2019-04-01,2020-03-31,fiscal_year,actual,GSDP_current_prices_2011_12_base,2020-03-31,2025-12-11,rbi_gsdp_current_prices_2024_25,https://rbidocs.rbi.org.in/rdocs/Publications/PDFs/21T_11122025D994949B48C44B68B4465FBB9ADDFF3D.PDF,"Table 21, state Madhya Pradesh, column 2019-20",official_measured,True,6e48293426935a2ef796c0163edbedeeb6dd165b21db8f018ac912502b3cc287,"Full RBI December2025 published vintage; values may revise earlier releases. Statistical estimates for completed reporting periods, not audited financial actuals; individual AE/RE/provisional status is not specified in this table. Missing cells omitted, never zero-filled. J&K throughFY2018-19 includes Ladakh; retained as a separate historical geography and not joined to present UT totals.",Madhya Pradesh,2020,gsdp_current_prices_inr_crore,927855.0,official_measured,official,,,,,,,,GSDP_current_prices_2011_12_base|All sectors,,,,,,,2025-12-11,,2019-20,reported,official_statistical_published,RBI Handbook of Statistics on Indian States 2024-25; Table 21; 11 December 2025,current_prices,2011-12
state_madhya_pradesh,Madhya Pradesh,state_aggregate,RBI / NSO,Madhya Pradesh,All sectors,gsdp_current_prices_inr_crore,946217.72,INR crore,94621772.0,INR lakh,2020-04-01,2021-03-31,fiscal_year,actual,GSDP_current_prices_2011_12_base,2021-03-31,2025-12-11,rbi_gsdp_current_prices_2024_25,https://rbidocs.rbi.org.in/rdocs/Publications/PDFs/21T_11122025D994949B48C44B68B4465FBB9ADDFF3D.PDF,"Table 21, state Madhya Pradesh, column 2020-21",official_measured,True,6e48293426935a2ef796c0163edbedeeb6dd165b21db8f018ac912502b3cc287,"Full RBI December2025 published vintage; values may revise earlier releases. Statistical estimates for completed reporting periods, not audited financial actuals; individual AE/RE/provisional status is not specified in this table. Missing cells omitted, never zero-filled. J&K throughFY2018-19 includes Ladakh; retained as a separate historical geography and not joined to present UT totals.",Madhya Pradesh,2021,gsdp_current_prices_inr_crore,946217.72,official_measured,official,,,,,,,,GSDP_current_prices_2011_12_base|All sectors,,,,,,,2025-12-11,,2020-21,reported,official_statistical_published,RBI Handbook of Statistics on Indian States 2024-25; Table 21; 11 December 2025,current_prices,2011-12
state_madhya_pradesh,Madhya Pradesh,state_aggregate,RBI / NSO,Madhya Pradesh,All sectors,gsdp_current_prices_inr_crore,1101168.04,INR crore,110116804.0,INR lakh,2021-04-01,2022-03-31,fiscal_year,actual,GSDP_current_prices_2011_12_base,2022-03-31,2025-12-11,rbi_gsdp_current_prices_2024_25,https://rbidocs.rbi.org.in/rdocs/Publications/PDFs/21T_11122025D994949B48C44B68B4465FBB9ADDFF3D.PDF,"Table 21, state Madhya Pradesh, column 2021-22",official_measured,True,6e48293426935a2ef796c0163edbedeeb6dd165b21db8f018ac912502b3cc287,"Full RBI December2025 published vintage; values may revise earlier releases. Statistical estimates for completed reporting periods, not audited financial actuals; individual AE/RE/provisional status is not specified in this table. Missing cells omitted, never zero-filled. J&K throughFY2018-19 includes Ladakh; retained as a separate historical geography and not joined to present UT totals.",Madhya Pradesh,2022,gsdp_current_prices_inr_crore,1101168.04,official_measured,official,,,,,,,,GSDP_current_prices_2011_12_base|All sectors,,,,,,,2025-12-11,,2021-22,reported,official_statistical_published,RBI Handbook of Statistics on Indian States 2024-25; Table 21; 11 December 2025,current_prices,2011-12
state_madhya_pradesh,Madhya Pradesh,state_aggregate,RBI / NSO,Madhya Pradesh,All sectors,gsdp_current_prices_inr_crore,1221812.5,INR crore,122181250.0,INR lakh,2022-04-01,2023-03-31,fiscal_year,actual,GSDP_current_prices_2011_12_base,2023-03-31,2025-12-11,rbi_gsdp_current_prices_2024_25,https://rbidocs.rbi.org.in/rdocs/Publications/PDFs/21T_11122025D994949B48C44B68B4465FBB9ADDFF3D.PDF,"Table 21, state Madhya Pradesh, column 2022-23",official_measured,True,6e48293426935a2ef796c0163edbedeeb6dd165b21db8f018ac912502b3cc287,"Full RBI December2025 published vintage; values may revise earlier releases. Statistical estimates for completed reporting periods, not audited financial actuals; individual AE/RE/provisional status is not specified in this table. Missing cells omitted, never zero-filled. J&K throughFY2018-19 includes Ladakh; retained as a separate historical geography and not joined to present UT totals.",Madhya Pradesh,2023,gsdp_current_prices_inr_crore,1221812.5,official_measured,official,,,,,,,,GSDP_current_prices_2011_12_base|All sectors,,,,,,,2025-12-11,,2022-23,reported,official_statistical_published,RBI Handbook of Statistics on Indian States 2024-25; Table 21; 11 December 2025,current_prices,2011-12
state_madhya_pradesh,Madhya Pradesh,state_aggregate,RBI / NSO,Madhya Pradesh,All sectors,gsdp_current_prices_inr_crore,1353808.97,INR crore,135380897.0,INR lakh,2023-04-01,2024-03-31,fiscal_year,actual,GSDP_current_prices_2011_12_base,2024-03-31,2025-12-11,rbi_gsdp_current_prices_2024_25,https://rbidocs.rbi.org.in/rdocs/Publications/PDFs/21T_11122025D994949B48C44B68B4465FBB9ADDFF3D.PDF,"Table 21, state Madhya Pradesh, column 2023-24",official_measured,True,6e48293426935a2ef796c0163edbedeeb6dd165b21db8f018ac912502b3cc287,"Full RBI December2025 published vintage; values may revise earlier releases. Statistical estimates for completed reporting periods, not audited financial actuals; individual AE/RE/provisional status is not specified in this table. Missing cells omitted, never zero-filled. J&K throughFY2018-19 includes Ladakh; retained as a separate historical geography and not joined to present UT totals.",Madhya Pradesh,2024,gsdp_current_prices_inr_crore,1353808.97,official_measured,official,,,,,,,,GSDP_current_prices_2011_12_base|All sectors,,,,,,,2025-12-11,,2023-24,reported,official_statistical_published,RBI Handbook of Statistics on Indian States 2024-25; Table 21; 11 December 2025,current_prices,2011-12
state_madhya_pradesh,Madhya Pradesh,state_aggregate,RBI / NSO,Madhya Pradesh,All sectors,gsdp_current_prices_inr_crore,1503395.4000000001,INR crore,150339540.0,INR lakh,2024-04-01,2025-03-31,fiscal_year,actual,GSDP_current_prices_2011_12_base,2025-03-31,2025-12-11,rbi_gsdp_current_prices_2024_25,https://rbidocs.rbi.org.in/rdocs/Publications/PDFs/21T_11122025D994949B48C44B68B4465FBB9ADDFF3D.PDF,"Table 21, state Madhya Pradesh, column 2024-25",official_measured,True,6e48293426935a2ef796c0163edbedeeb6dd165b21db8f018ac912502b3cc287,"Full RBI December2025 published vintage; values may revise earlier releases. Statistical estimates for completed reporting periods, not audited financial actuals; individual AE/RE/provisional status is not specified in this table. Missing cells omitted, never zero-filled. J&K throughFY2018-19 includes Ladakh; retained as a separate historical geography and not joined to present UT totals.",Madhya Pradesh,2025,gsdp_current_prices_inr_crore,1503395.4000000001,official_measured,official,,,,,,,,GSDP_current_prices_2011_12_base|All sectors,,,,,,,2025-12-11,,2024-25,reported,official_statistical_published,RBI Handbook of Statistics on Indian States 2024-25; Table 21; 11 December 2025,current_prices,2011-12
state_maharashtra,Maharashtra,state_aggregate,RBI / NSO,Maharashtra,All sectors,gsdp_current_prices_inr_crore,2352781.5,INR crore,235278150.0,INR lakh,2017-04-01,2018-03-31,fiscal_year,actual,GSDP_current_prices_2011_12_base,2018-03-31,2025-12-11,rbi_gsdp_current_prices_2024_25,https://rbidocs.rbi.org.in/rdocs/Publications/PDFs/21T_11122025D994949B48C44B68B4465FBB9ADDFF3D.PDF,"Table 21, state Maharashtra, column 2017-18",official_measured,True,6e48293426935a2ef796c0163edbedeeb6dd165b21db8f018ac912502b3cc287,"Full RBI December2025 published vintage; values may revise earlier releases. Statistical estimates for completed reporting periods, not audited financial actuals; individual AE/RE/provisional status is not specified in this table. Missing cells omitted, never zero-filled. J&K throughFY2018-19 includes Ladakh; retained as a separate historical geography and not joined to present UT totals.",Maharashtra,2018,gsdp_current_prices_inr_crore,2352781.5,official_measured,official,,,,,,,,GSDP_current_prices_2011_12_base|All sectors,,,,,,,2025-12-11,,2017-18,reported,official_statistical_published,RBI Handbook of Statistics on Indian States 2024-25; Table 21; 11 December 2025,current_prices,2011-12
state_maharashtra,Maharashtra,state_aggregate,RBI / NSO,Maharashtra,All sectors,gsdp_current_prices_inr_crore,2528854.3000000003,INR crore,252885430.0,INR lakh,2018-04-01,2019-03-31,fiscal_year,actual,GSDP_current_prices_2011_12_base,2019-03-31,2025-12-11,rbi_gsdp_current_prices_2024_25,https://rbidocs.rbi.org.in/rdocs/Publications/PDFs/21T_11122025D994949B48C44B68B4465FBB9ADDFF3D.PDF,"Table 21, state Maharashtra, column 2018-19",official_measured,True,6e48293426935a2ef796c0163edbedeeb6dd165b21db8f018ac912502b3cc287,"Full RBI December2025 published vintage; values may revise earlier releases. Statistical estimates for completed reporting periods, not audited financial actuals; individual AE/RE/provisional status is not specified in this table. Missing cells omitted, never zero-filled. J&K throughFY2018-19 includes Ladakh; retained as a separate historical geography and not joined to present UT totals.",Maharashtra,2019,gsdp_current_prices_inr_crore,2528854.3000000003,official_measured,official,,,,,,,,GSDP_current_prices_2011_12_base|All sectors,,,,,,,2025-12-11,,2018-19,reported,official_statistical_published,RBI Handbook of Statistics on Indian States 2024-25; Table 21; 11 December 2025,current_prices,2011-12
state_maharashtra,Maharashtra,state_aggregate,RBI / NSO,Maharashtra,All sectors,gsdp_current_prices_inr_crore,2656806.47,INR crore,265680647.0,INR lakh,2019-04-01,2020-03-31,fiscal_year,actual,GSDP_current_prices_2011_12_base,2020-03-31,2025-12-11,rbi_gsdp_current_prices_2024_25,https://rbidocs.rbi.org.in/rdocs/Publications/PDFs/21T_11122025D994949B48C44B68B4465FBB9ADDFF3D.PDF,"Table 21, state Maharashtra, column 2019-20",official_measured,True,6e48293426935a2ef796c0163edbedeeb6dd165b21db8f018ac912502b3cc287,"Full RBI December2025 published vintage; values may revise earlier releases. Statistical estimates for completed reporting periods, not audited financial actuals; individual AE/RE/provisional status is not specified in this table. Missing cells omitted, never zero-filled. J&K throughFY2018-19 includes Ladakh; retained as a separate historical geography and not joined to present UT totals.",Maharashtra,2020,gsdp_current_prices_inr_crore,2656806.47,official_measured,official,,,,,,,,GSDP_current_prices_2011_12_base|All sectors,,,,,,,2025-12-11,,2019-20,reported,official_statistical_published,RBI Handbook of Statistics on Indian States 2024-25; Table 21; 11 December 2025,current_prices,2011-12
state_maharashtra,Maharashtra,state_aggregate,RBI / NSO,Maharashtra,All sectors,gsdp_current_prices_inr_crore,2610651.1,INR crore,261065110.0,INR lakh,2020-04-01,2021-03-31,fiscal_year,actual,GSDP_current_prices_2011_12_base,2021-03-31,2025-12-11,rbi_gsdp_current_prices_2024_25,https://rbidocs.rbi.org.in/rdocs/Publications/PDFs/21T_11122025D994949B48C44B68B4465FBB9ADDFF3D.PDF,"Table 21, state Maharashtra, column 2020-21",official_measured,True,6e48293426935a2ef796c0163edbedeeb6dd165b21db8f018ac912502b3cc287,"Full RBI December2025 published vintage; values may revise earlier releases. Statistical estimates for completed reporting periods, not audited financial actuals; individual AE/RE/provisional status is not specified in this table. Missing cells omitted, never zero-filled. J&K throughFY2018-19 includes Ladakh; retained as a separate historical geography and not joined to present UT totals.",Maharashtra,2021,gsdp_current_prices_inr_crore,2610651.1,official_measured,official,,,,,,,,GSDP_current_prices_2011_12_base|All sectors,,,,,,,2025-12-11,,2020-21,reported,official_statistical_published,RBI Handbook of Statistics on Indian States 2024-25; Table 21; 11 December 2025,current_prices,2011-12
state_maharashtra,Maharashtra,state_aggregate,RBI / NSO,Maharashtra,All sectors,gsdp_current_prices_inr_crore,3143821.42,INR crore,314382142.0,INR lakh,2021-04-01,2022-03-31,fiscal_year,actual,GSDP_current_prices_2011_12_base,2022-03-31,2025-12-11,rbi_gsdp_current_prices_2024_25,https://rbidocs.rbi.org.in/rdocs/Publications/PDFs/21T_11122025D994949B48C44B68B4465FBB9ADDFF3D.PDF,"Table 21, state Maharashtra, column 2021-22",official_measured,True,6e48293426935a2ef796c0163edbedeeb6dd165b21db8f018ac912502b3cc287,"Full RBI December2025 published vintage; values may revise earlier releases. Statistical estimates for completed reporting periods, not audited financial actuals; individual AE/RE/provisional status is not specified in this table. Missing cells omitted, never zero-filled. J&K throughFY2018-19 includes Ladakh; retained as a separate historical geography and not joined to present UT totals.",Maharashtra,2022,gsdp_current_prices_inr_crore,3143821.42,official_measured,official,,,,,,,,GSDP_current_prices_2011_12_base|All sectors,,,,,,,2025-12-11,,2021-22,reported,official_statistical_published,RBI Handbook of Statistics on Indian States 2024-25; Table 21; 11 December 2025,current_prices,2011-12
state_maharashtra,Maharashtra,state_aggregate,RBI / NSO,Maharashtra,All sectors,gsdp_current_prices_inr_crore,3641542.9,INR crore,364154290.0,INR lakh,2022-04-01,2023-03-31,fiscal_year,actual,GSDP_current_prices_2011_12_base,2023-03-31,2025-12-11,rbi_gsdp_current_prices_2024_25,https://rbidocs.rbi.org.in/rdocs/Publications/PDFs/21T_11122025D994949B48C44B68B4465FBB9ADDFF3D.PDF,"Table 21, state Maharashtra, column 2022-23",official_measured,True,6e48293426935a2ef796c0163edbedeeb6dd165b21db8f018ac912502b3cc287,"Full RBI December2025 published vintage; values may revise earlier releases. Statistical estimates for completed reporting periods, not audited financial actuals; individual AE/RE/provisional status is not specified in this table. Missing cells omitted, never zero-filled. J&K throughFY2018-19 includes Ladakh; retained as a separate historical geography and not joined to present UT totals.",Maharashtra,2023,gsdp_current_prices_inr_crore,3641542.9,official_measured,official,,,,,,,,GSDP_current_prices_2011_12_base|All sectors,,,,,,,2025-12-11,,2022-23,reported,official_statistical_published,RBI Handbook of Statistics on Indian States 2024-25; Table 21; 11 December 2025,current_prices,2011-12
state_maharashtra,Maharashtra,state_aggregate,RBI / NSO,Maharashtra,All sectors,gsdp_current_prices_inr_crore,4055847.23,INR crore,405584723.0,INR lakh,2023-04-01,2024-03-31,fiscal_year,actual,GSDP_current_prices_2011_12_base,2024-03-31,2025-12-11,rbi_gsdp_current_prices_2024_25,https://rbidocs.rbi.org.in/rdocs/Publications/PDFs/21T_11122025D994949B48C44B68B4465FBB9ADDFF3D.PDF,"Table 21, state Maharashtra, column 2023-24",official_measured,True,6e48293426935a2ef796c0163edbedeeb6dd165b21db8f018ac912502b3cc287,"Full RBI December2025 published vintage; values may revise earlier releases. Statistical estimates for completed reporting periods, not audited financial actuals; individual AE/RE/provisional status is not specified in this table. Missing cells omitted, never zero-filled. J&K throughFY2018-19 includes Ladakh; retained as a separate historical geography and not joined to present UT totals.",Maharashtra,2024,gsdp_current_prices_inr_crore,4055847.23,official_measured,official,,,,,,,,GSDP_current_prices_2011_12_base|All sectors,,,,,,,2025-12-11,,2023-24,reported,official_statistical_published,RBI Handbook of Statistics on Indian States 2024-25; Table 21; 11 December 2025,current_prices,2011-12
state_maharashtra,Maharashtra,state_aggregate,RBI / NSO,Maharashtra,All sectors,gsdp_current_prices_inr_crore,4531518.42,INR crore,453151842.0,INR lakh,2024-04-01,2025-03-31,fiscal_year,actual,GSDP_current_prices_2011_12_base,2025-03-31,2025-12-11,rbi_gsdp_current_prices_2024_25,https://rbidocs.rbi.org.in/rdocs/Publications/PDFs/21T_11122025D994949B48C44B68B4465FBB9ADDFF3D.PDF,"Table 21, state Maharashtra, column 2024-25",official_measured,True,6e48293426935a2ef796c0163edbedeeb6dd165b21db8f018ac912502b3cc287,"Full RBI December2025 published vintage; values may revise earlier releases. Statistical estimates for completed reporting periods, not audited financial actuals; individual AE/RE/provisional status is not specified in this table. Missing cells omitted, never zero-filled. J&K throughFY2018-19 includes Ladakh; retained as a separate historical geography and not joined to present UT totals.",Maharashtra,2025,gsdp_current_prices_inr_crore,4531518.42,official_measured,official,,,,,,,,GSDP_current_prices_2011_12_base|All sectors,,,,,,,2025-12-11,,2024-25,reported,official_statistical_published,RBI Handbook of Statistics on Indian States 2024-25; Table 21; 11 December 2025,current_prices,2011-12
state_manipur,Manipur,state_aggregate,RBI / NSO,Manipur,All sectors,gsdp_current_prices_inr_crore,25789.23,INR crore,2578923.0,INR lakh,2017-04-01,2018-03-31,fiscal_year,actual,GSDP_current_prices_2011_12_base,2018-03-31,2025-12-11,rbi_gsdp_current_prices_2024_25,https://rbidocs.rbi.org.in/rdocs/Publications/PDFs/21T_11122025D994949B48C44B68B4465FBB9ADDFF3D.PDF,"Table 21, state Manipur, column 2017-18",official_measured,True,6e48293426935a2ef796c0163edbedeeb6dd165b21db8f018ac912502b3cc287,"Full RBI December2025 published vintage; values may revise earlier releases. Statistical estimates for completed reporting periods, not audited financial actuals; individual AE/RE/provisional status is not specified in this table. Missing cells omitted, never zero-filled. J&K throughFY2018-19 includes Ladakh; retained as a separate historical geography and not joined to present UT totals.",Manipur,2018,gsdp_current_prices_inr_crore,25789.23,official_measured,official,,,,,,,,GSDP_current_prices_2011_12_base|All sectors,,,,,,,2025-12-11,,2017-18,reported,official_statistical_published,RBI Handbook of Statistics on Indian States 2024-25; Table 21; 11 December 2025,current_prices,2011-12
state_manipur,Manipur,state_aggregate,RBI / NSO,Manipur,All sectors,gsdp_current_prices_inr_crore,27388.07,INR crore,2738807.0,INR lakh,2018-04-01,2019-03-31,fiscal_year,actual,GSDP_current_prices_2011_12_base,2019-03-31,2025-12-11,rbi_gsdp_current_prices_2024_25,https://rbidocs.rbi.org.in/rdocs/Publications/PDFs/21T_11122025D994949B48C44B68B4465FBB9ADDFF3D.PDF,"Table 21, state Manipur, column 2018-19",official_measured,True,6e48293426935a2ef796c0163edbedeeb6dd165b21db8f018ac912502b3cc287,"Full RBI December2025 published vintage; values may revise earlier releases. Statistical estimates for completed reporting periods, not audited financial actuals; individual AE/RE/provisional status is not specified in this table. Missing cells omitted, never zero-filled. J&K throughFY2018-19 includes Ladakh; retained as a separate historical geography and not joined to present UT totals.",Manipur,2019,gsdp_current_prices_inr_crore,27388.07,official_measured,official,,,,,,,,GSDP_current_prices_2011_12_base|All sectors,,,,,,,2025-12-11,,2018-19,reported,official_statistical_published,RBI Handbook of Statistics on Indian States 2024-25; Table 21; 11 December 2025,current_prices,2011-12
state_manipur,Manipur,state_aggregate,RBI / NSO,Manipur,All sectors,gsdp_current_prices_inr_crore,29813.03,INR crore,2981303.0,INR lakh,2019-04-01,2020-03-31,fiscal_year,actual,GSDP_current_prices_2011_12_base,2020-03-31,2025-12-11,rbi_gsdp_current_prices_2024_25,https://rbidocs.rbi.org.in/rdocs/Publications/PDFs/21T_11122025D994949B48C44B68B4465FBB9ADDFF3D.PDF,"Table 21, state Manipur, column 2019-20",official_measured,True,6e48293426935a2ef796c0163edbedeeb6dd165b21db8f018ac912502b3cc287,"Full RBI December2025 published vintage; values may revise earlier releases. Statistical estimates for completed reporting periods, not audited financial actuals; individual AE/RE/provisional status is not specified in this table. Missing cells omitted, never zero-filled. J&K throughFY2018-19 includes Ladakh; retained as a separate historical geography and not joined to present UT totals.",Manipur,2020,gsdp_current_prices_inr_crore,29813.03,official_measured,official,,,,,,,,GSDP_current_prices_2011_12_base|All sectors,,,,,,,2025-12-11,,2019-20,reported,official_statistical_published,RBI Handbook of Statistics on Indian States 2024-25; Table 21; 11 December 2025,current_prices,2011-12
state_manipur,Manipur,state_aggregate,RBI / NSO,Manipur,All sectors,gsdp_current_prices_inr_crore,29776.09,INR crore,2977609.0,INR lakh,2020-04-01,2021-03-31,fiscal_year,actual,GSDP_current_prices_2011_12_base,2021-03-31,2025-12-11,rbi_gsdp_current_prices_2024_25,https://rbidocs.rbi.org.in/rdocs/Publications/PDFs/21T_11122025D994949B48C44B68B4465FBB9ADDFF3D.PDF,"Table 21, state Manipur, column 2020-21",official_measured,True,6e48293426935a2ef796c0163edbedeeb6dd165b21db8f018ac912502b3cc287,"Full RBI December2025 published vintage; values may revise earlier releases. Statistical estimates for completed reporting periods, not audited financial actuals; individual AE/RE/provisional status is not specified in this table. Missing cells omitted, never zero-filled. J&K throughFY2018-19 includes Ladakh; retained as a separate historical geography and not joined to present UT totals.",Manipur,2021,gsdp_current_prices_inr_crore,29776.09,official_measured,official,,,,,,,,GSDP_current_prices_2011_12_base|All sectors,,,,,,,2025-12-11,,2020-21,reported,official_statistical_published,RBI Handbook of Statistics on Indian States 2024-25; Table 21; 11 December 2025,current_prices,2011-12
state_manipur,Manipur,state_aggregate,RBI / NSO,Manipur,All sectors,gsdp_current_prices_inr_crore,35027.48,INR crore,3502748.0,INR lakh,2021-04-01,2022-03-31,fiscal_year,actual,GSDP_current_prices_2011_12_base,2022-03-31,2025-12-11,rbi_gsdp_current_prices_2024_25,https://rbidocs.rbi.org.in/rdocs/Publications/PDFs/21T_11122025D994949B48C44B68B4465FBB9ADDFF3D.PDF,"Table 21, state Manipur, column 2021-22",official_measured,True,6e48293426935a2ef796c0163edbedeeb6dd165b21db8f018ac912502b3cc287,"Full RBI December2025 published vintage; values may revise earlier releases. Statistical estimates for completed reporting periods, not audited financial actuals; individual AE/RE/provisional status is not specified in this table. Missing cells omitted, never zero-filled. J&K throughFY2018-19 includes Ladakh; retained as a separate historical geography and not joined to present UT totals.",Manipur,2022,gsdp_current_prices_inr_crore,35027.48,official_measured,official,,,,,,,,GSDP_current_prices_2011_12_base|All sectors,,,,,,,2025-12-11,,2021-22,reported,official_statistical_published,RBI Handbook of Statistics on Indian States 2024-25; Table 21; 11 December 2025,current_prices,2011-12
state_manipur,Manipur,state_aggregate,RBI / NSO,Manipur,All sectors,gsdp_current_prices_inr_crore,38524.31,INR crore,3852431.0,INR lakh,2022-04-01,2023-03-31,fiscal_year,actual,GSDP_current_prices_2011_12_base,2023-03-31,2025-12-11,rbi_gsdp_current_prices_2024_25,https://rbidocs.rbi.org.in/rdocs/Publications/PDFs/21T_11122025D994949B48C44B68B4465FBB9ADDFF3D.PDF,"Table 21, state Manipur, column 2022-23",official_measured,True,6e48293426935a2ef796c0163edbedeeb6dd165b21db8f018ac912502b3cc287,"Full RBI December2025 published vintage; values may revise earlier releases. Statistical estimates for completed reporting periods, not audited financial actuals; individual AE/RE/provisional status is not specified in this table. Missing cells omitted, never zero-filled. J&K throughFY2018-19 includes Ladakh; retained as a separate historical geography and not joined to present UT totals.",Manipur,2023,gsdp_current_prices_inr_crore,38524.31,official_measured,official,,,,,,,,GSDP_current_prices_2011_12_base|All sectors,,,,,,,2025-12-11,,2022-23,reported,official_statistical_published,RBI Handbook of Statistics on Indian States 2024-25; Table 21; 11 December 2025,current_prices,2011-12
state_manipur,Manipur,state_aggregate,RBI / NSO,Manipur,All sectors,gsdp_current_prices_inr_crore,43413.76,INR crore,4341376.0,INR lakh,2023-04-01,2024-03-31,fiscal_year,actual,GSDP_current_prices_2011_12_base,2024-03-31,2025-12-11,rbi_gsdp_current_prices_2024_25,https://rbidocs.rbi.org.in/rdocs/Publications/PDFs/21T_11122025D994949B48C44B68B4465FBB9ADDFF3D.PDF,"Table 21, state Manipur, column 2023-24",official_measured,True,6e48293426935a2ef796c0163edbedeeb6dd165b21db8f018ac912502b3cc287,"Full RBI December2025 published vintage; values may revise earlier releases. Statistical estimates for completed reporting periods, not audited financial actuals; individual AE/RE/provisional status is not specified in this table. Missing cells omitted, never zero-filled. J&K throughFY2018-19 includes Ladakh; retained as a separate historical geography and not joined to present UT totals.",Manipur,2024,gsdp_current_prices_inr_crore,43413.76,official_measured,official,,,,,,,,GSDP_current_prices_2011_12_base|All sectors,,,,,,,2025-12-11,,2023-24,reported,official_statistical_published,RBI Handbook of Statistics on Indian States 2024-25; Table 21; 11 December 2025,current_prices,2011-12
state_meghalaya,Meghalaya,state_aggregate,RBI / NSO,Meghalaya,All sectors,gsdp_current_prices_inr_crore,29508.3,INR crore,2950830.0,INR lakh,2017-04-01,2018-03-31,fiscal_year,actual,GSDP_current_prices_2011_12_base,2018-03-31,2025-12-11,rbi_gsdp_current_prices_2024_25,https://rbidocs.rbi.org.in/rdocs/Publications/PDFs/21T_11122025D994949B48C44B68B4465FBB9ADDFF3D.PDF,"Table 21, state Meghalaya, column 2017-18",official_measured,True,6e48293426935a2ef796c0163edbedeeb6dd165b21db8f018ac912502b3cc287,"Full RBI December2025 published vintage; values may revise earlier releases. Statistical estimates for completed reporting periods, not audited financial actuals; individual AE/RE/provisional status is not specified in this table. Missing cells omitted, never zero-filled. J&K throughFY2018-19 includes Ladakh; retained as a separate historical geography and not joined to present UT totals.",Meghalaya,2018,gsdp_current_prices_inr_crore,29508.3,official_measured,official,,,,,,,,GSDP_current_prices_2011_12_base|All sectors,,,,,,,2025-12-11,,2017-18,reported,official_statistical_published,RBI Handbook of Statistics on Indian States 2024-25; Table 21; 11 December 2025,current_prices,2011-12
state_meghalaya,Meghalaya,state_aggregate,RBI / NSO,Meghalaya,All sectors,gsdp_current_prices_inr_crore,32175.82,INR crore,3217582.0,INR lakh,2018-04-01,2019-03-31,fiscal_year,actual,GSDP_current_prices_2011_12_base,2019-03-31,2025-12-11,rbi_gsdp_current_prices_2024_25,https://rbidocs.rbi.org.in/rdocs/Publications/PDFs/21T_11122025D994949B48C44B68B4465FBB9ADDFF3D.PDF,"Table 21, state Meghalaya, column 2018-19",official_measured,True,6e48293426935a2ef796c0163edbedeeb6dd165b21db8f018ac912502b3cc287,"Full RBI December2025 published vintage; values may revise earlier releases. Statistical estimates for completed reporting periods, not audited financial actuals; individual AE/RE/provisional status is not specified in this table. Missing cells omitted, never zero-filled. J&K throughFY2018-19 includes Ladakh; retained as a separate historical geography and not joined to present UT totals.",Meghalaya,2019,gsdp_current_prices_inr_crore,32175.82,official_measured,official,,,,,,,,GSDP_current_prices_2011_12_base|All sectors,,,,,,,2025-12-11,,2018-19,reported,official_statistical_published,RBI Handbook of Statistics on Indian States 2024-25; Table 21; 11 December 2025,current_prices,2011-12
state_meghalaya,Meghalaya,state_aggregate,RBI / NSO,Meghalaya,All sectors,gsdp_current_prices_inr_crore,34770.4,INR crore,3477040.0,INR lakh,2019-04-01,2020-03-31,fiscal_year,actual,GSDP_current_prices_2011_12_base,2020-03-31,2025-12-11,rbi_gsdp_current_prices_2024_25,https://rbidocs.rbi.org.in/rdocs/Publications/PDFs/21T_11122025D994949B48C44B68B4465FBB9ADDFF3D.PDF,"Table 21, state Meghalaya, column 2019-20",official_measured,True,6e48293426935a2ef796c0163edbedeeb6dd165b21db8f018ac912502b3cc287,"Full RBI December2025 published vintage; values may revise earlier releases. Statistical estimates for completed reporting periods, not audited financial actuals; individual AE/RE/provisional status is not specified in this table. Missing cells omitted, never zero-filled. J&K throughFY2018-19 includes Ladakh; retained as a separate historical geography and not joined to present UT totals.",Meghalaya,2020,gsdp_current_prices_inr_crore,34770.4,official_measured,official,,,,,,,,GSDP_current_prices_2011_12_base|All sectors,,,,,,,2025-12-11,,2019-20,reported,official_statistical_published,RBI Handbook of Statistics on Indian States 2024-25; Table 21; 11 December 2025,current_prices,2011-12
state_meghalaya,Meghalaya,state_aggregate,RBI / NSO,Meghalaya,All sectors,gsdp_current_prices_inr_crore,33776.16,INR crore,3377616.0,INR lakh,2020-04-01,2021-03-31,fiscal_year,actual,GSDP_current_prices_2011_12_base,2021-03-31,2025-12-11,rbi_gsdp_current_prices_2024_25,https://rbidocs.rbi.org.in/rdocs/Publications/PDFs/21T_11122025D994949B48C44B68B4465FBB9ADDFF3D.PDF,"Table 21, state Meghalaya, column 2020-21",official_measured,True,6e48293426935a2ef796c0163edbedeeb6dd165b21db8f018ac912502b3cc287,"Full RBI December2025 published vintage; values may revise earlier releases. Statistical estimates for completed reporting periods, not audited financial actuals; individual AE/RE/provisional status is not specified in this table. Missing cells omitted, never zero-filled. J&K throughFY2018-19 includes Ladakh; retained as a separate historical geography and not joined to present UT totals.",Meghalaya,2021,gsdp_current_prices_inr_crore,33776.16,official_measured,official,,,,,,,,GSDP_current_prices_2011_12_base|All sectors,,,,,,,2025-12-11,,2020-21,reported,official_statistical_published,RBI Handbook of Statistics on Indian States 2024-25; Table 21; 11 December 2025,current_prices,2011-12
state_meghalaya,Meghalaya,state_aggregate,RBI / NSO,Meghalaya,All sectors,gsdp_current_prices_inr_crore,40222.04,INR crore,4022204.0,INR lakh,2021-04-01,2022-03-31,fiscal_year,actual,GSDP_current_prices_2011_12_base,2022-03-31,2025-12-11,rbi_gsdp_current_prices_2024_25,https://rbidocs.rbi.org.in/rdocs/Publications/PDFs/21T_11122025D994949B48C44B68B4465FBB9ADDFF3D.PDF,"Table 21, state Meghalaya, column 2021-22",official_measured,True,6e48293426935a2ef796c0163edbedeeb6dd165b21db8f018ac912502b3cc287,"Full RBI December2025 published vintage; values may revise earlier releases. Statistical estimates for completed reporting periods, not audited financial actuals; individual AE/RE/provisional status is not specified in this table. Missing cells omitted, never zero-filled. J&K throughFY2018-19 includes Ladakh; retained as a separate historical geography and not joined to present UT totals.",Meghalaya,2022,gsdp_current_prices_inr_crore,40222.04,official_measured,official,,,,,,,,GSDP_current_prices_2011_12_base|All sectors,,,,,,,2025-12-11,,2021-22,reported,official_statistical_published,RBI Handbook of Statistics on Indian States 2024-25; Table 21; 11 December 2025,current_prices,2011-12
state_meghalaya,Meghalaya,state_aggregate,RBI / NSO,Meghalaya,All sectors,gsdp_current_prices_inr_crore,46833.8,INR crore,4683380.0,INR lakh,2022-04-01,2023-03-31,fiscal_year,actual,GSDP_current_prices_2011_12_base,2023-03-31,2025-12-11,rbi_gsdp_current_prices_2024_25,https://rbidocs.rbi.org.in/rdocs/Publications/PDFs/21T_11122025D994949B48C44B68B4465FBB9ADDFF3D.PDF,"Table 21, state Meghalaya, column 2022-23",official_measured,True,6e48293426935a2ef796c0163edbedeeb6dd165b21db8f018ac912502b3cc287,"Full RBI December2025 published vintage; values may revise earlier releases. Statistical estimates for completed reporting periods, not audited financial actuals; individual AE/RE/provisional status is not specified in this table. Missing cells omitted, never zero-filled. J&K throughFY2018-19 includes Ladakh; retained as a separate historical geography and not joined to present UT totals.",Meghalaya,2023,gsdp_current_prices_inr_crore,46833.8,official_measured,official,,,,,,,,GSDP_current_prices_2011_12_base|All sectors,,,,,,,2025-12-11,,2022-23,reported,official_statistical_published,RBI Handbook of Statistics on Indian States 2024-25; Table 21; 11 December 2025,current_prices,2011-12
state_meghalaya,Meghalaya,state_aggregate,RBI / NSO,Meghalaya,All sectors,gsdp_current_prices_inr_crore,53223.33,INR crore,5322333.0,INR lakh,2023-04-01,2024-03-31,fiscal_year,actual,GSDP_current_prices_2011_12_base,2024-03-31,2025-12-11,rbi_gsdp_current_prices_2024_25,https://rbidocs.rbi.org.in/rdocs/Publications/PDFs/21T_11122025D994949B48C44B68B4465FBB9ADDFF3D.PDF,"Table 21, state Meghalaya, column 2023-24",official_measured,True,6e48293426935a2ef796c0163edbedeeb6dd165b21db8f018ac912502b3cc287,"Full RBI December2025 published vintage; values may revise earlier releases. Statistical estimates for completed reporting periods, not audited financial actuals; individual AE/RE/provisional status is not specified in this table. Missing cells omitted, never zero-filled. J&K throughFY2018-19 includes Ladakh; retained as a separate historical geography and not joined to present UT totals.",Meghalaya,2024,gsdp_current_prices_inr_crore,53223.33,official_measured,official,,,,,,,,GSDP_current_prices_2011_12_base|All sectors,,,,,,,2025-12-11,,2023-24,reported,official_statistical_published,RBI Handbook of Statistics on Indian States 2024-25; Table 21; 11 December 2025,current_prices,2011-12
state_meghalaya,Meghalaya,state_aggregate,RBI / NSO,Meghalaya,All sectors,gsdp_current_prices_inr_crore,59625.630000000005,INR crore,5962563.0,INR lakh,2024-04-01,2025-03-31,fiscal_year,actual,GSDP_current_prices_2011_12_base,2025-03-31,2025-12-11,rbi_gsdp_current_prices_2024_25,https://rbidocs.rbi.org.in/rdocs/Publications/PDFs/21T_11122025D994949B48C44B68B4465FBB9ADDFF3D.PDF,"Table 21, state Meghalaya, column 2024-25",official_measured,True,6e48293426935a2ef796c0163edbedeeb6dd165b21db8f018ac912502b3cc287,"Full RBI December2025 published vintage; values may revise earlier releases. Statistical estimates for completed reporting periods, not audited financial actuals; individual AE/RE/provisional status is not specified in this table. Missing cells omitted, never zero-filled. J&K throughFY2018-19 includes Ladakh; retained as a separate historical geography and not joined to present UT totals.",Meghalaya,2025,gsdp_current_prices_inr_crore,59625.630000000005,official_measured,official,,,,,,,,GSDP_current_prices_2011_12_base|All sectors,,,,,,,2025-12-11,,2024-25,reported,official_statistical_published,RBI Handbook of Statistics on Indian States 2024-25; Table 21; 11 December 2025,current_prices,2011-12
state_mizoram,Mizoram,state_aggregate,RBI / NSO,Mizoram,All sectors,gsdp_current_prices_inr_crore,19385.33,INR crore,1938533.0,INR lakh,2017-04-01,2018-03-31,fiscal_year,actual,GSDP_current_prices_2011_12_base,2018-03-31,2025-12-11,rbi_gsdp_current_prices_2024_25,https://rbidocs.rbi.org.in/rdocs/Publications/PDFs/21T_11122025D994949B48C44B68B4465FBB9ADDFF3D.PDF,"Table 21, state Mizoram, column 2017-18",official_measured,True,6e48293426935a2ef796c0163edbedeeb6dd165b21db8f018ac912502b3cc287,"Full RBI December2025 published vintage; values may revise earlier releases. Statistical estimates for completed reporting periods, not audited financial actuals; individual AE/RE/provisional status is not specified in this table. Missing cells omitted, never zero-filled. J&K throughFY2018-19 includes Ladakh; retained as a separate historical geography and not joined to present UT totals.",Mizoram,2018,gsdp_current_prices_inr_crore,19385.33,official_measured,official,,,,,,,,GSDP_current_prices_2011_12_base|All sectors,,,,,,,2025-12-11,,2017-18,reported,official_statistical_published,RBI Handbook of Statistics on Indian States 2024-25; Table 21; 11 December 2025,current_prices,2011-12
state_mizoram,Mizoram,state_aggregate,RBI / NSO,Mizoram,All sectors,gsdp_current_prices_inr_crore,21912.08,INR crore,2191208.0,INR lakh,2018-04-01,2019-03-31,fiscal_year,actual,GSDP_current_prices_2011_12_base,2019-03-31,2025-12-11,rbi_gsdp_current_prices_2024_25,https://rbidocs.rbi.org.in/rdocs/Publications/PDFs/21T_11122025D994949B48C44B68B4465FBB9ADDFF3D.PDF,"Table 21, state Mizoram, column 2018-19",official_measured,True,6e48293426935a2ef796c0163edbedeeb6dd165b21db8f018ac912502b3cc287,"Full RBI December2025 published vintage; values may revise earlier releases. Statistical estimates for completed reporting periods, not audited financial actuals; individual AE/RE/provisional status is not specified in this table. Missing cells omitted, never zero-filled. J&K throughFY2018-19 includes Ladakh; retained as a separate historical geography and not joined to present UT totals.",Mizoram,2019,gsdp_current_prices_inr_crore,21912.08,official_measured,official,,,,,,,,GSDP_current_prices_2011_12_base|All sectors,,,,,,,2025-12-11,,2018-19,reported,official_statistical_published,RBI Handbook of Statistics on Indian States 2024-25; Table 21; 11 December 2025,current_prices,2011-12
state_mizoram,Mizoram,state_aggregate,RBI / NSO,Mizoram,All sectors,gsdp_current_prices_inr_crore,24989.600000000002,INR crore,2498960.0,INR lakh,2019-04-01,2020-03-31,fiscal_year,actual,GSDP_current_prices_2011_12_base,2020-03-31,2025-12-11,rbi_gsdp_current_prices_2024_25,https://rbidocs.rbi.org.in/rdocs/Publications/PDFs/21T_11122025D994949B48C44B68B4465FBB9ADDFF3D.PDF,"Table 21, state Mizoram, column 2019-20",official_measured,True,6e48293426935a2ef796c0163edbedeeb6dd165b21db8f018ac912502b3cc287,"Full RBI December2025 published vintage; values may revise earlier releases. Statistical estimates for completed reporting periods, not audited financial actuals; individual AE/RE/provisional status is not specified in this table. Missing cells omitted, never zero-filled. J&K throughFY2018-19 includes Ladakh; retained as a separate historical geography and not joined to present UT totals.",Mizoram,2020,gsdp_current_prices_inr_crore,24989.600000000002,official_measured,official,,,,,,,,GSDP_current_prices_2011_12_base|All sectors,,,,,,,2025-12-11,,2019-20,reported,official_statistical_published,RBI Handbook of Statistics on Indian States 2024-25; Table 21; 11 December 2025,current_prices,2011-12
state_mizoram,Mizoram,state_aggregate,RBI / NSO,Mizoram,All sectors,gsdp_current_prices_inr_crore,23922.94,INR crore,2392294.0,INR lakh,2020-04-01,2021-03-31,fiscal_year,actual,GSDP_current_prices_2011_12_base,2021-03-31,2025-12-11,rbi_gsdp_current_prices_2024_25,https://rbidocs.rbi.org.in/rdocs/Publications/PDFs/21T_11122025D994949B48C44B68B4465FBB9ADDFF3D.PDF,"Table 21, state Mizoram, column 2020-21",official_measured,True,6e48293426935a2ef796c0163edbedeeb6dd165b21db8f018ac912502b3cc287,"Full RBI December2025 published vintage; values may revise earlier releases. Statistical estimates for completed reporting periods, not audited financial actuals; individual AE/RE/provisional status is not specified in this table. Missing cells omitted, never zero-filled. J&K throughFY2018-19 includes Ladakh; retained as a separate historical geography and not joined to present UT totals.",Mizoram,2021,gsdp_current_prices_inr_crore,23922.94,official_measured,official,,,,,,,,GSDP_current_prices_2011_12_base|All sectors,,,,,,,2025-12-11,,2020-21,reported,official_statistical_published,RBI Handbook of Statistics on Indian States 2024-25; Table 21; 11 December 2025,current_prices,2011-12
state_mizoram,Mizoram,state_aggregate,RBI / NSO,Mizoram,All sectors,gsdp_current_prices_inr_crore,26695.260000000002,INR crore,2669526.0,INR lakh,2021-04-01,2022-03-31,fiscal_year,actual,GSDP_current_prices_2011_12_base,2022-03-31,2025-12-11,rbi_gsdp_current_prices_2024_25,https://rbidocs.rbi.org.in/rdocs/Publications/PDFs/21T_11122025D994949B48C44B68B4465FBB9ADDFF3D.PDF,"Table 21, state Mizoram, column 2021-22",official_measured,True,6e48293426935a2ef796c0163edbedeeb6dd165b21db8f018ac912502b3cc287,"Full RBI December2025 published vintage; values may revise earlier releases. Statistical estimates for completed reporting periods, not audited financial actuals; individual AE/RE/provisional status is not specified in this table. Missing cells omitted, never zero-filled. J&K throughFY2018-19 includes Ladakh; retained as a separate historical geography and not joined to present UT totals.",Mizoram,2022,gsdp_current_prices_inr_crore,26695.260000000002,official_measured,official,,,,,,,,GSDP_current_prices_2011_12_base|All sectors,,,,,,,2025-12-11,,2021-22,reported,official_statistical_published,RBI Handbook of Statistics on Indian States 2024-25; Table 21; 11 December 2025,current_prices,2011-12
state_mizoram,Mizoram,state_aggregate,RBI / NSO,Mizoram,All sectors,gsdp_current_prices_inr_crore,30184.18,INR crore,3018418.0,INR lakh,2022-04-01,2023-03-31,fiscal_year,actual,GSDP_current_prices_2011_12_base,2023-03-31,2025-12-11,rbi_gsdp_current_prices_2024_25,https://rbidocs.rbi.org.in/rdocs/Publications/PDFs/21T_11122025D994949B48C44B68B4465FBB9ADDFF3D.PDF,"Table 21, state Mizoram, column 2022-23",official_measured,True,6e48293426935a2ef796c0163edbedeeb6dd165b21db8f018ac912502b3cc287,"Full RBI December2025 published vintage; values may revise earlier releases. Statistical estimates for completed reporting periods, not audited financial actuals; individual AE/RE/provisional status is not specified in this table. Missing cells omitted, never zero-filled. J&K throughFY2018-19 includes Ladakh; retained as a separate historical geography and not joined to present UT totals.",Mizoram,2023,gsdp_current_prices_inr_crore,30184.18,official_measured,official,,,,,,,,GSDP_current_prices_2011_12_base|All sectors,,,,,,,2025-12-11,,2022-23,reported,official_statistical_published,RBI Handbook of Statistics on Indian States 2024-25; Table 21; 11 December 2025,current_prices,2011-12
state_mizoram,Mizoram,state_aggregate,RBI / NSO,Mizoram,All sectors,gsdp_current_prices_inr_crore,33276.73,INR crore,3327673.0,INR lakh,2023-04-01,2024-03-31,fiscal_year,actual,GSDP_current_prices_2011_12_base,2024-03-31,2025-12-11,rbi_gsdp_current_prices_2024_25,https://rbidocs.rbi.org.in/rdocs/Publications/PDFs/21T_11122025D994949B48C44B68B4465FBB9ADDFF3D.PDF,"Table 21, state Mizoram, column 2023-24",official_measured,True,6e48293426935a2ef796c0163edbedeeb6dd165b21db8f018ac912502b3cc287,"Full RBI December2025 published vintage; values may revise earlier releases. Statistical estimates for completed reporting periods, not audited financial actuals; individual AE/RE/provisional status is not specified in this table. Missing cells omitted, never zero-filled. J&K throughFY2018-19 includes Ladakh; retained as a separate historical geography and not joined to present UT totals.",Mizoram,2024,gsdp_current_prices_inr_crore,33276.73,official_measured,official,,,,,,,,GSDP_current_prices_2011_12_base|All sectors,,,,,,,2025-12-11,,2023-24,reported,official_statistical_published,RBI Handbook of Statistics on Indian States 2024-25; Table 21; 11 December 2025,current_prices,2011-12
state_nagaland,Nagaland,state_aggregate,RBI / NSO,Nagaland,All sectors,gsdp_current_prices_inr_crore,24392.96,INR crore,2439296.0,INR lakh,2017-04-01,2018-03-31,fiscal_year,actual,GSDP_current_prices_2011_12_base,2018-03-31,2025-12-11,rbi_gsdp_current_prices_2024_25,https://rbidocs.rbi.org.in/rdocs/Publications/PDFs/21T_11122025D994949B48C44B68B4465FBB9ADDFF3D.PDF,"Table 21, state Nagaland, column 2017-18",official_measured,True,6e48293426935a2ef796c0163edbedeeb6dd165b21db8f018ac912502b3cc287,"Full RBI December2025 published vintage; values may revise earlier releases. Statistical estimates for completed reporting periods, not audited financial actuals; individual AE/RE/provisional status is not specified in this table. Missing cells omitted, never zero-filled. J&K throughFY2018-19 includes Ladakh; retained as a separate historical geography and not joined to present UT totals.",Nagaland,2018,gsdp_current_prices_inr_crore,24392.96,official_measured,official,,,,,,,,GSDP_current_prices_2011_12_base|All sectors,,,,,,,2025-12-11,,2017-18,reported,official_statistical_published,RBI Handbook of Statistics on Indian States 2024-25; Table 21; 11 December 2025,current_prices,2011-12
state_nagaland,Nagaland,state_aggregate,RBI / NSO,Nagaland,All sectors,gsdp_current_prices_inr_crore,26527.420000000002,INR crore,2652742.0,INR lakh,2018-04-01,2019-03-31,fiscal_year,actual,GSDP_current_prices_2011_12_base,2019-03-31,2025-12-11,rbi_gsdp_current_prices_2024_25,https://rbidocs.rbi.org.in/rdocs/Publications/PDFs/21T_11122025D994949B48C44B68B4465FBB9ADDFF3D.PDF,"Table 21, state Nagaland, column 2018-19",official_measured,True,6e48293426935a2ef796c0163edbedeeb6dd165b21db8f018ac912502b3cc287,"Full RBI December2025 published vintage; values may revise earlier releases. Statistical estimates for completed reporting periods, not audited financial actuals; individual AE/RE/provisional status is not specified in this table. Missing cells omitted, never zero-filled. J&K throughFY2018-19 includes Ladakh; retained as a separate historical geography and not joined to present UT totals.",Nagaland,2019,gsdp_current_prices_inr_crore,26527.420000000002,official_measured,official,,,,,,,,GSDP_current_prices_2011_12_base|All sectors,,,,,,,2025-12-11,,2018-19,reported,official_statistical_published,RBI Handbook of Statistics on Indian States 2024-25; Table 21; 11 December 2025,current_prices,2011-12
state_nagaland,Nagaland,state_aggregate,RBI / NSO,Nagaland,All sectors,gsdp_current_prices_inr_crore,29715.87,INR crore,2971587.0,INR lakh,2019-04-01,2020-03-31,fiscal_year,actual,GSDP_current_prices_2011_12_base,2020-03-31,2025-12-11,rbi_gsdp_current_prices_2024_25,https://rbidocs.rbi.org.in/rdocs/Publications/PDFs/21T_11122025D994949B48C44B68B4465FBB9ADDFF3D.PDF,"Table 21, state Nagaland, column 2019-20",official_measured,True,6e48293426935a2ef796c0163edbedeeb6dd165b21db8f018ac912502b3cc287,"Full RBI December2025 published vintage; values may revise earlier releases. Statistical estimates for completed reporting periods, not audited financial actuals; individual AE/RE/provisional status is not specified in this table. Missing cells omitted, never zero-filled. J&K throughFY2018-19 includes Ladakh; retained as a separate historical geography and not joined to present UT totals.",Nagaland,2020,gsdp_current_prices_inr_crore,29715.87,official_measured,official,,,,,,,,GSDP_current_prices_2011_12_base|All sectors,,,,,,,2025-12-11,,2019-20,reported,official_statistical_published,RBI Handbook of Statistics on Indian States 2024-25; Table 21; 11 December 2025,current_prices,2011-12
state_nagaland,Nagaland,state_aggregate,RBI / NSO,Nagaland,All sectors,gsdp_current_prices_inr_crore,29831.64,INR crore,2983164.0,INR lakh,2020-04-01,2021-03-31,fiscal_year,actual,GSDP_current_prices_2011_12_base,2021-03-31,2025-12-11,rbi_gsdp_current_prices_2024_25,https://rbidocs.rbi.org.in/rdocs/Publications/PDFs/21T_11122025D994949B48C44B68B4465FBB9ADDFF3D.PDF,"Table 21, state Nagaland, column 2020-21",official_measured,True,6e48293426935a2ef796c0163edbedeeb6dd165b21db8f018ac912502b3cc287,"Full RBI December2025 published vintage; values may revise earlier releases. Statistical estimates for completed reporting periods, not audited financial actuals; individual AE/RE/provisional status is not specified in this table. Missing cells omitted, never zero-filled. J&K throughFY2018-19 includes Ladakh; retained as a separate historical geography and not joined to present UT totals.",Nagaland,2021,gsdp_current_prices_inr_crore,29831.64,official_measured,official,,,,,,,,GSDP_current_prices_2011_12_base|All sectors,,,,,,,2025-12-11,,2020-21,reported,official_statistical_published,RBI Handbook of Statistics on Indian States 2024-25; Table 21; 11 December 2025,current_prices,2011-12
state_nagaland,Nagaland,state_aggregate,RBI / NSO,Nagaland,All sectors,gsdp_current_prices_inr_crore,32265.38,INR crore,3226538.0,INR lakh,2021-04-01,2022-03-31,fiscal_year,actual,GSDP_current_prices_2011_12_base,2022-03-31,2025-12-11,rbi_gsdp_current_prices_2024_25,https://rbidocs.rbi.org.in/rdocs/Publications/PDFs/21T_11122025D994949B48C44B68B4465FBB9ADDFF3D.PDF,"Table 21, state Nagaland, column 2021-22",official_measured,True,6e48293426935a2ef796c0163edbedeeb6dd165b21db8f018ac912502b3cc287,"Full RBI December2025 published vintage; values may revise earlier releases. Statistical estimates for completed reporting periods, not audited financial actuals; individual AE/RE/provisional status is not specified in this table. Missing cells omitted, never zero-filled. J&K throughFY2018-19 includes Ladakh; retained as a separate historical geography and not joined to present UT totals.",Nagaland,2022,gsdp_current_prices_inr_crore,32265.38,official_measured,official,,,,,,,,GSDP_current_prices_2011_12_base|All sectors,,,,,,,2025-12-11,,2021-22,reported,official_statistical_published,RBI Handbook of Statistics on Indian States 2024-25; Table 21; 11 December 2025,current_prices,2011-12
state_nagaland,Nagaland,state_aggregate,RBI / NSO,Nagaland,All sectors,gsdp_current_prices_inr_crore,35628.63,INR crore,3562863.0,INR lakh,2022-04-01,2023-03-31,fiscal_year,actual,GSDP_current_prices_2011_12_base,2023-03-31,2025-12-11,rbi_gsdp_current_prices_2024_25,https://rbidocs.rbi.org.in/rdocs/Publications/PDFs/21T_11122025D994949B48C44B68B4465FBB9ADDFF3D.PDF,"Table 21, state Nagaland, column 2022-23",official_measured,True,6e48293426935a2ef796c0163edbedeeb6dd165b21db8f018ac912502b3cc287,"Full RBI December2025 published vintage; values may revise earlier releases. Statistical estimates for completed reporting periods, not audited financial actuals; individual AE/RE/provisional status is not specified in this table. Missing cells omitted, never zero-filled. J&K throughFY2018-19 includes Ladakh; retained as a separate historical geography and not joined to present UT totals.",Nagaland,2023,gsdp_current_prices_inr_crore,35628.63,official_measured,official,,,,,,,,GSDP_current_prices_2011_12_base|All sectors,,,,,,,2025-12-11,,2022-23,reported,official_statistical_published,RBI Handbook of Statistics on Indian States 2024-25; Table 21; 11 December 2025,current_prices,2011-12
state_nagaland,Nagaland,state_aggregate,RBI / NSO,Nagaland,All sectors,gsdp_current_prices_inr_crore,39808.65,INR crore,3980865.0,INR lakh,2023-04-01,2024-03-31,fiscal_year,actual,GSDP_current_prices_2011_12_base,2024-03-31,2025-12-11,rbi_gsdp_current_prices_2024_25,https://rbidocs.rbi.org.in/rdocs/Publications/PDFs/21T_11122025D994949B48C44B68B4465FBB9ADDFF3D.PDF,"Table 21, state Nagaland, column 2023-24",official_measured,True,6e48293426935a2ef796c0163edbedeeb6dd165b21db8f018ac912502b3cc287,"Full RBI December2025 published vintage; values may revise earlier releases. Statistical estimates for completed reporting periods, not audited financial actuals; individual AE/RE/provisional status is not specified in this table. Missing cells omitted, never zero-filled. J&K throughFY2018-19 includes Ladakh; retained as a separate historical geography and not joined to present UT totals.",Nagaland,2024,gsdp_current_prices_inr_crore,39808.65,official_measured,official,,,,,,,,GSDP_current_prices_2011_12_base|All sectors,,,,,,,2025-12-11,,2023-24,reported,official_statistical_published,RBI Handbook of Statistics on Indian States 2024-25; Table 21; 11 December 2025,current_prices,2011-12
state_odisha,Odisha,state_aggregate,RBI / NSO,Odisha,All sectors,gsdp_current_prices_inr_crore,440395.32,INR crore,44039532.0,INR lakh,2017-04-01,2018-03-31,fiscal_year,actual,GSDP_current_prices_2011_12_base,2018-03-31,2025-12-11,rbi_gsdp_current_prices_2024_25,https://rbidocs.rbi.org.in/rdocs/Publications/PDFs/21T_11122025D994949B48C44B68B4465FBB9ADDFF3D.PDF,"Table 21, state Odisha, column 2017-18",official_measured,True,6e48293426935a2ef796c0163edbedeeb6dd165b21db8f018ac912502b3cc287,"Full RBI December2025 published vintage; values may revise earlier releases. Statistical estimates for completed reporting periods, not audited financial actuals; individual AE/RE/provisional status is not specified in this table. Missing cells omitted, never zero-filled. J&K throughFY2018-19 includes Ladakh; retained as a separate historical geography and not joined to present UT totals.",Odisha,2018,gsdp_current_prices_inr_crore,440395.32,official_measured,official,,,,,,,,GSDP_current_prices_2011_12_base|All sectors,,,,,,,2025-12-11,,2017-18,reported,official_statistical_published,RBI Handbook of Statistics on Indian States 2024-25; Table 21; 11 December 2025,current_prices,2011-12
state_odisha,Odisha,state_aggregate,RBI / NSO,Odisha,All sectors,gsdp_current_prices_inr_crore,498611.26,INR crore,49861126.0,INR lakh,2018-04-01,2019-03-31,fiscal_year,actual,GSDP_current_prices_2011_12_base,2019-03-31,2025-12-11,rbi_gsdp_current_prices_2024_25,https://rbidocs.rbi.org.in/rdocs/Publications/PDFs/21T_11122025D994949B48C44B68B4465FBB9ADDFF3D.PDF,"Table 21, state Odisha, column 2018-19",official_measured,True,6e48293426935a2ef796c0163edbedeeb6dd165b21db8f018ac912502b3cc287,"Full RBI December2025 published vintage; values may revise earlier releases. Statistical estimates for completed reporting periods, not audited financial actuals; individual AE/RE/provisional status is not specified in this table. Missing cells omitted, never zero-filled. J&K throughFY2018-19 includes Ladakh; retained as a separate historical geography and not joined to present UT totals.",Odisha,2019,gsdp_current_prices_inr_crore,498611.26,official_measured,official,,,,,,,,GSDP_current_prices_2011_12_base|All sectors,,,,,,,2025-12-11,,2018-19,reported,official_statistical_published,RBI Handbook of Statistics on Indian States 2024-25; Table 21; 11 December 2025,current_prices,2011-12
state_odisha,Odisha,state_aggregate,RBI / NSO,Odisha,All sectors,gsdp_current_prices_inr_crore,537501.71,INR crore,53750171.0,INR lakh,2019-04-01,2020-03-31,fiscal_year,actual,GSDP_current_prices_2011_12_base,2020-03-31,2025-12-11,rbi_gsdp_current_prices_2024_25,https://rbidocs.rbi.org.in/rdocs/Publications/PDFs/21T_11122025D994949B48C44B68B4465FBB9ADDFF3D.PDF,"Table 21, state Odisha, column 2019-20",official_measured,True,6e48293426935a2ef796c0163edbedeeb6dd165b21db8f018ac912502b3cc287,"Full RBI December2025 published vintage; values may revise earlier releases. Statistical estimates for completed reporting periods, not audited financial actuals; individual AE/RE/provisional status is not specified in this table. Missing cells omitted, never zero-filled. J&K throughFY2018-19 includes Ladakh; retained as a separate historical geography and not joined to present UT totals.",Odisha,2020,gsdp_current_prices_inr_crore,537501.71,official_measured,official,,,,,,,,GSDP_current_prices_2011_12_base|All sectors,,,,,,,2025-12-11,,2019-20,reported,official_statistical_published,RBI Handbook of Statistics on Indian States 2024-25; Table 21; 11 December 2025,current_prices,2011-12
state_odisha,Odisha,state_aggregate,RBI / NSO,Odisha,All sectors,gsdp_current_prices_inr_crore,540185.17,INR crore,54018517.0,INR lakh,2020-04-01,2021-03-31,fiscal_year,actual,GSDP_current_prices_2011_12_base,2021-03-31,2025-12-11,rbi_gsdp_current_prices_2024_25,https://rbidocs.rbi.org.in/rdocs/Publications/PDFs/21T_11122025D994949B48C44B68B4465FBB9ADDFF3D.PDF,"Table 21, state Odisha, column 2020-21",official_measured,True,6e48293426935a2ef796c0163edbedeeb6dd165b21db8f018ac912502b3cc287,"Full RBI December2025 published vintage; values may revise earlier releases. Statistical estimates for completed reporting periods, not audited financial actuals; individual AE/RE/provisional status is not specified in this table. Missing cells omitted, never zero-filled. J&K throughFY2018-19 includes Ladakh; retained as a separate historical geography and not joined to present UT totals.",Odisha,2021,gsdp_current_prices_inr_crore,540185.17,official_measured,official,,,,,,,,GSDP_current_prices_2011_12_base|All sectors,,,,,,,2025-12-11,,2020-21,reported,official_statistical_published,RBI Handbook of Statistics on Indian States 2024-25; Table 21; 11 December 2025,current_prices,2011-12
state_odisha,Odisha,state_aggregate,RBI / NSO,Odisha,All sectors,gsdp_current_prices_inr_crore,695530.08,INR crore,69553008.0,INR lakh,2021-04-01,2022-03-31,fiscal_year,actual,GSDP_current_prices_2011_12_base,2022-03-31,2025-12-11,rbi_gsdp_current_prices_2024_25,https://rbidocs.rbi.org.in/rdocs/Publications/PDFs/21T_11122025D994949B48C44B68B4465FBB9ADDFF3D.PDF,"Table 21, state Odisha, column 2021-22",official_measured,True,6e48293426935a2ef796c0163edbedeeb6dd165b21db8f018ac912502b3cc287,"Full RBI December2025 published vintage; values may revise earlier releases. Statistical estimates for completed reporting periods, not audited financial actuals; individual AE/RE/provisional status is not specified in this table. Missing cells omitted, never zero-filled. J&K throughFY2018-19 includes Ladakh; retained as a separate historical geography and not joined to present UT totals.",Odisha,2022,gsdp_current_prices_inr_crore,695530.08,official_measured,official,,,,,,,,GSDP_current_prices_2011_12_base|All sectors,,,,,,,2025-12-11,,2021-22,reported,official_statistical_published,RBI Handbook of Statistics on Indian States 2024-25; Table 21; 11 December 2025,current_prices,2011-12
state_odisha,Odisha,state_aggregate,RBI / NSO,Odisha,All sectors,gsdp_current_prices_inr_crore,715262.4500000001,INR crore,71526245.0,INR lakh,2022-04-01,2023-03-31,fiscal_year,actual,GSDP_current_prices_2011_12_base,2023-03-31,2025-12-11,rbi_gsdp_current_prices_2024_25,https://rbidocs.rbi.org.in/rdocs/Publications/PDFs/21T_11122025D994949B48C44B68B4465FBB9ADDFF3D.PDF,"Table 21, state Odisha, column 2022-23",official_measured,True,6e48293426935a2ef796c0163edbedeeb6dd165b21db8f018ac912502b3cc287,"Full RBI December2025 published vintage; values may revise earlier releases. Statistical estimates for completed reporting periods, not audited financial actuals; individual AE/RE/provisional status is not specified in this table. Missing cells omitted, never zero-filled. J&K throughFY2018-19 includes Ladakh; retained as a separate historical geography and not joined to present UT totals.",Odisha,2023,gsdp_current_prices_inr_crore,715262.4500000001,official_measured,official,,,,,,,,GSDP_current_prices_2011_12_base|All sectors,,,,,,,2025-12-11,,2022-23,reported,official_statistical_published,RBI Handbook of Statistics on Indian States 2024-25; Table 21; 11 December 2025,current_prices,2011-12
state_odisha,Odisha,state_aggregate,RBI / NSO,Odisha,All sectors,gsdp_current_prices_inr_crore,798969.5,INR crore,79896950.0,INR lakh,2023-04-01,2024-03-31,fiscal_year,actual,GSDP_current_prices_2011_12_base,2024-03-31,2025-12-11,rbi_gsdp_current_prices_2024_25,https://rbidocs.rbi.org.in/rdocs/Publications/PDFs/21T_11122025D994949B48C44B68B4465FBB9ADDFF3D.PDF,"Table 21, state Odisha, column 2023-24",official_measured,True,6e48293426935a2ef796c0163edbedeeb6dd165b21db8f018ac912502b3cc287,"Full RBI December2025 published vintage; values may revise earlier releases. Statistical estimates for completed reporting periods, not audited financial actuals; individual AE/RE/provisional status is not specified in this table. Missing cells omitted, never zero-filled. J&K throughFY2018-19 includes Ladakh; retained as a separate historical geography and not joined to present UT totals.",Odisha,2024,gsdp_current_prices_inr_crore,798969.5,official_measured,official,,,,,,,,GSDP_current_prices_2011_12_base|All sectors,,,,,,,2025-12-11,,2023-24,reported,official_statistical_published,RBI Handbook of Statistics on Indian States 2024-25; Table 21; 11 December 2025,current_prices,2011-12
state_odisha,Odisha,state_aggregate,RBI / NSO,Odisha,All sectors,gsdp_current_prices_inr_crore,890037.54,INR crore,89003754.0,INR lakh,2024-04-01,2025-03-31,fiscal_year,actual,GSDP_current_prices_2011_12_base,2025-03-31,2025-12-11,rbi_gsdp_current_prices_2024_25,https://rbidocs.rbi.org.in/rdocs/Publications/PDFs/21T_11122025D994949B48C44B68B4465FBB9ADDFF3D.PDF,"Table 21, state Odisha, column 2024-25",official_measured,True,6e48293426935a2ef796c0163edbedeeb6dd165b21db8f018ac912502b3cc287,"Full RBI December2025 published vintage; values may revise earlier releases. Statistical estimates for completed reporting periods, not audited financial actuals; individual AE/RE/provisional status is not specified in this table. Missing cells omitted, never zero-filled. J&K throughFY2018-19 includes Ladakh; retained as a separate historical geography and not joined to present UT totals.",Odisha,2025,gsdp_current_prices_inr_crore,890037.54,official_measured,official,,,,,,,,GSDP_current_prices_2011_12_base|All sectors,,,,,,,2025-12-11,,2024-25,reported,official_statistical_published,RBI Handbook of Statistics on Indian States 2024-25; Table 21; 11 December 2025,current_prices,2011-12
state_puducherry,Puducherry,state_aggregate,RBI / NSO,Puducherry,All sectors,gsdp_current_prices_inr_crore,32128.8,INR crore,3212880.0,INR lakh,2017-04-01,2018-03-31,fiscal_year,actual,GSDP_current_prices_2011_12_base,2018-03-31,2025-12-11,rbi_gsdp_current_prices_2024_25,https://rbidocs.rbi.org.in/rdocs/Publications/PDFs/21T_11122025D994949B48C44B68B4465FBB9ADDFF3D.PDF,"Table 21, state Puducherry, column 2017-18",official_measured,True,6e48293426935a2ef796c0163edbedeeb6dd165b21db8f018ac912502b3cc287,"Full RBI December2025 published vintage; values may revise earlier releases. Statistical estimates for completed reporting periods, not audited financial actuals; individual AE/RE/provisional status is not specified in this table. Missing cells omitted, never zero-filled. J&K throughFY2018-19 includes Ladakh; retained as a separate historical geography and not joined to present UT totals.",Puducherry,2018,gsdp_current_prices_inr_crore,32128.8,official_measured,official,,,,,,,,GSDP_current_prices_2011_12_base|All sectors,,,,,,,2025-12-11,,2017-18,reported,official_statistical_published,RBI Handbook of Statistics on Indian States 2024-25; Table 21; 11 December 2025,current_prices,2011-12
state_puducherry,Puducherry,state_aggregate,RBI / NSO,Puducherry,All sectors,gsdp_current_prices_inr_crore,34170.72,INR crore,3417072.0,INR lakh,2018-04-01,2019-03-31,fiscal_year,actual,GSDP_current_prices_2011_12_base,2019-03-31,2025-12-11,rbi_gsdp_current_prices_2024_25,https://rbidocs.rbi.org.in/rdocs/Publications/PDFs/21T_11122025D994949B48C44B68B4465FBB9ADDFF3D.PDF,"Table 21, state Puducherry, column 2018-19",official_measured,True,6e48293426935a2ef796c0163edbedeeb6dd165b21db8f018ac912502b3cc287,"Full RBI December2025 published vintage; values may revise earlier releases. Statistical estimates for completed reporting periods, not audited financial actuals; individual AE/RE/provisional status is not specified in this table. Missing cells omitted, never zero-filled. J&K throughFY2018-19 includes Ladakh; retained as a separate historical geography and not joined to present UT totals.",Puducherry,2019,gsdp_current_prices_inr_crore,34170.72,official_measured,official,,,,,,,,GSDP_current_prices_2011_12_base|All sectors,,,,,,,2025-12-11,,2018-19,reported,official_statistical_published,RBI Handbook of Statistics on Indian States 2024-25; Table 21; 11 December 2025,current_prices,2011-12
state_puducherry,Puducherry,state_aggregate,RBI / NSO,Puducherry,All sectors,gsdp_current_prices_inr_crore,36998.74,INR crore,3699874.0,INR lakh,2019-04-01,2020-03-31,fiscal_year,actual,GSDP_current_prices_2011_12_base,2020-03-31,2025-12-11,rbi_gsdp_current_prices_2024_25,https://rbidocs.rbi.org.in/rdocs/Publications/PDFs/21T_11122025D994949B48C44B68B4465FBB9ADDFF3D.PDF,"Table 21, state Puducherry, column 2019-20",official_measured,True,6e48293426935a2ef796c0163edbedeeb6dd165b21db8f018ac912502b3cc287,"Full RBI December2025 published vintage; values may revise earlier releases. Statistical estimates for completed reporting periods, not audited financial actuals; individual AE/RE/provisional status is not specified in this table. Missing cells omitted, never zero-filled. J&K throughFY2018-19 includes Ladakh; retained as a separate historical geography and not joined to present UT totals.",Puducherry,2020,gsdp_current_prices_inr_crore,36998.74,official_measured,official,,,,,,,,GSDP_current_prices_2011_12_base|All sectors,,,,,,,2025-12-11,,2019-20,reported,official_statistical_published,RBI Handbook of Statistics on Indian States 2024-25; Table 21; 11 December 2025,current_prices,2011-12
state_puducherry,Puducherry,state_aggregate,RBI / NSO,Puducherry,All sectors,gsdp_current_prices_inr_crore,36179.58,INR crore,3617958.0,INR lakh,2020-04-01,2021-03-31,fiscal_year,actual,GSDP_current_prices_2011_12_base,2021-03-31,2025-12-11,rbi_gsdp_current_prices_2024_25,https://rbidocs.rbi.org.in/rdocs/Publications/PDFs/21T_11122025D994949B48C44B68B4465FBB9ADDFF3D.PDF,"Table 21, state Puducherry, column 2020-21",official_measured,True,6e48293426935a2ef796c0163edbedeeb6dd165b21db8f018ac912502b3cc287,"Full RBI December2025 published vintage; values may revise earlier releases. Statistical estimates for completed reporting periods, not audited financial actuals; individual AE/RE/provisional status is not specified in this table. Missing cells omitted, never zero-filled. J&K throughFY2018-19 includes Ladakh; retained as a separate historical geography and not joined to present UT totals.",Puducherry,2021,gsdp_current_prices_inr_crore,36179.58,official_measured,official,,,,,,,,GSDP_current_prices_2011_12_base|All sectors,,,,,,,2025-12-11,,2020-21,reported,official_statistical_published,RBI Handbook of Statistics on Indian States 2024-25; Table 21; 11 December 2025,current_prices,2011-12
state_puducherry,Puducherry,state_aggregate,RBI / NSO,Puducherry,All sectors,gsdp_current_prices_inr_crore,40902.92,INR crore,4090292.0,INR lakh,2021-04-01,2022-03-31,fiscal_year,actual,GSDP_current_prices_2011_12_base,2022-03-31,2025-12-11,rbi_gsdp_current_prices_2024_25,https://rbidocs.rbi.org.in/rdocs/Publications/PDFs/21T_11122025D994949B48C44B68B4465FBB9ADDFF3D.PDF,"Table 21, state Puducherry, column 2021-22",official_measured,True,6e48293426935a2ef796c0163edbedeeb6dd165b21db8f018ac912502b3cc287,"Full RBI December2025 published vintage; values may revise earlier releases. Statistical estimates for completed reporting periods, not audited financial actuals; individual AE/RE/provisional status is not specified in this table. Missing cells omitted, never zero-filled. J&K throughFY2018-19 includes Ladakh; retained as a separate historical geography and not joined to present UT totals.",Puducherry,2022,gsdp_current_prices_inr_crore,40902.92,official_measured,official,,,,,,,,GSDP_current_prices_2011_12_base|All sectors,,,,,,,2025-12-11,,2021-22,reported,official_statistical_published,RBI Handbook of Statistics on Indian States 2024-25; Table 21; 11 December 2025,current_prices,2011-12
state_puducherry,Puducherry,state_aggregate,RBI / NSO,Puducherry,All sectors,gsdp_current_prices_inr_crore,42315.29,INR crore,4231529.0,INR lakh,2022-04-01,2023-03-31,fiscal_year,actual,GSDP_current_prices_2011_12_base,2023-03-31,2025-12-11,rbi_gsdp_current_prices_2024_25,https://rbidocs.rbi.org.in/rdocs/Publications/PDFs/21T_11122025D994949B48C44B68B4465FBB9ADDFF3D.PDF,"Table 21, state Puducherry, column 2022-23",official_measured,True,6e48293426935a2ef796c0163edbedeeb6dd165b21db8f018ac912502b3cc287,"Full RBI December2025 published vintage; values may revise earlier releases. Statistical estimates for completed reporting periods, not audited financial actuals; individual AE/RE/provisional status is not specified in this table. Missing cells omitted, never zero-filled. J&K throughFY2018-19 includes Ladakh; retained as a separate historical geography and not joined to present UT totals.",Puducherry,2023,gsdp_current_prices_inr_crore,42315.29,official_measured,official,,,,,,,,GSDP_current_prices_2011_12_base|All sectors,,,,,,,2025-12-11,,2022-23,reported,official_statistical_published,RBI Handbook of Statistics on Indian States 2024-25; Table 21; 11 December 2025,current_prices,2011-12
state_puducherry,Puducherry,state_aggregate,RBI / NSO,Puducherry,All sectors,gsdp_current_prices_inr_crore,46944.98,INR crore,4694498.0,INR lakh,2023-04-01,2024-03-31,fiscal_year,actual,GSDP_current_prices_2011_12_base,2024-03-31,2025-12-11,rbi_gsdp_current_prices_2024_25,https://rbidocs.rbi.org.in/rdocs/Publications/PDFs/21T_11122025D994949B48C44B68B4465FBB9ADDFF3D.PDF,"Table 21, state Puducherry, column 2023-24",official_measured,True,6e48293426935a2ef796c0163edbedeeb6dd165b21db8f018ac912502b3cc287,"Full RBI December2025 published vintage; values may revise earlier releases. Statistical estimates for completed reporting periods, not audited financial actuals; individual AE/RE/provisional status is not specified in this table. Missing cells omitted, never zero-filled. J&K throughFY2018-19 includes Ladakh; retained as a separate historical geography and not joined to present UT totals.",Puducherry,2024,gsdp_current_prices_inr_crore,46944.98,official_measured,official,,,,,,,,GSDP_current_prices_2011_12_base|All sectors,,,,,,,2025-12-11,,2023-24,reported,official_statistical_published,RBI Handbook of Statistics on Indian States 2024-25; Table 21; 11 December 2025,current_prices,2011-12
state_puducherry,Puducherry,state_aggregate,RBI / NSO,Puducherry,All sectors,gsdp_current_prices_inr_crore,52162.67,INR crore,5216267.0,INR lakh,2024-04-01,2025-03-31,fiscal_year,actual,GSDP_current_prices_2011_12_base,2025-03-31,2025-12-11,rbi_gsdp_current_prices_2024_25,https://rbidocs.rbi.org.in/rdocs/Publications/PDFs/21T_11122025D994949B48C44B68B4465FBB9ADDFF3D.PDF,"Table 21, state Puducherry, column 2024-25",official_measured,True,6e48293426935a2ef796c0163edbedeeb6dd165b21db8f018ac912502b3cc287,"Full RBI December2025 published vintage; values may revise earlier releases. Statistical estimates for completed reporting periods, not audited financial actuals; individual AE/RE/provisional status is not specified in this table. Missing cells omitted, never zero-filled. J&K throughFY2018-19 includes Ladakh; retained as a separate historical geography and not joined to present UT totals.",Puducherry,2025,gsdp_current_prices_inr_crore,52162.67,official_measured,official,,,,,,,,GSDP_current_prices_2011_12_base|All sectors,,,,,,,2025-12-11,,2024-25,reported,official_statistical_published,RBI Handbook of Statistics on Indian States 2024-25; Table 21; 11 December 2025,current_prices,2011-12
state_punjab,Punjab,state_aggregate,RBI / NSO,Punjab,All sectors,gsdp_current_prices_inr_crore,471013.61,INR crore,47101361.0,INR lakh,2017-04-01,2018-03-31,fiscal_year,actual,GSDP_current_prices_2011_12_base,2018-03-31,2025-12-11,rbi_gsdp_current_prices_2024_25,https://rbidocs.rbi.org.in/rdocs/Publications/PDFs/21T_11122025D994949B48C44B68B4465FBB9ADDFF3D.PDF,"Table 21, state Punjab, column 2017-18",official_measured,True,6e48293426935a2ef796c0163edbedeeb6dd165b21db8f018ac912502b3cc287,"Full RBI December2025 published vintage; values may revise earlier releases. Statistical estimates for completed reporting periods, not audited financial actuals; individual AE/RE/provisional status is not specified in this table. Missing cells omitted, never zero-filled. J&K throughFY2018-19 includes Ladakh; retained as a separate historical geography and not joined to present UT totals.",Punjab,2018,gsdp_current_prices_inr_crore,471013.61,official_measured,official,,,,,,,,GSDP_current_prices_2011_12_base|All sectors,,,,,,,2025-12-11,,2017-18,reported,official_statistical_published,RBI Handbook of Statistics on Indian States 2024-25; Table 21; 11 December 2025,current_prices,2011-12
state_punjab,Punjab,state_aggregate,RBI / NSO,Punjab,All sectors,gsdp_current_prices_inr_crore,512509.69,INR crore,51250969.0,INR lakh,2018-04-01,2019-03-31,fiscal_year,actual,GSDP_current_prices_2011_12_base,2019-03-31,2025-12-11,rbi_gsdp_current_prices_2024_25,https://rbidocs.rbi.org.in/rdocs/Publications/PDFs/21T_11122025D994949B48C44B68B4465FBB9ADDFF3D.PDF,"Table 21, state Punjab, column 2018-19",official_measured,True,6e48293426935a2ef796c0163edbedeeb6dd165b21db8f018ac912502b3cc287,"Full RBI December2025 published vintage; values may revise earlier releases. Statistical estimates for completed reporting periods, not audited financial actuals; individual AE/RE/provisional status is not specified in this table. Missing cells omitted, never zero-filled. J&K throughFY2018-19 includes Ladakh; retained as a separate historical geography and not joined to present UT totals.",Punjab,2019,gsdp_current_prices_inr_crore,512509.69,official_measured,official,,,,,,,,GSDP_current_prices_2011_12_base|All sectors,,,,,,,2025-12-11,,2018-19,reported,official_statistical_published,RBI Handbook of Statistics on Indian States 2024-25; Table 21; 11 December 2025,current_prices,2011-12
state_punjab,Punjab,state_aggregate,RBI / NSO,Punjab,All sectors,gsdp_current_prices_inr_crore,537031.04,INR crore,53703104.0,INR lakh,2019-04-01,2020-03-31,fiscal_year,actual,GSDP_current_prices_2011_12_base,2020-03-31,2025-12-11,rbi_gsdp_current_prices_2024_25,https://rbidocs.rbi.org.in/rdocs/Publications/PDFs/21T_11122025D994949B48C44B68B4465FBB9ADDFF3D.PDF,"Table 21, state Punjab, column 2019-20",official_measured,True,6e48293426935a2ef796c0163edbedeeb6dd165b21db8f018ac912502b3cc287,"Full RBI December2025 published vintage; values may revise earlier releases. Statistical estimates for completed reporting periods, not audited financial actuals; individual AE/RE/provisional status is not specified in this table. Missing cells omitted, never zero-filled. J&K throughFY2018-19 includes Ladakh; retained as a separate historical geography and not joined to present UT totals.",Punjab,2020,gsdp_current_prices_inr_crore,537031.04,official_measured,official,,,,,,,,GSDP_current_prices_2011_12_base|All sectors,,,,,,,2025-12-11,,2019-20,reported,official_statistical_published,RBI Handbook of Statistics on Indian States 2024-25; Table 21; 11 December 2025,current_prices,2011-12
state_punjab,Punjab,state_aggregate,RBI / NSO,Punjab,All sectors,gsdp_current_prices_inr_crore,540852.61,INR crore,54085261.0,INR lakh,2020-04-01,2021-03-31,fiscal_year,actual,GSDP_current_prices_2011_12_base,2021-03-31,2025-12-11,rbi_gsdp_current_prices_2024_25,https://rbidocs.rbi.org.in/rdocs/Publications/PDFs/21T_11122025D994949B48C44B68B4465FBB9ADDFF3D.PDF,"Table 21, state Punjab, column 2020-21",official_measured,True,6e48293426935a2ef796c0163edbedeeb6dd165b21db8f018ac912502b3cc287,"Full RBI December2025 published vintage; values may revise earlier releases. Statistical estimates for completed reporting periods, not audited financial actuals; individual AE/RE/provisional status is not specified in this table. Missing cells omitted, never zero-filled. J&K throughFY2018-19 includes Ladakh; retained as a separate historical geography and not joined to present UT totals.",Punjab,2021,gsdp_current_prices_inr_crore,540852.61,official_measured,official,,,,,,,,GSDP_current_prices_2011_12_base|All sectors,,,,,,,2025-12-11,,2020-21,reported,official_statistical_published,RBI Handbook of Statistics on Indian States 2024-25; Table 21; 11 December 2025,current_prices,2011-12
state_punjab,Punjab,state_aggregate,RBI / NSO,Punjab,All sectors,gsdp_current_prices_inr_crore,627717.39,INR crore,62771739.0,INR lakh,2021-04-01,2022-03-31,fiscal_year,actual,GSDP_current_prices_2011_12_base,2022-03-31,2025-12-11,rbi_gsdp_current_prices_2024_25,https://rbidocs.rbi.org.in/rdocs/Publications/PDFs/21T_11122025D994949B48C44B68B4465FBB9ADDFF3D.PDF,"Table 21, state Punjab, column 2021-22",official_measured,True,6e48293426935a2ef796c0163edbedeeb6dd165b21db8f018ac912502b3cc287,"Full RBI December2025 published vintage; values may revise earlier releases. Statistical estimates for completed reporting periods, not audited financial actuals; individual AE/RE/provisional status is not specified in this table. Missing cells omitted, never zero-filled. J&K throughFY2018-19 includes Ladakh; retained as a separate historical geography and not joined to present UT totals.",Punjab,2022,gsdp_current_prices_inr_crore,627717.39,official_measured,official,,,,,,,,GSDP_current_prices_2011_12_base|All sectors,,,,,,,2025-12-11,,2021-22,reported,official_statistical_published,RBI Handbook of Statistics on Indian States 2024-25; Table 21; 11 December 2025,current_prices,2011-12
state_punjab,Punjab,state_aggregate,RBI / NSO,Punjab,All sectors,gsdp_current_prices_inr_crore,692519.25,INR crore,69251925.0,INR lakh,2022-04-01,2023-03-31,fiscal_year,actual,GSDP_current_prices_2011_12_base,2023-03-31,2025-12-11,rbi_gsdp_current_prices_2024_25,https://rbidocs.rbi.org.in/rdocs/Publications/PDFs/21T_11122025D994949B48C44B68B4465FBB9ADDFF3D.PDF,"Table 21, state Punjab, column 2022-23",official_measured,True,6e48293426935a2ef796c0163edbedeeb6dd165b21db8f018ac912502b3cc287,"Full RBI December2025 published vintage; values may revise earlier releases. Statistical estimates for completed reporting periods, not audited financial actuals; individual AE/RE/provisional status is not specified in this table. Missing cells omitted, never zero-filled. J&K throughFY2018-19 includes Ladakh; retained as a separate historical geography and not joined to present UT totals.",Punjab,2023,gsdp_current_prices_inr_crore,692519.25,official_measured,official,,,,,,,,GSDP_current_prices_2011_12_base|All sectors,,,,,,,2025-12-11,,2022-23,reported,official_statistical_published,RBI Handbook of Statistics on Indian States 2024-25; Table 21; 11 December 2025,current_prices,2011-12
state_punjab,Punjab,state_aggregate,RBI / NSO,Punjab,All sectors,gsdp_current_prices_inr_crore,771743.61,INR crore,77174361.0,INR lakh,2023-04-01,2024-03-31,fiscal_year,actual,GSDP_current_prices_2011_12_base,2024-03-31,2025-12-11,rbi_gsdp_current_prices_2024_25,https://rbidocs.rbi.org.in/rdocs/Publications/PDFs/21T_11122025D994949B48C44B68B4465FBB9ADDFF3D.PDF,"Table 21, state Punjab, column 2023-24",official_measured,True,6e48293426935a2ef796c0163edbedeeb6dd165b21db8f018ac912502b3cc287,"Full RBI December2025 published vintage; values may revise earlier releases. Statistical estimates for completed reporting periods, not audited financial actuals; individual AE/RE/provisional status is not specified in this table. Missing cells omitted, never zero-filled. J&K throughFY2018-19 includes Ladakh; retained as a separate historical geography and not joined to present UT totals.",Punjab,2024,gsdp_current_prices_inr_crore,771743.61,official_measured,official,,,,,,,,GSDP_current_prices_2011_12_base|All sectors,,,,,,,2025-12-11,,2023-24,reported,official_statistical_published,RBI Handbook of Statistics on Indian States 2024-25; Table 21; 11 December 2025,current_prices,2011-12
state_punjab,Punjab,state_aggregate,RBI / NSO,Punjab,All sectors,gsdp_current_prices_inr_crore,838636.61,INR crore,83863661.0,INR lakh,2024-04-01,2025-03-31,fiscal_year,actual,GSDP_current_prices_2011_12_base,2025-03-31,2025-12-11,rbi_gsdp_current_prices_2024_25,https://rbidocs.rbi.org.in/rdocs/Publications/PDFs/21T_11122025D994949B48C44B68B4465FBB9ADDFF3D.PDF,"Table 21, state Punjab, column 2024-25",official_measured,True,6e48293426935a2ef796c0163edbedeeb6dd165b21db8f018ac912502b3cc287,"Full RBI December2025 published vintage; values may revise earlier releases. Statistical estimates for completed reporting periods, not audited financial actuals; individual AE/RE/provisional status is not specified in this table. Missing cells omitted, never zero-filled. J&K throughFY2018-19 includes Ladakh; retained as a separate historical geography and not joined to present UT totals.",Punjab,2025,gsdp_current_prices_inr_crore,838636.61,official_measured,official,,,,,,,,GSDP_current_prices_2011_12_base|All sectors,,,,,,,2025-12-11,,2024-25,reported,official_statistical_published,RBI Handbook of Statistics on Indian States 2024-25; Table 21; 11 December 2025,current_prices,2011-12
state_rajasthan,Rajasthan,state_aggregate,RBI / NSO,Rajasthan,All sectors,gsdp_current_prices_inr_crore,832529.23,INR crore,83252923.0,INR lakh,2017-04-01,2018-03-31,fiscal_year,actual,GSDP_current_prices_2011_12_base,2018-03-31,2025-12-11,rbi_gsdp_current_prices_2024_25,https://rbidocs.rbi.org.in/rdocs/Publications/PDFs/21T_11122025D994949B48C44B68B4465FBB9ADDFF3D.PDF,"Table 21, state Rajasthan, column 2017-18",official_measured,True,6e48293426935a2ef796c0163edbedeeb6dd165b21db8f018ac912502b3cc287,"Full RBI December2025 published vintage; values may revise earlier releases. Statistical estimates for completed reporting periods, not audited financial actuals; individual AE/RE/provisional status is not specified in this table. Missing cells omitted, never zero-filled. J&K throughFY2018-19 includes Ladakh; retained as a separate historical geography and not joined to present UT totals.",Rajasthan,2018,gsdp_current_prices_inr_crore,832529.23,official_measured,official,,,,,,,,GSDP_current_prices_2011_12_base|All sectors,,,,,,,2025-12-11,,2017-18,reported,official_statistical_published,RBI Handbook of Statistics on Indian States 2024-25; Table 21; 11 December 2025,current_prices,2011-12
state_rajasthan,Rajasthan,state_aggregate,RBI / NSO,Rajasthan,All sectors,gsdp_current_prices_inr_crore,911519.46,INR crore,91151946.0,INR lakh,2018-04-01,2019-03-31,fiscal_year,actual,GSDP_current_prices_2011_12_base,2019-03-31,2025-12-11,rbi_gsdp_current_prices_2024_25,https://rbidocs.rbi.org.in/rdocs/Publications/PDFs/21T_11122025D994949B48C44B68B4465FBB9ADDFF3D.PDF,"Table 21, state Rajasthan, column 2018-19",official_measured,True,6e48293426935a2ef796c0163edbedeeb6dd165b21db8f018ac912502b3cc287,"Full RBI December2025 published vintage; values may revise earlier releases. Statistical estimates for completed reporting periods, not audited financial actuals; individual AE/RE/provisional status is not specified in this table. Missing cells omitted, never zero-filled. J&K throughFY2018-19 includes Ladakh; retained as a separate historical geography and not joined to present UT totals.",Rajasthan,2019,gsdp_current_prices_inr_crore,911519.46,official_measured,official,,,,,,,,GSDP_current_prices_2011_12_base|All sectors,,,,,,,2025-12-11,,2018-19,reported,official_statistical_published,RBI Handbook of Statistics on Indian States 2024-25; Table 21; 11 December 2025,current_prices,2011-12
state_rajasthan,Rajasthan,state_aggregate,RBI / NSO,Rajasthan,All sectors,gsdp_current_prices_inr_crore,1000032.15,INR crore,100003215.0,INR lakh,2019-04-01,2020-03-31,fiscal_year,actual,GSDP_current_prices_2011_12_base,2020-03-31,2025-12-11,rbi_gsdp_current_prices_2024_25,https://rbidocs.rbi.org.in/rdocs/Publications/PDFs/21T_11122025D994949B48C44B68B4465FBB9ADDFF3D.PDF,"Table 21, state Rajasthan, column 2019-20",official_measured,True,6e48293426935a2ef796c0163edbedeeb6dd165b21db8f018ac912502b3cc287,"Full RBI December2025 published vintage; values may revise earlier releases. Statistical estimates for completed reporting periods, not audited financial actuals; individual AE/RE/provisional status is not specified in this table. Missing cells omitted, never zero-filled. J&K throughFY2018-19 includes Ladakh; retained as a separate historical geography and not joined to present UT totals.",Rajasthan,2020,gsdp_current_prices_inr_crore,1000032.15,official_measured,official,,,,,,,,GSDP_current_prices_2011_12_base|All sectors,,,,,,,2025-12-11,,2019-20,reported,official_statistical_published,RBI Handbook of Statistics on Indian States 2024-25; Table 21; 11 December 2025,current_prices,2011-12
state_rajasthan,Rajasthan,state_aggregate,RBI / NSO,Rajasthan,All sectors,gsdp_current_prices_inr_crore,1017917.3300000001,INR crore,101791733.0,INR lakh,2020-04-01,2021-03-31,fiscal_year,actual,GSDP_current_prices_2011_12_base,2021-03-31,2025-12-11,rbi_gsdp_current_prices_2024_25,https://rbidocs.rbi.org.in/rdocs/Publications/PDFs/21T_11122025D994949B48C44B68B4465FBB9ADDFF3D.PDF,"Table 21, state Rajasthan, column 2020-21",official_measured,True,6e48293426935a2ef796c0163edbedeeb6dd165b21db8f018ac912502b3cc287,"Full RBI December2025 published vintage; values may revise earlier releases. Statistical estimates for completed reporting periods, not audited financial actuals; individual AE/RE/provisional status is not specified in this table. Missing cells omitted, never zero-filled. J&K throughFY2018-19 includes Ladakh; retained as a separate historical geography and not joined to present UT totals.",Rajasthan,2021,gsdp_current_prices_inr_crore,1017917.3300000001,official_measured,official,,,,,,,,GSDP_current_prices_2011_12_base|All sectors,,,,,,,2025-12-11,,2020-21,reported,official_statistical_published,RBI Handbook of Statistics on Indian States 2024-25; Table 21; 11 December 2025,current_prices,2011-12
state_rajasthan,Rajasthan,state_aggregate,RBI / NSO,Rajasthan,All sectors,gsdp_current_prices_inr_crore,1195640.58,INR crore,119564058.0,INR lakh,2021-04-01,2022-03-31,fiscal_year,actual,GSDP_current_prices_2011_12_base,2022-03-31,2025-12-11,rbi_gsdp_current_prices_2024_25,https://rbidocs.rbi.org.in/rdocs/Publications/PDFs/21T_11122025D994949B48C44B68B4465FBB9ADDFF3D.PDF,"Table 21, state Rajasthan, column 2021-22",official_measured,True,6e48293426935a2ef796c0163edbedeeb6dd165b21db8f018ac912502b3cc287,"Full RBI December2025 published vintage; values may revise earlier releases. Statistical estimates for completed reporting periods, not audited financial actuals; individual AE/RE/provisional status is not specified in this table. Missing cells omitted, never zero-filled. J&K throughFY2018-19 includes Ladakh; retained as a separate historical geography and not joined to present UT totals.",Rajasthan,2022,gsdp_current_prices_inr_crore,1195640.58,official_measured,official,,,,,,,,GSDP_current_prices_2011_12_base|All sectors,,,,,,,2025-12-11,,2021-22,reported,official_statistical_published,RBI Handbook of Statistics on Indian States 2024-25; Table 21; 11 December 2025,current_prices,2011-12
state_rajasthan,Rajasthan,state_aggregate,RBI / NSO,Rajasthan,All sectors,gsdp_current_prices_inr_crore,1356479.87,INR crore,135647987.0,INR lakh,2022-04-01,2023-03-31,fiscal_year,actual,GSDP_current_prices_2011_12_base,2023-03-31,2025-12-11,rbi_gsdp_current_prices_2024_25,https://rbidocs.rbi.org.in/rdocs/Publications/PDFs/21T_11122025D994949B48C44B68B4465FBB9ADDFF3D.PDF,"Table 21, state Rajasthan, column 2022-23",official_measured,True,6e48293426935a2ef796c0163edbedeeb6dd165b21db8f018ac912502b3cc287,"Full RBI December2025 published vintage; values may revise earlier releases. Statistical estimates for completed reporting periods, not audited financial actuals; individual AE/RE/provisional status is not specified in this table. Missing cells omitted, never zero-filled. J&K throughFY2018-19 includes Ladakh; retained as a separate historical geography and not joined to present UT totals.",Rajasthan,2023,gsdp_current_prices_inr_crore,1356479.87,official_measured,official,,,,,,,,GSDP_current_prices_2011_12_base|All sectors,,,,,,,2025-12-11,,2022-23,reported,official_statistical_published,RBI Handbook of Statistics on Indian States 2024-25; Table 21; 11 December 2025,current_prices,2011-12
state_rajasthan,Rajasthan,state_aggregate,RBI / NSO,Rajasthan,All sectors,gsdp_current_prices_inr_crore,1521509.6500000001,INR crore,152150965.0,INR lakh,2023-04-01,2024-03-31,fiscal_year,actual,GSDP_current_prices_2011_12_base,2024-03-31,2025-12-11,rbi_gsdp_current_prices_2024_25,https://rbidocs.rbi.org.in/rdocs/Publications/PDFs/21T_11122025D994949B48C44B68B4465FBB9ADDFF3D.PDF,"Table 21, state Rajasthan, column 2023-24",official_measured,True,6e48293426935a2ef796c0163edbedeeb6dd165b21db8f018ac912502b3cc287,"Full RBI December2025 published vintage; values may revise earlier releases. Statistical estimates for completed reporting periods, not audited financial actuals; individual AE/RE/provisional status is not specified in this table. Missing cells omitted, never zero-filled. J&K throughFY2018-19 includes Ladakh; retained as a separate historical geography and not joined to present UT totals.",Rajasthan,2024,gsdp_current_prices_inr_crore,1521509.6500000001,official_measured,official,,,,,,,,GSDP_current_prices_2011_12_base|All sectors,,,,,,,2025-12-11,,2023-24,reported,official_statistical_published,RBI Handbook of Statistics on Indian States 2024-25; Table 21; 11 December 2025,current_prices,2011-12
state_rajasthan,Rajasthan,state_aggregate,RBI / NSO,Rajasthan,All sectors,gsdp_current_prices_inr_crore,1704338.55,INR crore,170433855.0,INR lakh,2024-04-01,2025-03-31,fiscal_year,actual,GSDP_current_prices_2011_12_base,2025-03-31,2025-12-11,rbi_gsdp_current_prices_2024_25,https://rbidocs.rbi.org.in/rdocs/Publications/PDFs/21T_11122025D994949B48C44B68B4465FBB9ADDFF3D.PDF,"Table 21, state Rajasthan, column 2024-25",official_measured,True,6e48293426935a2ef796c0163edbedeeb6dd165b21db8f018ac912502b3cc287,"Full RBI December2025 published vintage; values may revise earlier releases. Statistical estimates for completed reporting periods, not audited financial actuals; individual AE/RE/provisional status is not specified in this table. Missing cells omitted, never zero-filled. J&K throughFY2018-19 includes Ladakh; retained as a separate historical geography and not joined to present UT totals.",Rajasthan,2025,gsdp_current_prices_inr_crore,1704338.55,official_measured,official,,,,,,,,GSDP_current_prices_2011_12_base|All sectors,,,,,,,2025-12-11,,2024-25,reported,official_statistical_published,RBI Handbook of Statistics on Indian States 2024-25; Table 21; 11 December 2025,current_prices,2011-12
state_sikkim,Sikkim,state_aggregate,RBI / NSO,Sikkim,All sectors,gsdp_current_prices_inr_crore,25970.82,INR crore,2597082.0,INR lakh,2017-04-01,2018-03-31,fiscal_year,actual,GSDP_current_prices_2011_12_base,2018-03-31,2025-12-11,rbi_gsdp_current_prices_2024_25,https://rbidocs.rbi.org.in/rdocs/Publications/PDFs/21T_11122025D994949B48C44B68B4465FBB9ADDFF3D.PDF,"Table 21, state Sikkim, column 2017-18",official_measured,True,6e48293426935a2ef796c0163edbedeeb6dd165b21db8f018ac912502b3cc287,"Full RBI December2025 published vintage; values may revise earlier releases. Statistical estimates for completed reporting periods, not audited financial actuals; individual AE/RE/provisional status is not specified in this table. Missing cells omitted, never zero-filled. J&K throughFY2018-19 includes Ladakh; retained as a separate historical geography and not joined to present UT totals.",Sikkim,2018,gsdp_current_prices_inr_crore,25970.82,official_measured,official,,,,,,,,GSDP_current_prices_2011_12_base|All sectors,,,,,,,2025-12-11,,2017-18,reported,official_statistical_published,RBI Handbook of Statistics on Indian States 2024-25; Table 21; 11 December 2025,current_prices,2011-12
state_sikkim,Sikkim,state_aggregate,RBI / NSO,Sikkim,All sectors,gsdp_current_prices_inr_crore,28402.43,INR crore,2840243.0,INR lakh,2018-04-01,2019-03-31,fiscal_year,actual,GSDP_current_prices_2011_12_base,2019-03-31,2025-12-11,rbi_gsdp_current_prices_2024_25,https://rbidocs.rbi.org.in/rdocs/Publications/PDFs/21T_11122025D994949B48C44B68B4465FBB9ADDFF3D.PDF,"Table 21, state Sikkim, column 2018-19",official_measured,True,6e48293426935a2ef796c0163edbedeeb6dd165b21db8f018ac912502b3cc287,"Full RBI December2025 published vintage; values may revise earlier releases. Statistical estimates for completed reporting periods, not audited financial actuals; individual AE/RE/provisional status is not specified in this table. Missing cells omitted, never zero-filled. J&K throughFY2018-19 includes Ladakh; retained as a separate historical geography and not joined to present UT totals.",Sikkim,2019,gsdp_current_prices_inr_crore,28402.43,official_measured,official,,,,,,,,GSDP_current_prices_2011_12_base|All sectors,,,,,,,2025-12-11,,2018-19,reported,official_statistical_published,RBI Handbook of Statistics on Indian States 2024-25; Table 21; 11 December 2025,current_prices,2011-12
state_sikkim,Sikkim,state_aggregate,RBI / NSO,Sikkim,All sectors,gsdp_current_prices_inr_crore,31441.0,INR crore,3144100.0,INR lakh,2019-04-01,2020-03-31,fiscal_year,actual,GSDP_current_prices_2011_12_base,2020-03-31,2025-12-11,rbi_gsdp_current_prices_2024_25,https://rbidocs.rbi.org.in/rdocs/Publications/PDFs/21T_11122025D994949B48C44B68B4465FBB9ADDFF3D.PDF,"Table 21, state Sikkim, column 2019-20",official_measured,True,6e48293426935a2ef796c0163edbedeeb6dd165b21db8f018ac912502b3cc287,"Full RBI December2025 published vintage; values may revise earlier releases. Statistical estimates for completed reporting periods, not audited financial actuals; individual AE/RE/provisional status is not specified in this table. Missing cells omitted, never zero-filled. J&K throughFY2018-19 includes Ladakh; retained as a separate historical geography and not joined to present UT totals.",Sikkim,2020,gsdp_current_prices_inr_crore,31441.0,official_measured,official,,,,,,,,GSDP_current_prices_2011_12_base|All sectors,,,,,,,2025-12-11,,2019-20,reported,official_statistical_published,RBI Handbook of Statistics on Indian States 2024-25; Table 21; 11 December 2025,current_prices,2011-12
state_sikkim,Sikkim,state_aggregate,RBI / NSO,Sikkim,All sectors,gsdp_current_prices_inr_crore,33017.83,INR crore,3301783.0,INR lakh,2020-04-01,2021-03-31,fiscal_year,actual,GSDP_current_prices_2011_12_base,2021-03-31,2025-12-11,rbi_gsdp_current_prices_2024_25,https://rbidocs.rbi.org.in/rdocs/Publications/PDFs/21T_11122025D994949B48C44B68B4465FBB9ADDFF3D.PDF,"Table 21, state Sikkim, column 2020-21",official_measured,True,6e48293426935a2ef796c0163edbedeeb6dd165b21db8f018ac912502b3cc287,"Full RBI December2025 published vintage; values may revise earlier releases. Statistical estimates for completed reporting periods, not audited financial actuals; individual AE/RE/provisional status is not specified in this table. Missing cells omitted, never zero-filled. J&K throughFY2018-19 includes Ladakh; retained as a separate historical geography and not joined to present UT totals.",Sikkim,2021,gsdp_current_prices_inr_crore,33017.83,official_measured,official,,,,,,,,GSDP_current_prices_2011_12_base|All sectors,,,,,,,2025-12-11,,2020-21,reported,official_statistical_published,RBI Handbook of Statistics on Indian States 2024-25; Table 21; 11 December 2025,current_prices,2011-12
state_sikkim,Sikkim,state_aggregate,RBI / NSO,Sikkim,All sectors,gsdp_current_prices_inr_crore,37649.63,INR crore,3764963.0,INR lakh,2021-04-01,2022-03-31,fiscal_year,actual,GSDP_current_prices_2011_12_base,2022-03-31,2025-12-11,rbi_gsdp_current_prices_2024_25,https://rbidocs.rbi.org.in/rdocs/Publications/PDFs/21T_11122025D994949B48C44B68B4465FBB9ADDFF3D.PDF,"Table 21, state Sikkim, column 2021-22",official_measured,True,6e48293426935a2ef796c0163edbedeeb6dd165b21db8f018ac912502b3cc287,"Full RBI December2025 published vintage; values may revise earlier releases. Statistical estimates for completed reporting periods, not audited financial actuals; individual AE/RE/provisional status is not specified in this table. Missing cells omitted, never zero-filled. J&K throughFY2018-19 includes Ladakh; retained as a separate historical geography and not joined to present UT totals.",Sikkim,2022,gsdp_current_prices_inr_crore,37649.63,official_measured,official,,,,,,,,GSDP_current_prices_2011_12_base|All sectors,,,,,,,2025-12-11,,2021-22,reported,official_statistical_published,RBI Handbook of Statistics on Indian States 2024-25; Table 21; 11 December 2025,current_prices,2011-12
state_sikkim,Sikkim,state_aggregate,RBI / NSO,Sikkim,All sectors,gsdp_current_prices_inr_crore,42677.450000000004,INR crore,4267745.0,INR lakh,2022-04-01,2023-03-31,fiscal_year,actual,GSDP_current_prices_2011_12_base,2023-03-31,2025-12-11,rbi_gsdp_current_prices_2024_25,https://rbidocs.rbi.org.in/rdocs/Publications/PDFs/21T_11122025D994949B48C44B68B4465FBB9ADDFF3D.PDF,"Table 21, state Sikkim, column 2022-23",official_measured,True,6e48293426935a2ef796c0163edbedeeb6dd165b21db8f018ac912502b3cc287,"Full RBI December2025 published vintage; values may revise earlier releases. Statistical estimates for completed reporting periods, not audited financial actuals; individual AE/RE/provisional status is not specified in this table. Missing cells omitted, never zero-filled. J&K throughFY2018-19 includes Ladakh; retained as a separate historical geography and not joined to present UT totals.",Sikkim,2023,gsdp_current_prices_inr_crore,42677.450000000004,official_measured,official,,,,,,,,GSDP_current_prices_2011_12_base|All sectors,,,,,,,2025-12-11,,2022-23,reported,official_statistical_published,RBI Handbook of Statistics on Indian States 2024-25; Table 21; 11 December 2025,current_prices,2011-12
state_sikkim,Sikkim,state_aggregate,RBI / NSO,Sikkim,All sectors,gsdp_current_prices_inr_crore,48936.94,INR crore,4893694.0,INR lakh,2023-04-01,2024-03-31,fiscal_year,actual,GSDP_current_prices_2011_12_base,2024-03-31,2025-12-11,rbi_gsdp_current_prices_2024_25,https://rbidocs.rbi.org.in/rdocs/Publications/PDFs/21T_11122025D994949B48C44B68B4465FBB9ADDFF3D.PDF,"Table 21, state Sikkim, column 2023-24",official_measured,True,6e48293426935a2ef796c0163edbedeeb6dd165b21db8f018ac912502b3cc287,"Full RBI December2025 published vintage; values may revise earlier releases. Statistical estimates for completed reporting periods, not audited financial actuals; individual AE/RE/provisional status is not specified in this table. Missing cells omitted, never zero-filled. J&K throughFY2018-19 includes Ladakh; retained as a separate historical geography and not joined to present UT totals.",Sikkim,2024,gsdp_current_prices_inr_crore,48936.94,official_measured,official,,,,,,,,GSDP_current_prices_2011_12_base|All sectors,,,,,,,2025-12-11,,2023-24,reported,official_statistical_published,RBI Handbook of Statistics on Indian States 2024-25; Table 21; 11 December 2025,current_prices,2011-12
state_tamil_nadu,Tamil Nadu,state_aggregate,RBI / NSO,Tamil Nadu,All sectors,gsdp_current_prices_inr_crore,1465050.91,INR crore,146505091.0,INR lakh,2017-04-01,2018-03-31,fiscal_year,actual,GSDP_current_prices_2011_12_base,2018-03-31,2025-12-11,rbi_gsdp_current_prices_2024_25,https://rbidocs.rbi.org.in/rdocs/Publications/PDFs/21T_11122025D994949B48C44B68B4465FBB9ADDFF3D.PDF,"Table 21, state Tamil Nadu, column 2017-18",official_measured,True,6e48293426935a2ef796c0163edbedeeb6dd165b21db8f018ac912502b3cc287,"Full RBI December2025 published vintage; values may revise earlier releases. Statistical estimates for completed reporting periods, not audited financial actuals; individual AE/RE/provisional status is not specified in this table. Missing cells omitted, never zero-filled. J&K throughFY2018-19 includes Ladakh; retained as a separate historical geography and not joined to present UT totals.",Tamil Nadu,2018,gsdp_current_prices_inr_crore,1465050.91,official_measured,official,,,,,,,,GSDP_current_prices_2011_12_base|All sectors,,,,,,,2025-12-11,,2017-18,reported,official_statistical_published,RBI Handbook of Statistics on Indian States 2024-25; Table 21; 11 December 2025,current_prices,2011-12
state_tamil_nadu,Tamil Nadu,state_aggregate,RBI / NSO,Tamil Nadu,All sectors,gsdp_current_prices_inr_crore,1630209.1500000001,INR crore,163020915.0,INR lakh,2018-04-01,2019-03-31,fiscal_year,actual,GSDP_current_prices_2011_12_base,2019-03-31,2025-12-11,rbi_gsdp_current_prices_2024_25,https://rbidocs.rbi.org.in/rdocs/Publications/PDFs/21T_11122025D994949B48C44B68B4465FBB9ADDFF3D.PDF,"Table 21, state Tamil Nadu, column 2018-19",official_measured,True,6e48293426935a2ef796c0163edbedeeb6dd165b21db8f018ac912502b3cc287,"Full RBI December2025 published vintage; values may revise earlier releases. Statistical estimates for completed reporting periods, not audited financial actuals; individual AE/RE/provisional status is not specified in this table. Missing cells omitted, never zero-filled. J&K throughFY2018-19 includes Ladakh; retained as a separate historical geography and not joined to present UT totals.",Tamil Nadu,2019,gsdp_current_prices_inr_crore,1630209.1500000001,official_measured,official,,,,,,,,GSDP_current_prices_2011_12_base|All sectors,,,,,,,2025-12-11,,2018-19,reported,official_statistical_published,RBI Handbook of Statistics on Indian States 2024-25; Table 21; 11 December 2025,current_prices,2011-12
state_tamil_nadu,Tamil Nadu,state_aggregate,RBI / NSO,Tamil Nadu,All sectors,gsdp_current_prices_inr_crore,1743143.96,INR crore,174314396.0,INR lakh,2019-04-01,2020-03-31,fiscal_year,actual,GSDP_current_prices_2011_12_base,2020-03-31,2025-12-11,rbi_gsdp_current_prices_2024_25,https://rbidocs.rbi.org.in/rdocs/Publications/PDFs/21T_11122025D994949B48C44B68B4465FBB9ADDFF3D.PDF,"Table 21, state Tamil Nadu, column 2019-20",official_measured,True,6e48293426935a2ef796c0163edbedeeb6dd165b21db8f018ac912502b3cc287,"Full RBI December2025 published vintage; values may revise earlier releases. Statistical estimates for completed reporting periods, not audited financial actuals; individual AE/RE/provisional status is not specified in this table. Missing cells omitted, never zero-filled. J&K throughFY2018-19 includes Ladakh; retained as a separate historical geography and not joined to present UT totals.",Tamil Nadu,2020,gsdp_current_prices_inr_crore,1743143.96,official_measured,official,,,,,,,,GSDP_current_prices_2011_12_base|All sectors,,,,,,,2025-12-11,,2019-20,reported,official_statistical_published,RBI Handbook of Statistics on Indian States 2024-25; Table 21; 11 December 2025,current_prices,2011-12
state_tamil_nadu,Tamil Nadu,state_aggregate,RBI / NSO,Tamil Nadu,All sectors,gsdp_current_prices_inr_crore,1788074.37,INR crore,178807437.0,INR lakh,2020-04-01,2021-03-31,fiscal_year,actual,GSDP_current_prices_2011_12_base,2021-03-31,2025-12-11,rbi_gsdp_current_prices_2024_25,https://rbidocs.rbi.org.in/rdocs/Publications/PDFs/21T_11122025D994949B48C44B68B4465FBB9ADDFF3D.PDF,"Table 21, state Tamil Nadu, column 2020-21",official_measured,True,6e48293426935a2ef796c0163edbedeeb6dd165b21db8f018ac912502b3cc287,"Full RBI December2025 published vintage; values may revise earlier releases. Statistical estimates for completed reporting periods, not audited financial actuals; individual AE/RE/provisional status is not specified in this table. Missing cells omitted, never zero-filled. J&K throughFY2018-19 includes Ladakh; retained as a separate historical geography and not joined to present UT totals.",Tamil Nadu,2021,gsdp_current_prices_inr_crore,1788074.37,official_measured,official,,,,,,,,GSDP_current_prices_2011_12_base|All sectors,,,,,,,2025-12-11,,2020-21,reported,official_statistical_published,RBI Handbook of Statistics on Indian States 2024-25; Table 21; 11 December 2025,current_prices,2011-12
state_tamil_nadu,Tamil Nadu,state_aggregate,RBI / NSO,Tamil Nadu,All sectors,gsdp_current_prices_inr_crore,2072495.79,INR crore,207249579.0,INR lakh,2021-04-01,2022-03-31,fiscal_year,actual,GSDP_current_prices_2011_12_base,2022-03-31,2025-12-11,rbi_gsdp_current_prices_2024_25,https://rbidocs.rbi.org.in/rdocs/Publications/PDFs/21T_11122025D994949B48C44B68B4465FBB9ADDFF3D.PDF,"Table 21, state Tamil Nadu, column 2021-22",official_measured,True,6e48293426935a2ef796c0163edbedeeb6dd165b21db8f018ac912502b3cc287,"Full RBI December2025 published vintage; values may revise earlier releases. Statistical estimates for completed reporting periods, not audited financial actuals; individual AE/RE/provisional status is not specified in this table. Missing cells omitted, never zero-filled. J&K throughFY2018-19 includes Ladakh; retained as a separate historical geography and not joined to present UT totals.",Tamil Nadu,2022,gsdp_current_prices_inr_crore,2072495.79,official_measured,official,,,,,,,,GSDP_current_prices_2011_12_base|All sectors,,,,,,,2025-12-11,,2021-22,reported,official_statistical_published,RBI Handbook of Statistics on Indian States 2024-25; Table 21; 11 December 2025,current_prices,2011-12
state_tamil_nadu,Tamil Nadu,state_aggregate,RBI / NSO,Tamil Nadu,All sectors,gsdp_current_prices_inr_crore,2372469.27,INR crore,237246927.0,INR lakh,2022-04-01,2023-03-31,fiscal_year,actual,GSDP_current_prices_2011_12_base,2023-03-31,2025-12-11,rbi_gsdp_current_prices_2024_25,https://rbidocs.rbi.org.in/rdocs/Publications/PDFs/21T_11122025D994949B48C44B68B4465FBB9ADDFF3D.PDF,"Table 21, state Tamil Nadu, column 2022-23",official_measured,True,6e48293426935a2ef796c0163edbedeeb6dd165b21db8f018ac912502b3cc287,"Full RBI December2025 published vintage; values may revise earlier releases. Statistical estimates for completed reporting periods, not audited financial actuals; individual AE/RE/provisional status is not specified in this table. Missing cells omitted, never zero-filled. J&K throughFY2018-19 includes Ladakh; retained as a separate historical geography and not joined to present UT totals.",Tamil Nadu,2023,gsdp_current_prices_inr_crore,2372469.27,official_measured,official,,,,,,,,GSDP_current_prices_2011_12_base|All sectors,,,,,,,2025-12-11,,2022-23,reported,official_statistical_published,RBI Handbook of Statistics on Indian States 2024-25; Table 21; 11 December 2025,current_prices,2011-12
state_tamil_nadu,Tamil Nadu,state_aggregate,RBI / NSO,Tamil Nadu,All sectors,gsdp_current_prices_inr_crore,2688963.32,INR crore,268896332.0,INR lakh,2023-04-01,2024-03-31,fiscal_year,actual,GSDP_current_prices_2011_12_base,2024-03-31,2025-12-11,rbi_gsdp_current_prices_2024_25,https://rbidocs.rbi.org.in/rdocs/Publications/PDFs/21T_11122025D994949B48C44B68B4465FBB9ADDFF3D.PDF,"Table 21, state Tamil Nadu, column 2023-24",official_measured,True,6e48293426935a2ef796c0163edbedeeb6dd165b21db8f018ac912502b3cc287,"Full RBI December2025 published vintage; values may revise earlier releases. Statistical estimates for completed reporting periods, not audited financial actuals; individual AE/RE/provisional status is not specified in this table. Missing cells omitted, never zero-filled. J&K throughFY2018-19 includes Ladakh; retained as a separate historical geography and not joined to present UT totals.",Tamil Nadu,2024,gsdp_current_prices_inr_crore,2688963.32,official_measured,official,,,,,,,,GSDP_current_prices_2011_12_base|All sectors,,,,,,,2025-12-11,,2023-24,reported,official_statistical_published,RBI Handbook of Statistics on Indian States 2024-25; Table 21; 11 December 2025,current_prices,2011-12
state_tamil_nadu,Tamil Nadu,state_aggregate,RBI / NSO,Tamil Nadu,All sectors,gsdp_current_prices_inr_crore,3118590.3000000003,INR crore,311859030.0,INR lakh,2024-04-01,2025-03-31,fiscal_year,actual,GSDP_current_prices_2011_12_base,2025-03-31,2025-12-11,rbi_gsdp_current_prices_2024_25,https://rbidocs.rbi.org.in/rdocs/Publications/PDFs/21T_11122025D994949B48C44B68B4465FBB9ADDFF3D.PDF,"Table 21, state Tamil Nadu, column 2024-25",official_measured,True,6e48293426935a2ef796c0163edbedeeb6dd165b21db8f018ac912502b3cc287,"Full RBI December2025 published vintage; values may revise earlier releases. Statistical estimates for completed reporting periods, not audited financial actuals; individual AE/RE/provisional status is not specified in this table. Missing cells omitted, never zero-filled. J&K throughFY2018-19 includes Ladakh; retained as a separate historical geography and not joined to present UT totals.",Tamil Nadu,2025,gsdp_current_prices_inr_crore,3118590.3000000003,official_measured,official,,,,,,,,GSDP_current_prices_2011_12_base|All sectors,,,,,,,2025-12-11,,2024-25,reported,official_statistical_published,RBI Handbook of Statistics on Indian States 2024-25; Table 21; 11 December 2025,current_prices,2011-12
state_telangana,Telangana,state_aggregate,RBI / NSO,Telangana,All sectors,gsdp_current_prices_inr_crore,750050.28,INR crore,75005028.0,INR lakh,2017-04-01,2018-03-31,fiscal_year,actual,GSDP_current_prices_2011_12_base,2018-03-31,2025-12-11,rbi_gsdp_current_prices_2024_25,https://rbidocs.rbi.org.in/rdocs/Publications/PDFs/21T_11122025D994949B48C44B68B4465FBB9ADDFF3D.PDF,"Table 21, state Telangana, column 2017-18",official_measured,True,6e48293426935a2ef796c0163edbedeeb6dd165b21db8f018ac912502b3cc287,"Full RBI December2025 published vintage; values may revise earlier releases. Statistical estimates for completed reporting periods, not audited financial actuals; individual AE/RE/provisional status is not specified in this table. Missing cells omitted, never zero-filled. J&K throughFY2018-19 includes Ladakh; retained as a separate historical geography and not joined to present UT totals.",Telangana,2018,gsdp_current_prices_inr_crore,750050.28,official_measured,official,,,,,,,,GSDP_current_prices_2011_12_base|All sectors,,,,,,,2025-12-11,,2017-18,reported,official_statistical_published,RBI Handbook of Statistics on Indian States 2024-25; Table 21; 11 December 2025,current_prices,2011-12
state_telangana,Telangana,state_aggregate,RBI / NSO,Telangana,All sectors,gsdp_current_prices_inr_crore,857427.15,INR crore,85742715.0,INR lakh,2018-04-01,2019-03-31,fiscal_year,actual,GSDP_current_prices_2011_12_base,2019-03-31,2025-12-11,rbi_gsdp_current_prices_2024_25,https://rbidocs.rbi.org.in/rdocs/Publications/PDFs/21T_11122025D994949B48C44B68B4465FBB9ADDFF3D.PDF,"Table 21, state Telangana, column 2018-19",official_measured,True,6e48293426935a2ef796c0163edbedeeb6dd165b21db8f018ac912502b3cc287,"Full RBI December2025 published vintage; values may revise earlier releases. Statistical estimates for completed reporting periods, not audited financial actuals; individual AE/RE/provisional status is not specified in this table. Missing cells omitted, never zero-filled. J&K throughFY2018-19 includes Ladakh; retained as a separate historical geography and not joined to present UT totals.",Telangana,2019,gsdp_current_prices_inr_crore,857427.15,official_measured,official,,,,,,,,GSDP_current_prices_2011_12_base|All sectors,,,,,,,2025-12-11,,2018-19,reported,official_statistical_published,RBI Handbook of Statistics on Indian States 2024-25; Table 21; 11 December 2025,current_prices,2011-12
state_telangana,Telangana,state_aggregate,RBI / NSO,Telangana,All sectors,gsdp_current_prices_inr_crore,950090.49,INR crore,95009049.0,INR lakh,2019-04-01,2020-03-31,fiscal_year,actual,GSDP_current_prices_2011_12_base,2020-03-31,2025-12-11,rbi_gsdp_current_prices_2024_25,https://rbidocs.rbi.org.in/rdocs/Publications/PDFs/21T_11122025D994949B48C44B68B4465FBB9ADDFF3D.PDF,"Table 21, state Telangana, column 2019-20",official_measured,True,6e48293426935a2ef796c0163edbedeeb6dd165b21db8f018ac912502b3cc287,"Full RBI December2025 published vintage; values may revise earlier releases. Statistical estimates for completed reporting periods, not audited financial actuals; individual AE/RE/provisional status is not specified in this table. Missing cells omitted, never zero-filled. J&K throughFY2018-19 includes Ladakh; retained as a separate historical geography and not joined to present UT totals.",Telangana,2020,gsdp_current_prices_inr_crore,950090.49,official_measured,official,,,,,,,,GSDP_current_prices_2011_12_base|All sectors,,,,,,,2025-12-11,,2019-20,reported,official_statistical_published,RBI Handbook of Statistics on Indian States 2024-25; Table 21; 11 December 2025,current_prices,2011-12
state_telangana,Telangana,state_aggregate,RBI / NSO,Telangana,All sectors,gsdp_current_prices_inr_crore,943077.99,INR crore,94307799.0,INR lakh,2020-04-01,2021-03-31,fiscal_year,actual,GSDP_current_prices_2011_12_base,2021-03-31,2025-12-11,rbi_gsdp_current_prices_2024_25,https://rbidocs.rbi.org.in/rdocs/Publications/PDFs/21T_11122025D994949B48C44B68B4465FBB9ADDFF3D.PDF,"Table 21, state Telangana, column 2020-21",official_measured,True,6e48293426935a2ef796c0163edbedeeb6dd165b21db8f018ac912502b3cc287,"Full RBI December2025 published vintage; values may revise earlier releases. Statistical estimates for completed reporting periods, not audited financial actuals; individual AE/RE/provisional status is not specified in this table. Missing cells omitted, never zero-filled. J&K throughFY2018-19 includes Ladakh; retained as a separate historical geography and not joined to present UT totals.",Telangana,2021,gsdp_current_prices_inr_crore,943077.99,official_measured,official,,,,,,,,GSDP_current_prices_2011_12_base|All sectors,,,,,,,2025-12-11,,2020-21,reported,official_statistical_published,RBI Handbook of Statistics on Indian States 2024-25; Table 21; 11 December 2025,current_prices,2011-12
state_telangana,Telangana,state_aggregate,RBI / NSO,Telangana,All sectors,gsdp_current_prices_inr_crore,1124085.6400000001,INR crore,112408564.0,INR lakh,2021-04-01,2022-03-31,fiscal_year,actual,GSDP_current_prices_2011_12_base,2022-03-31,2025-12-11,rbi_gsdp_current_prices_2024_25,https://rbidocs.rbi.org.in/rdocs/Publications/PDFs/21T_11122025D994949B48C44B68B4465FBB9ADDFF3D.PDF,"Table 21, state Telangana, column 2021-22",official_measured,True,6e48293426935a2ef796c0163edbedeeb6dd165b21db8f018ac912502b3cc287,"Full RBI December2025 published vintage; values may revise earlier releases. Statistical estimates for completed reporting periods, not audited financial actuals; individual AE/RE/provisional status is not specified in this table. Missing cells omitted, never zero-filled. J&K throughFY2018-19 includes Ladakh; retained as a separate historical geography and not joined to present UT totals.",Telangana,2022,gsdp_current_prices_inr_crore,1124085.6400000001,official_measured,official,,,,,,,,GSDP_current_prices_2011_12_base|All sectors,,,,,,,2025-12-11,,2021-22,reported,official_statistical_published,RBI Handbook of Statistics on Indian States 2024-25; Table 21; 11 December 2025,current_prices,2011-12
state_telangana,Telangana,state_aggregate,RBI / NSO,Telangana,All sectors,gsdp_current_prices_inr_crore,1310720.67,INR crore,131072067.0,INR lakh,2022-04-01,2023-03-31,fiscal_year,actual,GSDP_current_prices_2011_12_base,2023-03-31,2025-12-11,rbi_gsdp_current_prices_2024_25,https://rbidocs.rbi.org.in/rdocs/Publications/PDFs/21T_11122025D994949B48C44B68B4465FBB9ADDFF3D.PDF,"Table 21, state Telangana, column 2022-23",official_measured,True,6e48293426935a2ef796c0163edbedeeb6dd165b21db8f018ac912502b3cc287,"Full RBI December2025 published vintage; values may revise earlier releases. Statistical estimates for completed reporting periods, not audited financial actuals; individual AE/RE/provisional status is not specified in this table. Missing cells omitted, never zero-filled. J&K throughFY2018-19 includes Ladakh; retained as a separate historical geography and not joined to present UT totals.",Telangana,2023,gsdp_current_prices_inr_crore,1310720.67,official_measured,official,,,,,,,,GSDP_current_prices_2011_12_base|All sectors,,,,,,,2025-12-11,,2022-23,reported,official_statistical_published,RBI Handbook of Statistics on Indian States 2024-25; Table 21; 11 December 2025,current_prices,2011-12
state_telangana,Telangana,state_aggregate,RBI / NSO,Telangana,All sectors,gsdp_current_prices_inr_crore,1461835.94,INR crore,146183594.0,INR lakh,2023-04-01,2024-03-31,fiscal_year,actual,GSDP_current_prices_2011_12_base,2024-03-31,2025-12-11,rbi_gsdp_current_prices_2024_25,https://rbidocs.rbi.org.in/rdocs/Publications/PDFs/21T_11122025D994949B48C44B68B4465FBB9ADDFF3D.PDF,"Table 21, state Telangana, column 2023-24",official_measured,True,6e48293426935a2ef796c0163edbedeeb6dd165b21db8f018ac912502b3cc287,"Full RBI December2025 published vintage; values may revise earlier releases. Statistical estimates for completed reporting periods, not audited financial actuals; individual AE/RE/provisional status is not specified in this table. Missing cells omitted, never zero-filled. J&K throughFY2018-19 includes Ladakh; retained as a separate historical geography and not joined to present UT totals.",Telangana,2024,gsdp_current_prices_inr_crore,1461835.94,official_measured,official,,,,,,,,GSDP_current_prices_2011_12_base|All sectors,,,,,,,2025-12-11,,2023-24,reported,official_statistical_published,RBI Handbook of Statistics on Indian States 2024-25; Table 21; 11 December 2025,current_prices,2011-12
state_telangana,Telangana,state_aggregate,RBI / NSO,Telangana,All sectors,gsdp_current_prices_inr_crore,1640901.43,INR crore,164090143.0,INR lakh,2024-04-01,2025-03-31,fiscal_year,actual,GSDP_current_prices_2011_12_base,2025-03-31,2025-12-11,rbi_gsdp_current_prices_2024_25,https://rbidocs.rbi.org.in/rdocs/Publications/PDFs/21T_11122025D994949B48C44B68B4465FBB9ADDFF3D.PDF,"Table 21, state Telangana, column 2024-25",official_measured,True,6e48293426935a2ef796c0163edbedeeb6dd165b21db8f018ac912502b3cc287,"Full RBI December2025 published vintage; values may revise earlier releases. Statistical estimates for completed reporting periods, not audited financial actuals; individual AE/RE/provisional status is not specified in this table. Missing cells omitted, never zero-filled. J&K throughFY2018-19 includes Ladakh; retained as a separate historical geography and not joined to present UT totals.",Telangana,2025,gsdp_current_prices_inr_crore,1640901.43,official_measured,official,,,,,,,,GSDP_current_prices_2011_12_base|All sectors,,,,,,,2025-12-11,,2024-25,reported,official_statistical_published,RBI Handbook of Statistics on Indian States 2024-25; Table 21; 11 December 2025,current_prices,2011-12
state_tripura,Tripura,state_aggregate,RBI / NSO,Tripura,All sectors,gsdp_current_prices_inr_crore,43715.8,INR crore,4371580.0,INR lakh,2017-04-01,2018-03-31,fiscal_year,actual,GSDP_current_prices_2011_12_base,2018-03-31,2025-12-11,rbi_gsdp_current_prices_2024_25,https://rbidocs.rbi.org.in/rdocs/Publications/PDFs/21T_11122025D994949B48C44B68B4465FBB9ADDFF3D.PDF,"Table 21, state Tripura, column 2017-18",official_measured,True,6e48293426935a2ef796c0163edbedeeb6dd165b21db8f018ac912502b3cc287,"Full RBI December2025 published vintage; values may revise earlier releases. Statistical estimates for completed reporting periods, not audited financial actuals; individual AE/RE/provisional status is not specified in this table. Missing cells omitted, never zero-filled. J&K throughFY2018-19 includes Ladakh; retained as a separate historical geography and not joined to present UT totals.",Tripura,2018,gsdp_current_prices_inr_crore,43715.8,official_measured,official,,,,,,,,GSDP_current_prices_2011_12_base|All sectors,,,,,,,2025-12-11,,2017-18,reported,official_statistical_published,RBI Handbook of Statistics on Indian States 2024-25; Table 21; 11 December 2025,current_prices,2011-12
state_tripura,Tripura,state_aggregate,RBI / NSO,Tripura,All sectors,gsdp_current_prices_inr_crore,49823.32,INR crore,4982332.0,INR lakh,2018-04-01,2019-03-31,fiscal_year,actual,GSDP_current_prices_2011_12_base,2019-03-31,2025-12-11,rbi_gsdp_current_prices_2024_25,https://rbidocs.rbi.org.in/rdocs/Publications/PDFs/21T_11122025D994949B48C44B68B4465FBB9ADDFF3D.PDF,"Table 21, state Tripura, column 2018-19",official_measured,True,6e48293426935a2ef796c0163edbedeeb6dd165b21db8f018ac912502b3cc287,"Full RBI December2025 published vintage; values may revise earlier releases. Statistical estimates for completed reporting periods, not audited financial actuals; individual AE/RE/provisional status is not specified in this table. Missing cells omitted, never zero-filled. J&K throughFY2018-19 includes Ladakh; retained as a separate historical geography and not joined to present UT totals.",Tripura,2019,gsdp_current_prices_inr_crore,49823.32,official_measured,official,,,,,,,,GSDP_current_prices_2011_12_base|All sectors,,,,,,,2025-12-11,,2018-19,reported,official_statistical_published,RBI Handbook of Statistics on Indian States 2024-25; Table 21; 11 December 2025,current_prices,2011-12
state_tripura,Tripura,state_aggregate,RBI / NSO,Tripura,All sectors,gsdp_current_prices_inr_crore,54151.12,INR crore,5415112.0,INR lakh,2019-04-01,2020-03-31,fiscal_year,actual,GSDP_current_prices_2011_12_base,2020-03-31,2025-12-11,rbi_gsdp_current_prices_2024_25,https://rbidocs.rbi.org.in/rdocs/Publications/PDFs/21T_11122025D994949B48C44B68B4465FBB9ADDFF3D.PDF,"Table 21, state Tripura, column 2019-20",official_measured,True,6e48293426935a2ef796c0163edbedeeb6dd165b21db8f018ac912502b3cc287,"Full RBI December2025 published vintage; values may revise earlier releases. Statistical estimates for completed reporting periods, not audited financial actuals; individual AE/RE/provisional status is not specified in this table. Missing cells omitted, never zero-filled. J&K throughFY2018-19 includes Ladakh; retained as a separate historical geography and not joined to present UT totals.",Tripura,2020,gsdp_current_prices_inr_crore,54151.12,official_measured,official,,,,,,,,GSDP_current_prices_2011_12_base|All sectors,,,,,,,2025-12-11,,2019-20,reported,official_statistical_published,RBI Handbook of Statistics on Indian States 2024-25; Table 21; 11 December 2025,current_prices,2011-12
state_tripura,Tripura,state_aggregate,RBI / NSO,Tripura,All sectors,gsdp_current_prices_inr_crore,53504.12,INR crore,5350412.0,INR lakh,2020-04-01,2021-03-31,fiscal_year,actual,GSDP_current_prices_2011_12_base,2021-03-31,2025-12-11,rbi_gsdp_current_prices_2024_25,https://rbidocs.rbi.org.in/rdocs/Publications/PDFs/21T_11122025D994949B48C44B68B4465FBB9ADDFF3D.PDF,"Table 21, state Tripura, column 2020-21",official_measured,True,6e48293426935a2ef796c0163edbedeeb6dd165b21db8f018ac912502b3cc287,"Full RBI December2025 published vintage; values may revise earlier releases. Statistical estimates for completed reporting periods, not audited financial actuals; individual AE/RE/provisional status is not specified in this table. Missing cells omitted, never zero-filled. J&K throughFY2018-19 includes Ladakh; retained as a separate historical geography and not joined to present UT totals.",Tripura,2021,gsdp_current_prices_inr_crore,53504.12,official_measured,official,,,,,,,,GSDP_current_prices_2011_12_base|All sectors,,,,,,,2025-12-11,,2020-21,reported,official_statistical_published,RBI Handbook of Statistics on Indian States 2024-25; Table 21; 11 December 2025,current_prices,2011-12
state_tripura,Tripura,state_aggregate,RBI / NSO,Tripura,All sectors,gsdp_current_prices_inr_crore,62302.46,INR crore,6230246.0,INR lakh,2021-04-01,2022-03-31,fiscal_year,actual,GSDP_current_prices_2011_12_base,2022-03-31,2025-12-11,rbi_gsdp_current_prices_2024_25,https://rbidocs.rbi.org.in/rdocs/Publications/PDFs/21T_11122025D994949B48C44B68B4465FBB9ADDFF3D.PDF,"Table 21, state Tripura, column 2021-22",official_measured,True,6e48293426935a2ef796c0163edbedeeb6dd165b21db8f018ac912502b3cc287,"Full RBI December2025 published vintage; values may revise earlier releases. Statistical estimates for completed reporting periods, not audited financial actuals; individual AE/RE/provisional status is not specified in this table. Missing cells omitted, never zero-filled. J&K throughFY2018-19 includes Ladakh; retained as a separate historical geography and not joined to present UT totals.",Tripura,2022,gsdp_current_prices_inr_crore,62302.46,official_measured,official,,,,,,,,GSDP_current_prices_2011_12_base|All sectors,,,,,,,2025-12-11,,2021-22,reported,official_statistical_published,RBI Handbook of Statistics on Indian States 2024-25; Table 21; 11 December 2025,current_prices,2011-12
state_tripura,Tripura,state_aggregate,RBI / NSO,Tripura,All sectors,gsdp_current_prices_inr_crore,70633.44,INR crore,7063344.0,INR lakh,2022-04-01,2023-03-31,fiscal_year,actual,GSDP_current_prices_2011_12_base,2023-03-31,2025-12-11,rbi_gsdp_current_prices_2024_25,https://rbidocs.rbi.org.in/rdocs/Publications/PDFs/21T_11122025D994949B48C44B68B4465FBB9ADDFF3D.PDF,"Table 21, state Tripura, column 2022-23",official_measured,True,6e48293426935a2ef796c0163edbedeeb6dd165b21db8f018ac912502b3cc287,"Full RBI December2025 published vintage; values may revise earlier releases. Statistical estimates for completed reporting periods, not audited financial actuals; individual AE/RE/provisional status is not specified in this table. Missing cells omitted, never zero-filled. J&K throughFY2018-19 includes Ladakh; retained as a separate historical geography and not joined to present UT totals.",Tripura,2023,gsdp_current_prices_inr_crore,70633.44,official_measured,official,,,,,,,,GSDP_current_prices_2011_12_base|All sectors,,,,,,,2025-12-11,,2022-23,reported,official_statistical_published,RBI Handbook of Statistics on Indian States 2024-25; Table 21; 11 December 2025,current_prices,2011-12
state_tripura,Tripura,state_aggregate,RBI / NSO,Tripura,All sectors,gsdp_current_prices_inr_crore,79434.06,INR crore,7943406.0,INR lakh,2023-04-01,2024-03-31,fiscal_year,actual,GSDP_current_prices_2011_12_base,2024-03-31,2025-12-11,rbi_gsdp_current_prices_2024_25,https://rbidocs.rbi.org.in/rdocs/Publications/PDFs/21T_11122025D994949B48C44B68B4465FBB9ADDFF3D.PDF,"Table 21, state Tripura, column 2023-24",official_measured,True,6e48293426935a2ef796c0163edbedeeb6dd165b21db8f018ac912502b3cc287,"Full RBI December2025 published vintage; values may revise earlier releases. Statistical estimates for completed reporting periods, not audited financial actuals; individual AE/RE/provisional status is not specified in this table. Missing cells omitted, never zero-filled. J&K throughFY2018-19 includes Ladakh; retained as a separate historical geography and not joined to present UT totals.",Tripura,2024,gsdp_current_prices_inr_crore,79434.06,official_measured,official,,,,,,,,GSDP_current_prices_2011_12_base|All sectors,,,,,,,2025-12-11,,2023-24,reported,official_statistical_published,RBI Handbook of Statistics on Indian States 2024-25; Table 21; 11 December 2025,current_prices,2011-12
state_tripura,Tripura,state_aggregate,RBI / NSO,Tripura,All sectors,gsdp_current_prices_inr_crore,89681.81,INR crore,8968181.0,INR lakh,2024-04-01,2025-03-31,fiscal_year,actual,GSDP_current_prices_2011_12_base,2025-03-31,2025-12-11,rbi_gsdp_current_prices_2024_25,https://rbidocs.rbi.org.in/rdocs/Publications/PDFs/21T_11122025D994949B48C44B68B4465FBB9ADDFF3D.PDF,"Table 21, state Tripura, column 2024-25",official_measured,True,6e48293426935a2ef796c0163edbedeeb6dd165b21db8f018ac912502b3cc287,"Full RBI December2025 published vintage; values may revise earlier releases. Statistical estimates for completed reporting periods, not audited financial actuals; individual AE/RE/provisional status is not specified in this table. Missing cells omitted, never zero-filled. J&K throughFY2018-19 includes Ladakh; retained as a separate historical geography and not joined to present UT totals.",Tripura,2025,gsdp_current_prices_inr_crore,89681.81,official_measured,official,,,,,,,,GSDP_current_prices_2011_12_base|All sectors,,,,,,,2025-12-11,,2024-25,reported,official_statistical_published,RBI Handbook of Statistics on Indian States 2024-25; Table 21; 11 December 2025,current_prices,2011-12
state_uttar_pradesh,Uttar Pradesh,state_aggregate,RBI / NSO,Uttar Pradesh,All sectors,gsdp_current_prices_inr_crore,1476374.5,INR crore,147637450.0,INR lakh,2017-04-01,2018-03-31,fiscal_year,actual,GSDP_current_prices_2011_12_base,2018-03-31,2025-12-11,rbi_gsdp_current_prices_2024_25,https://rbidocs.rbi.org.in/rdocs/Publications/PDFs/21T_11122025D994949B48C44B68B4465FBB9ADDFF3D.PDF,"Table 21, state Uttar Pradesh, column 2017-18",official_measured,True,6e48293426935a2ef796c0163edbedeeb6dd165b21db8f018ac912502b3cc287,"Full RBI December2025 published vintage; values may revise earlier releases. Statistical estimates for completed reporting periods, not audited financial actuals; individual AE/RE/provisional status is not specified in this table. Missing cells omitted, never zero-filled. J&K throughFY2018-19 includes Ladakh; retained as a separate historical geography and not joined to present UT totals.",Uttar Pradesh,2018,gsdp_current_prices_inr_crore,1476374.5,official_measured,official,,,,,,,,GSDP_current_prices_2011_12_base|All sectors,,,,,,,2025-12-11,,2017-18,reported,official_statistical_published,RBI Handbook of Statistics on Indian States 2024-25; Table 21; 11 December 2025,current_prices,2011-12
state_uttar_pradesh,Uttar Pradesh,state_aggregate,RBI / NSO,Uttar Pradesh,All sectors,gsdp_current_prices_inr_crore,1621726.25,INR crore,162172625.0,INR lakh,2018-04-01,2019-03-31,fiscal_year,actual,GSDP_current_prices_2011_12_base,2019-03-31,2025-12-11,rbi_gsdp_current_prices_2024_25,https://rbidocs.rbi.org.in/rdocs/Publications/PDFs/21T_11122025D994949B48C44B68B4465FBB9ADDFF3D.PDF,"Table 21, state Uttar Pradesh, column 2018-19",official_measured,True,6e48293426935a2ef796c0163edbedeeb6dd165b21db8f018ac912502b3cc287,"Full RBI December2025 published vintage; values may revise earlier releases. Statistical estimates for completed reporting periods, not audited financial actuals; individual AE/RE/provisional status is not specified in this table. Missing cells omitted, never zero-filled. J&K throughFY2018-19 includes Ladakh; retained as a separate historical geography and not joined to present UT totals.",Uttar Pradesh,2019,gsdp_current_prices_inr_crore,1621726.25,official_measured,official,,,,,,,,GSDP_current_prices_2011_12_base|All sectors,,,,,,,2025-12-11,,2018-19,reported,official_statistical_published,RBI Handbook of Statistics on Indian States 2024-25; Table 21; 11 December 2025,current_prices,2011-12
state_uttar_pradesh,Uttar Pradesh,state_aggregate,RBI / NSO,Uttar Pradesh,All sectors,gsdp_current_prices_inr_crore,1745131.19,INR crore,174513119.0,INR lakh,2019-04-01,2020-03-31,fiscal_year,actual,GSDP_current_prices_2011_12_base,2020-03-31,2025-12-11,rbi_gsdp_current_prices_2024_25,https://rbidocs.rbi.org.in/rdocs/Publications/PDFs/21T_11122025D994949B48C44B68B4465FBB9ADDFF3D.PDF,"Table 21, state Uttar Pradesh, column 2019-20",official_measured,True,6e48293426935a2ef796c0163edbedeeb6dd165b21db8f018ac912502b3cc287,"Full RBI December2025 published vintage; values may revise earlier releases. Statistical estimates for completed reporting periods, not audited financial actuals; individual AE/RE/provisional status is not specified in this table. Missing cells omitted, never zero-filled. J&K throughFY2018-19 includes Ladakh; retained as a separate historical geography and not joined to present UT totals.",Uttar Pradesh,2020,gsdp_current_prices_inr_crore,1745131.19,official_measured,official,,,,,,,,GSDP_current_prices_2011_12_base|All sectors,,,,,,,2025-12-11,,2019-20,reported,official_statistical_published,RBI Handbook of Statistics on Indian States 2024-25; Table 21; 11 December 2025,current_prices,2011-12
state_uttar_pradesh,Uttar Pradesh,state_aggregate,RBI / NSO,Uttar Pradesh,All sectors,gsdp_current_prices_inr_crore,1682942.55,INR crore,168294255.0,INR lakh,2020-04-01,2021-03-31,fiscal_year,actual,GSDP_current_prices_2011_12_base,2021-03-31,2025-12-11,rbi_gsdp_current_prices_2024_25,https://rbidocs.rbi.org.in/rdocs/Publications/PDFs/21T_11122025D994949B48C44B68B4465FBB9ADDFF3D.PDF,"Table 21, state Uttar Pradesh, column 2020-21",official_measured,True,6e48293426935a2ef796c0163edbedeeb6dd165b21db8f018ac912502b3cc287,"Full RBI December2025 published vintage; values may revise earlier releases. Statistical estimates for completed reporting periods, not audited financial actuals; individual AE/RE/provisional status is not specified in this table. Missing cells omitted, never zero-filled. J&K throughFY2018-19 includes Ladakh; retained as a separate historical geography and not joined to present UT totals.",Uttar Pradesh,2021,gsdp_current_prices_inr_crore,1682942.55,official_measured,official,,,,,,,,GSDP_current_prices_2011_12_base|All sectors,,,,,,,2025-12-11,,2020-21,reported,official_statistical_published,RBI Handbook of Statistics on Indian States 2024-25; Table 21; 11 December 2025,current_prices,2011-12
state_uttar_pradesh,Uttar Pradesh,state_aggregate,RBI / NSO,Uttar Pradesh,All sectors,gsdp_current_prices_inr_crore,2028030.29,INR crore,202803029.0,INR lakh,2021-04-01,2022-03-31,fiscal_year,actual,GSDP_current_prices_2011_12_base,2022-03-31,2025-12-11,rbi_gsdp_current_prices_2024_25,https://rbidocs.rbi.org.in/rdocs/Publications/PDFs/21T_11122025D994949B48C44B68B4465FBB9ADDFF3D.PDF,"Table 21, state Uttar Pradesh, column 2021-22",official_measured,True,6e48293426935a2ef796c0163edbedeeb6dd165b21db8f018ac912502b3cc287,"Full RBI December2025 published vintage; values may revise earlier releases. Statistical estimates for completed reporting periods, not audited financial actuals; individual AE/RE/provisional status is not specified in this table. Missing cells omitted, never zero-filled. J&K throughFY2018-19 includes Ladakh; retained as a separate historical geography and not joined to present UT totals.",Uttar Pradesh,2022,gsdp_current_prices_inr_crore,2028030.29,official_measured,official,,,,,,,,GSDP_current_prices_2011_12_base|All sectors,,,,,,,2025-12-11,,2021-22,reported,official_statistical_published,RBI Handbook of Statistics on Indian States 2024-25; Table 21; 11 December 2025,current_prices,2011-12
state_uttar_pradesh,Uttar Pradesh,state_aggregate,RBI / NSO,Uttar Pradesh,All sectors,gsdp_current_prices_inr_crore,2295763.18,INR crore,229576318.0,INR lakh,2022-04-01,2023-03-31,fiscal_year,actual,GSDP_current_prices_2011_12_base,2023-03-31,2025-12-11,rbi_gsdp_current_prices_2024_25,https://rbidocs.rbi.org.in/rdocs/Publications/PDFs/21T_11122025D994949B48C44B68B4465FBB9ADDFF3D.PDF,"Table 21, state Uttar Pradesh, column 2022-23",official_measured,True,6e48293426935a2ef796c0163edbedeeb6dd165b21db8f018ac912502b3cc287,"Full RBI December2025 published vintage; values may revise earlier releases. Statistical estimates for completed reporting periods, not audited financial actuals; individual AE/RE/provisional status is not specified in this table. Missing cells omitted, never zero-filled. J&K throughFY2018-19 includes Ladakh; retained as a separate historical geography and not joined to present UT totals.",Uttar Pradesh,2023,gsdp_current_prices_inr_crore,2295763.18,official_measured,official,,,,,,,,GSDP_current_prices_2011_12_base|All sectors,,,,,,,2025-12-11,,2022-23,reported,official_statistical_published,RBI Handbook of Statistics on Indian States 2024-25; Table 21; 11 December 2025,current_prices,2011-12
state_uttar_pradesh,Uttar Pradesh,state_aggregate,RBI / NSO,Uttar Pradesh,All sectors,gsdp_current_prices_inr_crore,2642877.02,INR crore,264287702.0,INR lakh,2023-04-01,2024-03-31,fiscal_year,actual,GSDP_current_prices_2011_12_base,2024-03-31,2025-12-11,rbi_gsdp_current_prices_2024_25,https://rbidocs.rbi.org.in/rdocs/Publications/PDFs/21T_11122025D994949B48C44B68B4465FBB9ADDFF3D.PDF,"Table 21, state Uttar Pradesh, column 2023-24",official_measured,True,6e48293426935a2ef796c0163edbedeeb6dd165b21db8f018ac912502b3cc287,"Full RBI December2025 published vintage; values may revise earlier releases. Statistical estimates for completed reporting periods, not audited financial actuals; individual AE/RE/provisional status is not specified in this table. Missing cells omitted, never zero-filled. J&K throughFY2018-19 includes Ladakh; retained as a separate historical geography and not joined to present UT totals.",Uttar Pradesh,2024,gsdp_current_prices_inr_crore,2642877.02,official_measured,official,,,,,,,,GSDP_current_prices_2011_12_base|All sectors,,,,,,,2025-12-11,,2023-24,reported,official_statistical_published,RBI Handbook of Statistics on Indian States 2024-25; Table 21; 11 December 2025,current_prices,2011-12
state_uttar_pradesh,Uttar Pradesh,state_aggregate,RBI / NSO,Uttar Pradesh,All sectors,gsdp_current_prices_inr_crore,2978223.5100000002,INR crore,297822351.0,INR lakh,2024-04-01,2025-03-31,fiscal_year,actual,GSDP_current_prices_2011_12_base,2025-03-31,2025-12-11,rbi_gsdp_current_prices_2024_25,https://rbidocs.rbi.org.in/rdocs/Publications/PDFs/21T_11122025D994949B48C44B68B4465FBB9ADDFF3D.PDF,"Table 21, state Uttar Pradesh, column 2024-25",official_measured,True,6e48293426935a2ef796c0163edbedeeb6dd165b21db8f018ac912502b3cc287,"Full RBI December2025 published vintage; values may revise earlier releases. Statistical estimates for completed reporting periods, not audited financial actuals; individual AE/RE/provisional status is not specified in this table. Missing cells omitted, never zero-filled. J&K throughFY2018-19 includes Ladakh; retained as a separate historical geography and not joined to present UT totals.",Uttar Pradesh,2025,gsdp_current_prices_inr_crore,2978223.5100000002,official_measured,official,,,,,,,,GSDP_current_prices_2011_12_base|All sectors,,,,,,,2025-12-11,,2024-25,reported,official_statistical_published,RBI Handbook of Statistics on Indian States 2024-25; Table 21; 11 December 2025,current_prices,2011-12
state_uttarakhand,Uttarakhand,state_aggregate,RBI / NSO,Uttarakhand,All sectors,gsdp_current_prices_inr_crore,220222.12,INR crore,22022212.0,INR lakh,2017-04-01,2018-03-31,fiscal_year,actual,GSDP_current_prices_2011_12_base,2018-03-31,2025-12-11,rbi_gsdp_current_prices_2024_25,https://rbidocs.rbi.org.in/rdocs/Publications/PDFs/21T_11122025D994949B48C44B68B4465FBB9ADDFF3D.PDF,"Table 21, state Uttarakhand, column 2017-18",official_measured,True,6e48293426935a2ef796c0163edbedeeb6dd165b21db8f018ac912502b3cc287,"Full RBI December2025 published vintage; values may revise earlier releases. Statistical estimates for completed reporting periods, not audited financial actuals; individual AE/RE/provisional status is not specified in this table. Missing cells omitted, never zero-filled. J&K throughFY2018-19 includes Ladakh; retained as a separate historical geography and not joined to present UT totals.",Uttarakhand,2018,gsdp_current_prices_inr_crore,220222.12,official_measured,official,,,,,,,,GSDP_current_prices_2011_12_base|All sectors,,,,,,,2025-12-11,,2017-18,reported,official_statistical_published,RBI Handbook of Statistics on Indian States 2024-25; Table 21; 11 December 2025,current_prices,2011-12
state_uttarakhand,Uttarakhand,state_aggregate,RBI / NSO,Uttarakhand,All sectors,gsdp_current_prices_inr_crore,230327.44,INR crore,23032744.0,INR lakh,2018-04-01,2019-03-31,fiscal_year,actual,GSDP_current_prices_2011_12_base,2019-03-31,2025-12-11,rbi_gsdp_current_prices_2024_25,https://rbidocs.rbi.org.in/rdocs/Publications/PDFs/21T_11122025D994949B48C44B68B4465FBB9ADDFF3D.PDF,"Table 21, state Uttarakhand, column 2018-19",official_measured,True,6e48293426935a2ef796c0163edbedeeb6dd165b21db8f018ac912502b3cc287,"Full RBI December2025 published vintage; values may revise earlier releases. Statistical estimates for completed reporting periods, not audited financial actuals; individual AE/RE/provisional status is not specified in this table. Missing cells omitted, never zero-filled. J&K throughFY2018-19 includes Ladakh; retained as a separate historical geography and not joined to present UT totals.",Uttarakhand,2019,gsdp_current_prices_inr_crore,230327.44,official_measured,official,,,,,,,,GSDP_current_prices_2011_12_base|All sectors,,,,,,,2025-12-11,,2018-19,reported,official_statistical_published,RBI Handbook of Statistics on Indian States 2024-25; Table 21; 11 December 2025,current_prices,2011-12
state_uttarakhand,Uttarakhand,state_aggregate,RBI / NSO,Uttarakhand,All sectors,gsdp_current_prices_inr_crore,239262.9,INR crore,23926290.0,INR lakh,2019-04-01,2020-03-31,fiscal_year,actual,GSDP_current_prices_2011_12_base,2020-03-31,2025-12-11,rbi_gsdp_current_prices_2024_25,https://rbidocs.rbi.org.in/rdocs/Publications/PDFs/21T_11122025D994949B48C44B68B4465FBB9ADDFF3D.PDF,"Table 21, state Uttarakhand, column 2019-20",official_measured,True,6e48293426935a2ef796c0163edbedeeb6dd165b21db8f018ac912502b3cc287,"Full RBI December2025 published vintage; values may revise earlier releases. Statistical estimates for completed reporting periods, not audited financial actuals; individual AE/RE/provisional status is not specified in this table. Missing cells omitted, never zero-filled. J&K throughFY2018-19 includes Ladakh; retained as a separate historical geography and not joined to present UT totals.",Uttarakhand,2020,gsdp_current_prices_inr_crore,239262.9,official_measured,official,,,,,,,,GSDP_current_prices_2011_12_base|All sectors,,,,,,,2025-12-11,,2019-20,reported,official_statistical_published,RBI Handbook of Statistics on Indian States 2024-25; Table 21; 11 December 2025,current_prices,2011-12
state_uttarakhand,Uttarakhand,state_aggregate,RBI / NSO,Uttarakhand,All sectors,gsdp_current_prices_inr_crore,225616.76,INR crore,22561676.0,INR lakh,2020-04-01,2021-03-31,fiscal_year,actual,GSDP_current_prices_2011_12_base,2021-03-31,2025-12-11,rbi_gsdp_current_prices_2024_25,https://rbidocs.rbi.org.in/rdocs/Publications/PDFs/21T_11122025D994949B48C44B68B4465FBB9ADDFF3D.PDF,"Table 21, state Uttarakhand, column 2020-21",official_measured,True,6e48293426935a2ef796c0163edbedeeb6dd165b21db8f018ac912502b3cc287,"Full RBI December2025 published vintage; values may revise earlier releases. Statistical estimates for completed reporting periods, not audited financial actuals; individual AE/RE/provisional status is not specified in this table. Missing cells omitted, never zero-filled. J&K throughFY2018-19 includes Ladakh; retained as a separate historical geography and not joined to present UT totals.",Uttarakhand,2021,gsdp_current_prices_inr_crore,225616.76,official_measured,official,,,,,,,,GSDP_current_prices_2011_12_base|All sectors,,,,,,,2025-12-11,,2020-21,reported,official_statistical_published,RBI Handbook of Statistics on Indian States 2024-25; Table 21; 11 December 2025,current_prices,2011-12
state_uttarakhand,Uttarakhand,state_aggregate,RBI / NSO,Uttarakhand,All sectors,gsdp_current_prices_inr_crore,254966.48,INR crore,25496648.0,INR lakh,2021-04-01,2022-03-31,fiscal_year,actual,GSDP_current_prices_2011_12_base,2022-03-31,2025-12-11,rbi_gsdp_current_prices_2024_25,https://rbidocs.rbi.org.in/rdocs/Publications/PDFs/21T_11122025D994949B48C44B68B4465FBB9ADDFF3D.PDF,"Table 21, state Uttarakhand, column 2021-22",official_measured,True,6e48293426935a2ef796c0163edbedeeb6dd165b21db8f018ac912502b3cc287,"Full RBI December2025 published vintage; values may revise earlier releases. Statistical estimates for completed reporting periods, not audited financial actuals; individual AE/RE/provisional status is not specified in this table. Missing cells omitted, never zero-filled. J&K throughFY2018-19 includes Ladakh; retained as a separate historical geography and not joined to present UT totals.",Uttarakhand,2022,gsdp_current_prices_inr_crore,254966.48,official_measured,official,,,,,,,,GSDP_current_prices_2011_12_base|All sectors,,,,,,,2025-12-11,,2021-22,reported,official_statistical_published,RBI Handbook of Statistics on Indian States 2024-25; Table 21; 11 December 2025,current_prices,2011-12
state_uttarakhand,Uttarakhand,state_aggregate,RBI / NSO,Uttarakhand,All sectors,gsdp_current_prices_inr_crore,292669.94,INR crore,29266994.0,INR lakh,2022-04-01,2023-03-31,fiscal_year,actual,GSDP_current_prices_2011_12_base,2023-03-31,2025-12-11,rbi_gsdp_current_prices_2024_25,https://rbidocs.rbi.org.in/rdocs/Publications/PDFs/21T_11122025D994949B48C44B68B4465FBB9ADDFF3D.PDF,"Table 21, state Uttarakhand, column 2022-23",official_measured,True,6e48293426935a2ef796c0163edbedeeb6dd165b21db8f018ac912502b3cc287,"Full RBI December2025 published vintage; values may revise earlier releases. Statistical estimates for completed reporting periods, not audited financial actuals; individual AE/RE/provisional status is not specified in this table. Missing cells omitted, never zero-filled. J&K throughFY2018-19 includes Ladakh; retained as a separate historical geography and not joined to present UT totals.",Uttarakhand,2023,gsdp_current_prices_inr_crore,292669.94,official_measured,official,,,,,,,,GSDP_current_prices_2011_12_base|All sectors,,,,,,,2025-12-11,,2022-23,reported,official_statistical_published,RBI Handbook of Statistics on Indian States 2024-25; Table 21; 11 December 2025,current_prices,2011-12
state_uttarakhand,Uttarakhand,state_aggregate,RBI / NSO,Uttarakhand,All sectors,gsdp_current_prices_inr_crore,332997.88,INR crore,33299788.0,INR lakh,2023-04-01,2024-03-31,fiscal_year,actual,GSDP_current_prices_2011_12_base,2024-03-31,2025-12-11,rbi_gsdp_current_prices_2024_25,https://rbidocs.rbi.org.in/rdocs/Publications/PDFs/21T_11122025D994949B48C44B68B4465FBB9ADDFF3D.PDF,"Table 21, state Uttarakhand, column 2023-24",official_measured,True,6e48293426935a2ef796c0163edbedeeb6dd165b21db8f018ac912502b3cc287,"Full RBI December2025 published vintage; values may revise earlier releases. Statistical estimates for completed reporting periods, not audited financial actuals; individual AE/RE/provisional status is not specified in this table. Missing cells omitted, never zero-filled. J&K throughFY2018-19 includes Ladakh; retained as a separate historical geography and not joined to present UT totals.",Uttarakhand,2024,gsdp_current_prices_inr_crore,332997.88,official_measured,official,,,,,,,,GSDP_current_prices_2011_12_base|All sectors,,,,,,,2025-12-11,,2023-24,reported,official_statistical_published,RBI Handbook of Statistics on Indian States 2024-25; Table 21; 11 December 2025,current_prices,2011-12
state_uttarakhand,Uttarakhand,state_aggregate,RBI / NSO,Uttarakhand,All sectors,gsdp_current_prices_inr_crore,378244.53,INR crore,37824453.0,INR lakh,2024-04-01,2025-03-31,fiscal_year,actual,GSDP_current_prices_2011_12_base,2025-03-31,2025-12-11,rbi_gsdp_current_prices_2024_25,https://rbidocs.rbi.org.in/rdocs/Publications/PDFs/21T_11122025D994949B48C44B68B4465FBB9ADDFF3D.PDF,"Table 21, state Uttarakhand, column 2024-25",official_measured,True,6e48293426935a2ef796c0163edbedeeb6dd165b21db8f018ac912502b3cc287,"Full RBI December2025 published vintage; values may revise earlier releases. Statistical estimates for completed reporting periods, not audited financial actuals; individual AE/RE/provisional status is not specified in this table. Missing cells omitted, never zero-filled. J&K throughFY2018-19 includes Ladakh; retained as a separate historical geography and not joined to present UT totals.",Uttarakhand,2025,gsdp_current_prices_inr_crore,378244.53,official_measured,official,,,,,,,,GSDP_current_prices_2011_12_base|All sectors,,,,,,,2025-12-11,,2024-25,reported,official_statistical_published,RBI Handbook of Statistics on Indian States 2024-25; Table 21; 11 December 2025,current_prices,2011-12
state_west_bengal,West Bengal,state_aggregate,RBI / NSO,West Bengal,All sectors,gsdp_current_prices_inr_crore,974700.05,INR crore,97470005.0,INR lakh,2017-04-01,2018-03-31,fiscal_year,actual,GSDP_current_prices_2011_12_base,2018-03-31,2025-12-11,rbi_gsdp_current_prices_2024_25,https://rbidocs.rbi.org.in/rdocs/Publications/PDFs/21T_11122025D994949B48C44B68B4465FBB9ADDFF3D.PDF,"Table 21, state West Bengal, column 2017-18",official_measured,True,6e48293426935a2ef796c0163edbedeeb6dd165b21db8f018ac912502b3cc287,"Full RBI December2025 published vintage; values may revise earlier releases. Statistical estimates for completed reporting periods, not audited financial actuals; individual AE/RE/provisional status is not specified in this table. Missing cells omitted, never zero-filled. J&K throughFY2018-19 includes Ladakh; retained as a separate historical geography and not joined to present UT totals.",West Bengal,2018,gsdp_current_prices_inr_crore,974700.05,official_measured,official,,,,,,,,GSDP_current_prices_2011_12_base|All sectors,,,,,,,2025-12-11,,2017-18,reported,official_statistical_published,RBI Handbook of Statistics on Indian States 2024-25; Table 21; 11 December 2025,current_prices,2011-12
state_west_bengal,West Bengal,state_aggregate,RBI / NSO,West Bengal,All sectors,gsdp_current_prices_inr_crore,1102053.66,INR crore,110205366.0,INR lakh,2018-04-01,2019-03-31,fiscal_year,actual,GSDP_current_prices_2011_12_base,2019-03-31,2025-12-11,rbi_gsdp_current_prices_2024_25,https://rbidocs.rbi.org.in/rdocs/Publications/PDFs/21T_11122025D994949B48C44B68B4465FBB9ADDFF3D.PDF,"Table 21, state West Bengal, column 2018-19",official_measured,True,6e48293426935a2ef796c0163edbedeeb6dd165b21db8f018ac912502b3cc287,"Full RBI December2025 published vintage; values may revise earlier releases. Statistical estimates for completed reporting periods, not audited financial actuals; individual AE/RE/provisional status is not specified in this table. Missing cells omitted, never zero-filled. J&K throughFY2018-19 includes Ladakh; retained as a separate historical geography and not joined to present UT totals.",West Bengal,2019,gsdp_current_prices_inr_crore,1102053.66,official_measured,official,,,,,,,,GSDP_current_prices_2011_12_base|All sectors,,,,,,,2025-12-11,,2018-19,reported,official_statistical_published,RBI Handbook of Statistics on Indian States 2024-25; Table 21; 11 December 2025,current_prices,2011-12
state_west_bengal,West Bengal,state_aggregate,RBI / NSO,West Bengal,All sectors,gsdp_current_prices_inr_crore,1179127.46,INR crore,117912746.0,INR lakh,2019-04-01,2020-03-31,fiscal_year,actual,GSDP_current_prices_2011_12_base,2020-03-31,2025-12-11,rbi_gsdp_current_prices_2024_25,https://rbidocs.rbi.org.in/rdocs/Publications/PDFs/21T_11122025D994949B48C44B68B4465FBB9ADDFF3D.PDF,"Table 21, state West Bengal, column 2019-20",official_measured,True,6e48293426935a2ef796c0163edbedeeb6dd165b21db8f018ac912502b3cc287,"Full RBI December2025 published vintage; values may revise earlier releases. Statistical estimates for completed reporting periods, not audited financial actuals; individual AE/RE/provisional status is not specified in this table. Missing cells omitted, never zero-filled. J&K throughFY2018-19 includes Ladakh; retained as a separate historical geography and not joined to present UT totals.",West Bengal,2020,gsdp_current_prices_inr_crore,1179127.46,official_measured,official,,,,,,,,GSDP_current_prices_2011_12_base|All sectors,,,,,,,2025-12-11,,2019-20,reported,official_statistical_published,RBI Handbook of Statistics on Indian States 2024-25; Table 21; 11 December 2025,current_prices,2011-12
state_west_bengal,West Bengal,state_aggregate,RBI / NSO,West Bengal,All sectors,gsdp_current_prices_inr_crore,1141797.69,INR crore,114179769.0,INR lakh,2020-04-01,2021-03-31,fiscal_year,actual,GSDP_current_prices_2011_12_base,2021-03-31,2025-12-11,rbi_gsdp_current_prices_2024_25,https://rbidocs.rbi.org.in/rdocs/Publications/PDFs/21T_11122025D994949B48C44B68B4465FBB9ADDFF3D.PDF,"Table 21, state West Bengal, column 2020-21",official_measured,True,6e48293426935a2ef796c0163edbedeeb6dd165b21db8f018ac912502b3cc287,"Full RBI December2025 published vintage; values may revise earlier releases. Statistical estimates for completed reporting periods, not audited financial actuals; individual AE/RE/provisional status is not specified in this table. Missing cells omitted, never zero-filled. J&K throughFY2018-19 includes Ladakh; retained as a separate historical geography and not joined to present UT totals.",West Bengal,2021,gsdp_current_prices_inr_crore,1141797.69,official_measured,official,,,,,,,,GSDP_current_prices_2011_12_base|All sectors,,,,,,,2025-12-11,,2020-21,reported,official_statistical_published,RBI Handbook of Statistics on Indian States 2024-25; Table 21; 11 December 2025,current_prices,2011-12
state_west_bengal,West Bengal,state_aggregate,RBI / NSO,West Bengal,All sectors,gsdp_current_prices_inr_crore,1340030.23,INR crore,134003023.0,INR lakh,2021-04-01,2022-03-31,fiscal_year,actual,GSDP_current_prices_2011_12_base,2022-03-31,2025-12-11,rbi_gsdp_current_prices_2024_25,https://rbidocs.rbi.org.in/rdocs/Publications/PDFs/21T_11122025D994949B48C44B68B4465FBB9ADDFF3D.PDF,"Table 21, state West Bengal, column 2021-22",official_measured,True,6e48293426935a2ef796c0163edbedeeb6dd165b21db8f018ac912502b3cc287,"Full RBI December2025 published vintage; values may revise earlier releases. Statistical estimates for completed reporting periods, not audited financial actuals; individual AE/RE/provisional status is not specified in this table. Missing cells omitted, never zero-filled. J&K throughFY2018-19 includes Ladakh; retained as a separate historical geography and not joined to present UT totals.",West Bengal,2022,gsdp_current_prices_inr_crore,1340030.23,official_measured,official,,,,,,,,GSDP_current_prices_2011_12_base|All sectors,,,,,,,2025-12-11,,2021-22,reported,official_statistical_published,RBI Handbook of Statistics on Indian States 2024-25; Table 21; 11 December 2025,current_prices,2011-12
state_west_bengal,West Bengal,state_aggregate,RBI / NSO,West Bengal,All sectors,gsdp_current_prices_inr_crore,1515564.5,INR crore,151556450.0,INR lakh,2022-04-01,2023-03-31,fiscal_year,actual,GSDP_current_prices_2011_12_base,2023-03-31,2025-12-11,rbi_gsdp_current_prices_2024_25,https://rbidocs.rbi.org.in/rdocs/Publications/PDFs/21T_11122025D994949B48C44B68B4465FBB9ADDFF3D.PDF,"Table 21, state West Bengal, column 2022-23",official_measured,True,6e48293426935a2ef796c0163edbedeeb6dd165b21db8f018ac912502b3cc287,"Full RBI December2025 published vintage; values may revise earlier releases. Statistical estimates for completed reporting periods, not audited financial actuals; individual AE/RE/provisional status is not specified in this table. Missing cells omitted, never zero-filled. J&K throughFY2018-19 includes Ladakh; retained as a separate historical geography and not joined to present UT totals.",West Bengal,2023,gsdp_current_prices_inr_crore,1515564.5,official_measured,official,,,,,,,,GSDP_current_prices_2011_12_base|All sectors,,,,,,,2025-12-11,,2022-23,reported,official_statistical_published,RBI Handbook of Statistics on Indian States 2024-25; Table 21; 11 December 2025,current_prices,2011-12
state_west_bengal,West Bengal,state_aggregate,RBI / NSO,West Bengal,All sectors,gsdp_current_prices_inr_crore,1651373.73,INR crore,165137373.0,INR lakh,2023-04-01,2024-03-31,fiscal_year,actual,GSDP_current_prices_2011_12_base,2024-03-31,2025-12-11,rbi_gsdp_current_prices_2024_25,https://rbidocs.rbi.org.in/rdocs/Publications/PDFs/21T_11122025D994949B48C44B68B4465FBB9ADDFF3D.PDF,"Table 21, state West Bengal, column 2023-24",official_measured,True,6e48293426935a2ef796c0163edbedeeb6dd165b21db8f018ac912502b3cc287,"Full RBI December2025 published vintage; values may revise earlier releases. Statistical estimates for completed reporting periods, not audited financial actuals; individual AE/RE/provisional status is not specified in this table. Missing cells omitted, never zero-filled. J&K throughFY2018-19 includes Ladakh; retained as a separate historical geography and not joined to present UT totals.",West Bengal,2024,gsdp_current_prices_inr_crore,1651373.73,official_measured,official,,,,,,,,GSDP_current_prices_2011_12_base|All sectors,,,,,,,2025-12-11,,2023-24,reported,official_statistical_published,RBI Handbook of Statistics on Indian States 2024-25; Table 21; 11 December 2025,current_prices,2011-12
state_west_bengal,West Bengal,state_aggregate,RBI / NSO,West Bengal,All sectors,gsdp_current_prices_inr_crore,1815009.9100000001,INR crore,181500991.0,INR lakh,2024-04-01,2025-03-31,fiscal_year,actual,GSDP_current_prices_2011_12_base,2025-03-31,2025-12-11,rbi_gsdp_current_prices_2024_25,https://rbidocs.rbi.org.in/rdocs/Publications/PDFs/21T_11122025D994949B48C44B68B4465FBB9ADDFF3D.PDF,"Table 21, state West Bengal, column 2024-25",official_measured,True,6e48293426935a2ef796c0163edbedeeb6dd165b21db8f018ac912502b3cc287,"Full RBI December2025 published vintage; values may revise earlier releases. Statistical estimates for completed reporting periods, not audited financial actuals; individual AE/RE/provisional status is not specified in this table. Missing cells omitted, never zero-filled. J&K throughFY2018-19 includes Ladakh; retained as a separate historical geography and not joined to present UT totals.",West Bengal,2025,gsdp_current_prices_inr_crore,1815009.9100000001,official_measured,official,,,,,,,,GSDP_current_prices_2011_12_base|All sectors,,,,,,,2025-12-11,,2024-25,reported,official_statistical_published,RBI Handbook of Statistics on Indian States 2024-25; Table 21; 11 December 2025,current_prices,2011-12
