entity_id,entity_name,entity_type,agency,state,road_class,metric,value,unit,original_value,original_unit,period_start,period_end,period_basis,estimate_type,statement_basis,data_as_of,published_at,source_id,citation_url,table_page,evidence_class,analytical_eligible,source_document_sha256,notes,entity,year,metric_name,metric_value,metric_category,source_type,asset_id,project_name,nh_number,project_stage,scheduled_completion_date,likely_completion_date,actual_completion_date,comparison_group,asset_owner_id,implementing_agency_id,operator_id,concessionaire_id,financing_entity_id,contractor_name
state_andhra_pradesh,Andhra Pradesh,state_aggregate,State governments,Andhra Pradesh,roads_and_bridges_all_classes,roads_bridges_revenue_expenditure_inr_crore,1416.4660000000001,INR crore,141646.6,INR lakh,2023-04-01,2024-03-31,fiscal_year,actual,revenue_account,2026-01-23,2026-01-23,rbi_state_road_finances,https://rbidocs.rbi.org.in/rdocs/Publications/PDFs/0SF23012026877D47254C4F4B0793B2C38F05FB7EC5.PDF,PDF p223; printed p210; Appendix II Roads and Bridges,official_measured,True,0da62779a6cb5441149e0de4bad024d4d63c449dab564f821fdd307ea3e4fc77,Functional Roads and Bridges expenditure includes all road classes; it is not a State Highway-only budget. BE/RE retained separately. Revenue account and capital outlay exclude loans/repayments.,Andhra Pradesh,2024,roads_bridges_revenue_expenditure_inr_crore,1416.4660000000001,official_measured,official,,,,,,,,revenue_account|roads_and_bridges_all_classes,,,,,,
state_andhra_pradesh,Andhra Pradesh,state_aggregate,State governments,Andhra Pradesh,roads_and_bridges_all_classes,roads_bridges_revenue_expenditure_inr_crore,1513.28,INR crore,151328.0,INR lakh,2024-04-01,2025-03-31,fiscal_year,BE,revenue_account,2026-01-23,2026-01-23,rbi_state_road_finances,https://rbidocs.rbi.org.in/rdocs/Publications/PDFs/0SF23012026877D47254C4F4B0793B2C38F05FB7EC5.PDF,PDF p223; printed p210; Appendix II Roads and Bridges,official_measured,True,0da62779a6cb5441149e0de4bad024d4d63c449dab564f821fdd307ea3e4fc77,Functional Roads and Bridges expenditure includes all road classes; it is not a State Highway-only budget. BE/RE retained separately. Revenue account and capital outlay exclude loans/repayments.,Andhra Pradesh,2025,roads_bridges_revenue_expenditure_inr_crore,1513.28,official_measured,official,,,,,,,,revenue_account|roads_and_bridges_all_classes,,,,,,
state_andhra_pradesh,Andhra Pradesh,state_aggregate,State governments,Andhra Pradesh,roads_and_bridges_all_classes,roads_bridges_revenue_expenditure_inr_crore,1307.954,INR crore,130795.4,INR lakh,2024-04-01,2025-03-31,fiscal_year,RE,revenue_account,2026-01-23,2026-01-23,rbi_state_road_finances,https://rbidocs.rbi.org.in/rdocs/Publications/PDFs/0SF23012026877D47254C4F4B0793B2C38F05FB7EC5.PDF,PDF p223; printed p210; Appendix II Roads and Bridges,official_measured,True,0da62779a6cb5441149e0de4bad024d4d63c449dab564f821fdd307ea3e4fc77,Functional Roads and Bridges expenditure includes all road classes; it is not a State Highway-only budget. BE/RE retained separately. Revenue account and capital outlay exclude loans/repayments.,Andhra Pradesh,2025,roads_bridges_revenue_expenditure_inr_crore,1307.954,official_measured,official,,,,,,,,revenue_account|roads_and_bridges_all_classes,,,,,,
state_andhra_pradesh,Andhra Pradesh,state_aggregate,State governments,Andhra Pradesh,roads_and_bridges_all_classes,roads_bridges_revenue_expenditure_inr_crore,1480.2279999999998,INR crore,148022.8,INR lakh,2025-04-01,2026-03-31,fiscal_year,BE,revenue_account,2026-01-23,2026-01-23,rbi_state_road_finances,https://rbidocs.rbi.org.in/rdocs/Publications/PDFs/0SF23012026877D47254C4F4B0793B2C38F05FB7EC5.PDF,PDF p223; printed p210; Appendix II Roads and Bridges,official_measured,True,0da62779a6cb5441149e0de4bad024d4d63c449dab564f821fdd307ea3e4fc77,Functional Roads and Bridges expenditure includes all road classes; it is not a State Highway-only budget. BE/RE retained separately. Revenue account and capital outlay exclude loans/repayments.,Andhra Pradesh,2026,roads_bridges_revenue_expenditure_inr_crore,1480.2279999999998,official_measured,official,,,,,,,,revenue_account|roads_and_bridges_all_classes,,,,,,
state_arunachal_pradesh,Arunachal Pradesh,state_aggregate,State governments,Arunachal Pradesh,roads_and_bridges_all_classes,roads_bridges_revenue_expenditure_inr_crore,2141.472,INR crore,214147.2,INR lakh,2023-04-01,2024-03-31,fiscal_year,actual,revenue_account,2026-01-23,2026-01-23,rbi_state_road_finances,https://rbidocs.rbi.org.in/rdocs/Publications/PDFs/0SF23012026877D47254C4F4B0793B2C38F05FB7EC5.PDF,PDF p223; printed p210; Appendix II Roads and Bridges,official_measured,True,0da62779a6cb5441149e0de4bad024d4d63c449dab564f821fdd307ea3e4fc77,Functional Roads and Bridges expenditure includes all road classes; it is not a State Highway-only budget. BE/RE retained separately. Revenue account and capital outlay exclude loans/repayments.,Arunachal Pradesh,2024,roads_bridges_revenue_expenditure_inr_crore,2141.472,official_measured,official,,,,,,,,revenue_account|roads_and_bridges_all_classes,,,,,,
state_arunachal_pradesh,Arunachal Pradesh,state_aggregate,State governments,Arunachal Pradesh,roads_and_bridges_all_classes,roads_bridges_revenue_expenditure_inr_crore,1685.142,INR crore,168514.2,INR lakh,2024-04-01,2025-03-31,fiscal_year,BE,revenue_account,2026-01-23,2026-01-23,rbi_state_road_finances,https://rbidocs.rbi.org.in/rdocs/Publications/PDFs/0SF23012026877D47254C4F4B0793B2C38F05FB7EC5.PDF,PDF p223; printed p210; Appendix II Roads and Bridges,official_measured,True,0da62779a6cb5441149e0de4bad024d4d63c449dab564f821fdd307ea3e4fc77,Functional Roads and Bridges expenditure includes all road classes; it is not a State Highway-only budget. BE/RE retained separately. Revenue account and capital outlay exclude loans/repayments.,Arunachal Pradesh,2025,roads_bridges_revenue_expenditure_inr_crore,1685.142,official_measured,official,,,,,,,,revenue_account|roads_and_bridges_all_classes,,,,,,
state_arunachal_pradesh,Arunachal Pradesh,state_aggregate,State governments,Arunachal Pradesh,roads_and_bridges_all_classes,roads_bridges_revenue_expenditure_inr_crore,2441.864,INR crore,244186.4,INR lakh,2024-04-01,2025-03-31,fiscal_year,RE,revenue_account,2026-01-23,2026-01-23,rbi_state_road_finances,https://rbidocs.rbi.org.in/rdocs/Publications/PDFs/0SF23012026877D47254C4F4B0793B2C38F05FB7EC5.PDF,PDF p223; printed p210; Appendix II Roads and Bridges,official_measured,True,0da62779a6cb5441149e0de4bad024d4d63c449dab564f821fdd307ea3e4fc77,Functional Roads and Bridges expenditure includes all road classes; it is not a State Highway-only budget. BE/RE retained separately. Revenue account and capital outlay exclude loans/repayments.,Arunachal Pradesh,2025,roads_bridges_revenue_expenditure_inr_crore,2441.864,official_measured,official,,,,,,,,revenue_account|roads_and_bridges_all_classes,,,,,,
state_arunachal_pradesh,Arunachal Pradesh,state_aggregate,State governments,Arunachal Pradesh,roads_and_bridges_all_classes,roads_bridges_revenue_expenditure_inr_crore,1901.6879999999999,INR crore,190168.8,INR lakh,2025-04-01,2026-03-31,fiscal_year,BE,revenue_account,2026-01-23,2026-01-23,rbi_state_road_finances,https://rbidocs.rbi.org.in/rdocs/Publications/PDFs/0SF23012026877D47254C4F4B0793B2C38F05FB7EC5.PDF,PDF p223; printed p210; Appendix II Roads and Bridges,official_measured,True,0da62779a6cb5441149e0de4bad024d4d63c449dab564f821fdd307ea3e4fc77,Functional Roads and Bridges expenditure includes all road classes; it is not a State Highway-only budget. BE/RE retained separately. Revenue account and capital outlay exclude loans/repayments.,Arunachal Pradesh,2026,roads_bridges_revenue_expenditure_inr_crore,1901.6879999999999,official_measured,official,,,,,,,,revenue_account|roads_and_bridges_all_classes,,,,,,
state_assam,Assam,state_aggregate,State governments,Assam,roads_and_bridges_all_classes,roads_bridges_revenue_expenditure_inr_crore,1054.346,INR crore,105434.6,INR lakh,2023-04-01,2024-03-31,fiscal_year,actual,revenue_account,2026-01-23,2026-01-23,rbi_state_road_finances,https://rbidocs.rbi.org.in/rdocs/Publications/PDFs/0SF23012026877D47254C4F4B0793B2C38F05FB7EC5.PDF,PDF p225; printed p212; Appendix II Roads and Bridges,official_measured,True,0da62779a6cb5441149e0de4bad024d4d63c449dab564f821fdd307ea3e4fc77,Functional Roads and Bridges expenditure includes all road classes; it is not a State Highway-only budget. BE/RE retained separately. Revenue account and capital outlay exclude loans/repayments.,Assam,2024,roads_bridges_revenue_expenditure_inr_crore,1054.346,official_measured,official,,,,,,,,revenue_account|roads_and_bridges_all_classes,,,,,,
state_assam,Assam,state_aggregate,State governments,Assam,roads_and_bridges_all_classes,roads_bridges_revenue_expenditure_inr_crore,1424.0420000000001,INR crore,142404.2,INR lakh,2024-04-01,2025-03-31,fiscal_year,BE,revenue_account,2026-01-23,2026-01-23,rbi_state_road_finances,https://rbidocs.rbi.org.in/rdocs/Publications/PDFs/0SF23012026877D47254C4F4B0793B2C38F05FB7EC5.PDF,PDF p225; printed p212; Appendix II Roads and Bridges,official_measured,True,0da62779a6cb5441149e0de4bad024d4d63c449dab564f821fdd307ea3e4fc77,Functional Roads and Bridges expenditure includes all road classes; it is not a State Highway-only budget. BE/RE retained separately. Revenue account and capital outlay exclude loans/repayments.,Assam,2025,roads_bridges_revenue_expenditure_inr_crore,1424.0420000000001,official_measured,official,,,,,,,,revenue_account|roads_and_bridges_all_classes,,,,,,
state_assam,Assam,state_aggregate,State governments,Assam,roads_and_bridges_all_classes,roads_bridges_revenue_expenditure_inr_crore,1444.0420000000001,INR crore,144404.2,INR lakh,2024-04-01,2025-03-31,fiscal_year,RE,revenue_account,2026-01-23,2026-01-23,rbi_state_road_finances,https://rbidocs.rbi.org.in/rdocs/Publications/PDFs/0SF23012026877D47254C4F4B0793B2C38F05FB7EC5.PDF,PDF p225; printed p212; Appendix II Roads and Bridges,official_measured,True,0da62779a6cb5441149e0de4bad024d4d63c449dab564f821fdd307ea3e4fc77,Functional Roads and Bridges expenditure includes all road classes; it is not a State Highway-only budget. BE/RE retained separately. Revenue account and capital outlay exclude loans/repayments.,Assam,2025,roads_bridges_revenue_expenditure_inr_crore,1444.0420000000001,official_measured,official,,,,,,,,revenue_account|roads_and_bridges_all_classes,,,,,,
state_assam,Assam,state_aggregate,State governments,Assam,roads_and_bridges_all_classes,roads_bridges_revenue_expenditure_inr_crore,1302.4560000000001,INR crore,130245.6,INR lakh,2025-04-01,2026-03-31,fiscal_year,BE,revenue_account,2026-01-23,2026-01-23,rbi_state_road_finances,https://rbidocs.rbi.org.in/rdocs/Publications/PDFs/0SF23012026877D47254C4F4B0793B2C38F05FB7EC5.PDF,PDF p225; printed p212; Appendix II Roads and Bridges,official_measured,True,0da62779a6cb5441149e0de4bad024d4d63c449dab564f821fdd307ea3e4fc77,Functional Roads and Bridges expenditure includes all road classes; it is not a State Highway-only budget. BE/RE retained separately. Revenue account and capital outlay exclude loans/repayments.,Assam,2026,roads_bridges_revenue_expenditure_inr_crore,1302.4560000000001,official_measured,official,,,,,,,,revenue_account|roads_and_bridges_all_classes,,,,,,
state_bihar,Bihar,state_aggregate,State governments,Bihar,roads_and_bridges_all_classes,roads_bridges_revenue_expenditure_inr_crore,6209.885,INR crore,620988.5,INR lakh,2023-04-01,2024-03-31,fiscal_year,actual,revenue_account,2026-01-23,2026-01-23,rbi_state_road_finances,https://rbidocs.rbi.org.in/rdocs/Publications/PDFs/0SF23012026877D47254C4F4B0793B2C38F05FB7EC5.PDF,PDF p225; printed p212; Appendix II Roads and Bridges,official_measured,True,0da62779a6cb5441149e0de4bad024d4d63c449dab564f821fdd307ea3e4fc77,Functional Roads and Bridges expenditure includes all road classes; it is not a State Highway-only budget. BE/RE retained separately. Revenue account and capital outlay exclude loans/repayments.,Bihar,2024,roads_bridges_revenue_expenditure_inr_crore,6209.885,official_measured,official,,,,,,,,revenue_account|roads_and_bridges_all_classes,,,,,,
state_bihar,Bihar,state_aggregate,State governments,Bihar,roads_and_bridges_all_classes,roads_bridges_revenue_expenditure_inr_crore,3904.6290000000004,INR crore,390462.9,INR lakh,2024-04-01,2025-03-31,fiscal_year,BE,revenue_account,2026-01-23,2026-01-23,rbi_state_road_finances,https://rbidocs.rbi.org.in/rdocs/Publications/PDFs/0SF23012026877D47254C4F4B0793B2C38F05FB7EC5.PDF,PDF p225; printed p212; Appendix II Roads and Bridges,official_measured,True,0da62779a6cb5441149e0de4bad024d4d63c449dab564f821fdd307ea3e4fc77,Functional Roads and Bridges expenditure includes all road classes; it is not a State Highway-only budget. BE/RE retained separately. Revenue account and capital outlay exclude loans/repayments.,Bihar,2025,roads_bridges_revenue_expenditure_inr_crore,3904.6290000000004,official_measured,official,,,,,,,,revenue_account|roads_and_bridges_all_classes,,,,,,
state_bihar,Bihar,state_aggregate,State governments,Bihar,roads_and_bridges_all_classes,roads_bridges_revenue_expenditure_inr_crore,4754.629,INR crore,475462.9,INR lakh,2024-04-01,2025-03-31,fiscal_year,RE,revenue_account,2026-01-23,2026-01-23,rbi_state_road_finances,https://rbidocs.rbi.org.in/rdocs/Publications/PDFs/0SF23012026877D47254C4F4B0793B2C38F05FB7EC5.PDF,PDF p225; printed p212; Appendix II Roads and Bridges,official_measured,True,0da62779a6cb5441149e0de4bad024d4d63c449dab564f821fdd307ea3e4fc77,Functional Roads and Bridges expenditure includes all road classes; it is not a State Highway-only budget. BE/RE retained separately. Revenue account and capital outlay exclude loans/repayments.,Bihar,2025,roads_bridges_revenue_expenditure_inr_crore,4754.629,official_measured,official,,,,,,,,revenue_account|roads_and_bridges_all_classes,,,,,,
state_bihar,Bihar,state_aggregate,State governments,Bihar,roads_and_bridges_all_classes,roads_bridges_revenue_expenditure_inr_crore,4344.237,INR crore,434423.7,INR lakh,2025-04-01,2026-03-31,fiscal_year,BE,revenue_account,2026-01-23,2026-01-23,rbi_state_road_finances,https://rbidocs.rbi.org.in/rdocs/Publications/PDFs/0SF23012026877D47254C4F4B0793B2C38F05FB7EC5.PDF,PDF p225; printed p212; Appendix II Roads and Bridges,official_measured,True,0da62779a6cb5441149e0de4bad024d4d63c449dab564f821fdd307ea3e4fc77,Functional Roads and Bridges expenditure includes all road classes; it is not a State Highway-only budget. BE/RE retained separately. Revenue account and capital outlay exclude loans/repayments.,Bihar,2026,roads_bridges_revenue_expenditure_inr_crore,4344.237,official_measured,official,,,,,,,,revenue_account|roads_and_bridges_all_classes,,,,,,
state_chhattisgarh,Chhattisgarh,state_aggregate,State governments,Chhattisgarh,roads_and_bridges_all_classes,roads_bridges_revenue_expenditure_inr_crore,1726.4270000000001,INR crore,172642.7,INR lakh,2023-04-01,2024-03-31,fiscal_year,actual,revenue_account,2026-01-23,2026-01-23,rbi_state_road_finances,https://rbidocs.rbi.org.in/rdocs/Publications/PDFs/0SF23012026877D47254C4F4B0793B2C38F05FB7EC5.PDF,PDF p227; printed p214; Appendix II Roads and Bridges,official_measured,True,0da62779a6cb5441149e0de4bad024d4d63c449dab564f821fdd307ea3e4fc77,Functional Roads and Bridges expenditure includes all road classes; it is not a State Highway-only budget. BE/RE retained separately. Revenue account and capital outlay exclude loans/repayments.,Chhattisgarh,2024,roads_bridges_revenue_expenditure_inr_crore,1726.4270000000001,official_measured,official,,,,,,,,revenue_account|roads_and_bridges_all_classes,,,,,,
state_chhattisgarh,Chhattisgarh,state_aggregate,State governments,Chhattisgarh,roads_and_bridges_all_classes,roads_bridges_revenue_expenditure_inr_crore,856.99,INR crore,85699.0,INR lakh,2024-04-01,2025-03-31,fiscal_year,BE,revenue_account,2026-01-23,2026-01-23,rbi_state_road_finances,https://rbidocs.rbi.org.in/rdocs/Publications/PDFs/0SF23012026877D47254C4F4B0793B2C38F05FB7EC5.PDF,PDF p227; printed p214; Appendix II Roads and Bridges,official_measured,True,0da62779a6cb5441149e0de4bad024d4d63c449dab564f821fdd307ea3e4fc77,Functional Roads and Bridges expenditure includes all road classes; it is not a State Highway-only budget. BE/RE retained separately. Revenue account and capital outlay exclude loans/repayments.,Chhattisgarh,2025,roads_bridges_revenue_expenditure_inr_crore,856.99,official_measured,official,,,,,,,,revenue_account|roads_and_bridges_all_classes,,,,,,
state_chhattisgarh,Chhattisgarh,state_aggregate,State governments,Chhattisgarh,roads_and_bridges_all_classes,roads_bridges_revenue_expenditure_inr_crore,978.027,INR crore,97802.7,INR lakh,2024-04-01,2025-03-31,fiscal_year,RE,revenue_account,2026-01-23,2026-01-23,rbi_state_road_finances,https://rbidocs.rbi.org.in/rdocs/Publications/PDFs/0SF23012026877D47254C4F4B0793B2C38F05FB7EC5.PDF,PDF p227; printed p214; Appendix II Roads and Bridges,official_measured,True,0da62779a6cb5441149e0de4bad024d4d63c449dab564f821fdd307ea3e4fc77,Functional Roads and Bridges expenditure includes all road classes; it is not a State Highway-only budget. BE/RE retained separately. Revenue account and capital outlay exclude loans/repayments.,Chhattisgarh,2025,roads_bridges_revenue_expenditure_inr_crore,978.027,official_measured,official,,,,,,,,revenue_account|roads_and_bridges_all_classes,,,,,,
state_chhattisgarh,Chhattisgarh,state_aggregate,State governments,Chhattisgarh,roads_and_bridges_all_classes,roads_bridges_revenue_expenditure_inr_crore,1275.8039999999999,INR crore,127580.4,INR lakh,2025-04-01,2026-03-31,fiscal_year,BE,revenue_account,2026-01-23,2026-01-23,rbi_state_road_finances,https://rbidocs.rbi.org.in/rdocs/Publications/PDFs/0SF23012026877D47254C4F4B0793B2C38F05FB7EC5.PDF,PDF p227; printed p214; Appendix II Roads and Bridges,official_measured,True,0da62779a6cb5441149e0de4bad024d4d63c449dab564f821fdd307ea3e4fc77,Functional Roads and Bridges expenditure includes all road classes; it is not a State Highway-only budget. BE/RE retained separately. Revenue account and capital outlay exclude loans/repayments.,Chhattisgarh,2026,roads_bridges_revenue_expenditure_inr_crore,1275.8039999999999,official_measured,official,,,,,,,,revenue_account|roads_and_bridges_all_classes,,,,,,
state_gujarat,Gujarat,state_aggregate,State governments,Gujarat,roads_and_bridges_all_classes,roads_bridges_revenue_expenditure_inr_crore,4552.91,INR crore,455291.0,INR lakh,2023-04-01,2024-03-31,fiscal_year,actual,revenue_account,2026-01-23,2026-01-23,rbi_state_road_finances,https://rbidocs.rbi.org.in/rdocs/Publications/PDFs/0SF23012026877D47254C4F4B0793B2C38F05FB7EC5.PDF,PDF p229; printed p216; Appendix II Roads and Bridges,official_measured,True,0da62779a6cb5441149e0de4bad024d4d63c449dab564f821fdd307ea3e4fc77,Functional Roads and Bridges expenditure includes all road classes; it is not a State Highway-only budget. BE/RE retained separately. Revenue account and capital outlay exclude loans/repayments.,Gujarat,2024,roads_bridges_revenue_expenditure_inr_crore,4552.91,official_measured,official,,,,,,,,revenue_account|roads_and_bridges_all_classes,,,,,,
state_gujarat,Gujarat,state_aggregate,State governments,Gujarat,roads_and_bridges_all_classes,roads_bridges_revenue_expenditure_inr_crore,1965.3600000000001,INR crore,196536.0,INR lakh,2024-04-01,2025-03-31,fiscal_year,BE,revenue_account,2026-01-23,2026-01-23,rbi_state_road_finances,https://rbidocs.rbi.org.in/rdocs/Publications/PDFs/0SF23012026877D47254C4F4B0793B2C38F05FB7EC5.PDF,PDF p229; printed p216; Appendix II Roads and Bridges,official_measured,True,0da62779a6cb5441149e0de4bad024d4d63c449dab564f821fdd307ea3e4fc77,Functional Roads and Bridges expenditure includes all road classes; it is not a State Highway-only budget. BE/RE retained separately. Revenue account and capital outlay exclude loans/repayments.,Gujarat,2025,roads_bridges_revenue_expenditure_inr_crore,1965.3600000000001,official_measured,official,,,,,,,,revenue_account|roads_and_bridges_all_classes,,,,,,
state_gujarat,Gujarat,state_aggregate,State governments,Gujarat,roads_and_bridges_all_classes,roads_bridges_revenue_expenditure_inr_crore,2080.12,INR crore,208012.0,INR lakh,2024-04-01,2025-03-31,fiscal_year,RE,revenue_account,2026-01-23,2026-01-23,rbi_state_road_finances,https://rbidocs.rbi.org.in/rdocs/Publications/PDFs/0SF23012026877D47254C4F4B0793B2C38F05FB7EC5.PDF,PDF p229; printed p216; Appendix II Roads and Bridges,official_measured,True,0da62779a6cb5441149e0de4bad024d4d63c449dab564f821fdd307ea3e4fc77,Functional Roads and Bridges expenditure includes all road classes; it is not a State Highway-only budget. BE/RE retained separately. Revenue account and capital outlay exclude loans/repayments.,Gujarat,2025,roads_bridges_revenue_expenditure_inr_crore,2080.12,official_measured,official,,,,,,,,revenue_account|roads_and_bridges_all_classes,,,,,,
state_gujarat,Gujarat,state_aggregate,State governments,Gujarat,roads_and_bridges_all_classes,roads_bridges_revenue_expenditure_inr_crore,2045.6000000000001,INR crore,204560.0,INR lakh,2025-04-01,2026-03-31,fiscal_year,BE,revenue_account,2026-01-23,2026-01-23,rbi_state_road_finances,https://rbidocs.rbi.org.in/rdocs/Publications/PDFs/0SF23012026877D47254C4F4B0793B2C38F05FB7EC5.PDF,PDF p229; printed p216; Appendix II Roads and Bridges,official_measured,True,0da62779a6cb5441149e0de4bad024d4d63c449dab564f821fdd307ea3e4fc77,Functional Roads and Bridges expenditure includes all road classes; it is not a State Highway-only budget. BE/RE retained separately. Revenue account and capital outlay exclude loans/repayments.,Gujarat,2026,roads_bridges_revenue_expenditure_inr_crore,2045.6000000000001,official_measured,official,,,,,,,,revenue_account|roads_and_bridges_all_classes,,,,,,
state_haryana,Haryana,state_aggregate,State governments,Haryana,roads_and_bridges_all_classes,roads_bridges_revenue_expenditure_inr_crore,1346.264,INR crore,134626.4,INR lakh,2023-04-01,2024-03-31,fiscal_year,actual,revenue_account,2026-01-23,2026-01-23,rbi_state_road_finances,https://rbidocs.rbi.org.in/rdocs/Publications/PDFs/0SF23012026877D47254C4F4B0793B2C38F05FB7EC5.PDF,PDF p229; printed p216; Appendix II Roads and Bridges,official_measured,True,0da62779a6cb5441149e0de4bad024d4d63c449dab564f821fdd307ea3e4fc77,Functional Roads and Bridges expenditure includes all road classes; it is not a State Highway-only budget. BE/RE retained separately. Revenue account and capital outlay exclude loans/repayments.,Haryana,2024,roads_bridges_revenue_expenditure_inr_crore,1346.264,official_measured,official,,,,,,,,revenue_account|roads_and_bridges_all_classes,,,,,,
state_haryana,Haryana,state_aggregate,State governments,Haryana,roads_and_bridges_all_classes,roads_bridges_revenue_expenditure_inr_crore,1133.91,INR crore,113391.0,INR lakh,2024-04-01,2025-03-31,fiscal_year,BE,revenue_account,2026-01-23,2026-01-23,rbi_state_road_finances,https://rbidocs.rbi.org.in/rdocs/Publications/PDFs/0SF23012026877D47254C4F4B0793B2C38F05FB7EC5.PDF,PDF p229; printed p216; Appendix II Roads and Bridges,official_measured,True,0da62779a6cb5441149e0de4bad024d4d63c449dab564f821fdd307ea3e4fc77,Functional Roads and Bridges expenditure includes all road classes; it is not a State Highway-only budget. BE/RE retained separately. Revenue account and capital outlay exclude loans/repayments.,Haryana,2025,roads_bridges_revenue_expenditure_inr_crore,1133.91,official_measured,official,,,,,,,,revenue_account|roads_and_bridges_all_classes,,,,,,
state_haryana,Haryana,state_aggregate,State governments,Haryana,roads_and_bridges_all_classes,roads_bridges_revenue_expenditure_inr_crore,1657.52,INR crore,165752.0,INR lakh,2024-04-01,2025-03-31,fiscal_year,RE,revenue_account,2026-01-23,2026-01-23,rbi_state_road_finances,https://rbidocs.rbi.org.in/rdocs/Publications/PDFs/0SF23012026877D47254C4F4B0793B2C38F05FB7EC5.PDF,PDF p229; printed p216; Appendix II Roads and Bridges,official_measured,True,0da62779a6cb5441149e0de4bad024d4d63c449dab564f821fdd307ea3e4fc77,Functional Roads and Bridges expenditure includes all road classes; it is not a State Highway-only budget. BE/RE retained separately. Revenue account and capital outlay exclude loans/repayments.,Haryana,2025,roads_bridges_revenue_expenditure_inr_crore,1657.52,official_measured,official,,,,,,,,revenue_account|roads_and_bridges_all_classes,,,,,,
state_haryana,Haryana,state_aggregate,State governments,Haryana,roads_and_bridges_all_classes,roads_bridges_revenue_expenditure_inr_crore,1159.91,INR crore,115991.0,INR lakh,2025-04-01,2026-03-31,fiscal_year,BE,revenue_account,2026-01-23,2026-01-23,rbi_state_road_finances,https://rbidocs.rbi.org.in/rdocs/Publications/PDFs/0SF23012026877D47254C4F4B0793B2C38F05FB7EC5.PDF,PDF p229; printed p216; Appendix II Roads and Bridges,official_measured,True,0da62779a6cb5441149e0de4bad024d4d63c449dab564f821fdd307ea3e4fc77,Functional Roads and Bridges expenditure includes all road classes; it is not a State Highway-only budget. BE/RE retained separately. Revenue account and capital outlay exclude loans/repayments.,Haryana,2026,roads_bridges_revenue_expenditure_inr_crore,1159.91,official_measured,official,,,,,,,,revenue_account|roads_and_bridges_all_classes,,,,,,
state_himachal_pradesh,Himachal Pradesh,state_aggregate,State governments,Himachal Pradesh,roads_and_bridges_all_classes,roads_bridges_revenue_expenditure_inr_crore,1696.9,INR crore,169690.0,INR lakh,2023-04-01,2024-03-31,fiscal_year,actual,revenue_account,2026-01-23,2026-01-23,rbi_state_road_finances,https://rbidocs.rbi.org.in/rdocs/Publications/PDFs/0SF23012026877D47254C4F4B0793B2C38F05FB7EC5.PDF,PDF p231; printed p218; Appendix II Roads and Bridges,official_measured,True,0da62779a6cb5441149e0de4bad024d4d63c449dab564f821fdd307ea3e4fc77,Functional Roads and Bridges expenditure includes all road classes; it is not a State Highway-only budget. BE/RE retained separately. Revenue account and capital outlay exclude loans/repayments.,Himachal Pradesh,2024,roads_bridges_revenue_expenditure_inr_crore,1696.9,official_measured,official,,,,,,,,revenue_account|roads_and_bridges_all_classes,,,,,,
state_himachal_pradesh,Himachal Pradesh,state_aggregate,State governments,Himachal Pradesh,roads_and_bridges_all_classes,roads_bridges_revenue_expenditure_inr_crore,1776.7579999999998,INR crore,177675.8,INR lakh,2024-04-01,2025-03-31,fiscal_year,BE,revenue_account,2026-01-23,2026-01-23,rbi_state_road_finances,https://rbidocs.rbi.org.in/rdocs/Publications/PDFs/0SF23012026877D47254C4F4B0793B2C38F05FB7EC5.PDF,PDF p231; printed p218; Appendix II Roads and Bridges,official_measured,True,0da62779a6cb5441149e0de4bad024d4d63c449dab564f821fdd307ea3e4fc77,Functional Roads and Bridges expenditure includes all road classes; it is not a State Highway-only budget. BE/RE retained separately. Revenue account and capital outlay exclude loans/repayments.,Himachal Pradesh,2025,roads_bridges_revenue_expenditure_inr_crore,1776.7579999999998,official_measured,official,,,,,,,,revenue_account|roads_and_bridges_all_classes,,,,,,
state_himachal_pradesh,Himachal Pradesh,state_aggregate,State governments,Himachal Pradesh,roads_and_bridges_all_classes,roads_bridges_revenue_expenditure_inr_crore,1492.91,INR crore,149291.0,INR lakh,2024-04-01,2025-03-31,fiscal_year,RE,revenue_account,2026-01-23,2026-01-23,rbi_state_road_finances,https://rbidocs.rbi.org.in/rdocs/Publications/PDFs/0SF23012026877D47254C4F4B0793B2C38F05FB7EC5.PDF,PDF p231; printed p218; Appendix II Roads and Bridges,official_measured,True,0da62779a6cb5441149e0de4bad024d4d63c449dab564f821fdd307ea3e4fc77,Functional Roads and Bridges expenditure includes all road classes; it is not a State Highway-only budget. BE/RE retained separately. Revenue account and capital outlay exclude loans/repayments.,Himachal Pradesh,2025,roads_bridges_revenue_expenditure_inr_crore,1492.91,official_measured,official,,,,,,,,revenue_account|roads_and_bridges_all_classes,,,,,,
state_himachal_pradesh,Himachal Pradesh,state_aggregate,State governments,Himachal Pradesh,roads_and_bridges_all_classes,roads_bridges_revenue_expenditure_inr_crore,1722.799,INR crore,172279.9,INR lakh,2025-04-01,2026-03-31,fiscal_year,BE,revenue_account,2026-01-23,2026-01-23,rbi_state_road_finances,https://rbidocs.rbi.org.in/rdocs/Publications/PDFs/0SF23012026877D47254C4F4B0793B2C38F05FB7EC5.PDF,PDF p231; printed p218; Appendix II Roads and Bridges,official_measured,True,0da62779a6cb5441149e0de4bad024d4d63c449dab564f821fdd307ea3e4fc77,Functional Roads and Bridges expenditure includes all road classes; it is not a State Highway-only budget. BE/RE retained separately. Revenue account and capital outlay exclude loans/repayments.,Himachal Pradesh,2026,roads_bridges_revenue_expenditure_inr_crore,1722.799,official_measured,official,,,,,,,,revenue_account|roads_and_bridges_all_classes,,,,,,
state_jammu_kashmir,Jammu & Kashmir,state_aggregate,State governments,Jammu & Kashmir,roads_and_bridges_all_classes,roads_bridges_revenue_expenditure_inr_crore,452.139,INR crore,45213.9,INR lakh,2023-04-01,2024-03-31,fiscal_year,actual,revenue_account,2026-01-23,2026-01-23,rbi_state_road_finances,https://rbidocs.rbi.org.in/rdocs/Publications/PDFs/0SF23012026877D47254C4F4B0793B2C38F05FB7EC5.PDF,PDF p231; printed p218; Appendix II Roads and Bridges,official_measured,True,0da62779a6cb5441149e0de4bad024d4d63c449dab564f821fdd307ea3e4fc77,Functional Roads and Bridges expenditure includes all road classes; it is not a State Highway-only budget. BE/RE retained separately. Revenue account and capital outlay exclude loans/repayments.,Jammu & Kashmir,2024,roads_bridges_revenue_expenditure_inr_crore,452.139,official_measured,official,,,,,,,,revenue_account|roads_and_bridges_all_classes,,,,,,
state_jammu_kashmir,Jammu & Kashmir,state_aggregate,State governments,Jammu & Kashmir,roads_and_bridges_all_classes,roads_bridges_revenue_expenditure_inr_crore,348.57800000000003,INR crore,34857.8,INR lakh,2024-04-01,2025-03-31,fiscal_year,BE,revenue_account,2026-01-23,2026-01-23,rbi_state_road_finances,https://rbidocs.rbi.org.in/rdocs/Publications/PDFs/0SF23012026877D47254C4F4B0793B2C38F05FB7EC5.PDF,PDF p231; printed p218; Appendix II Roads and Bridges,official_measured,True,0da62779a6cb5441149e0de4bad024d4d63c449dab564f821fdd307ea3e4fc77,Functional Roads and Bridges expenditure includes all road classes; it is not a State Highway-only budget. BE/RE retained separately. Revenue account and capital outlay exclude loans/repayments.,Jammu & Kashmir,2025,roads_bridges_revenue_expenditure_inr_crore,348.57800000000003,official_measured,official,,,,,,,,revenue_account|roads_and_bridges_all_classes,,,,,,
state_jammu_kashmir,Jammu & Kashmir,state_aggregate,State governments,Jammu & Kashmir,roads_and_bridges_all_classes,roads_bridges_revenue_expenditure_inr_crore,330.781,INR crore,33078.1,INR lakh,2024-04-01,2025-03-31,fiscal_year,RE,revenue_account,2026-01-23,2026-01-23,rbi_state_road_finances,https://rbidocs.rbi.org.in/rdocs/Publications/PDFs/0SF23012026877D47254C4F4B0793B2C38F05FB7EC5.PDF,PDF p231; printed p218; Appendix II Roads and Bridges,official_measured,True,0da62779a6cb5441149e0de4bad024d4d63c449dab564f821fdd307ea3e4fc77,Functional Roads and Bridges expenditure includes all road classes; it is not a State Highway-only budget. BE/RE retained separately. Revenue account and capital outlay exclude loans/repayments.,Jammu & Kashmir,2025,roads_bridges_revenue_expenditure_inr_crore,330.781,official_measured,official,,,,,,,,revenue_account|roads_and_bridges_all_classes,,,,,,
state_jammu_kashmir,Jammu & Kashmir,state_aggregate,State governments,Jammu & Kashmir,roads_and_bridges_all_classes,roads_bridges_revenue_expenditure_inr_crore,349.31,INR crore,34931.0,INR lakh,2025-04-01,2026-03-31,fiscal_year,BE,revenue_account,2026-01-23,2026-01-23,rbi_state_road_finances,https://rbidocs.rbi.org.in/rdocs/Publications/PDFs/0SF23012026877D47254C4F4B0793B2C38F05FB7EC5.PDF,PDF p231; printed p218; Appendix II Roads and Bridges,official_measured,True,0da62779a6cb5441149e0de4bad024d4d63c449dab564f821fdd307ea3e4fc77,Functional Roads and Bridges expenditure includes all road classes; it is not a State Highway-only budget. BE/RE retained separately. Revenue account and capital outlay exclude loans/repayments.,Jammu & Kashmir,2026,roads_bridges_revenue_expenditure_inr_crore,349.31,official_measured,official,,,,,,,,revenue_account|roads_and_bridges_all_classes,,,,,,
state_jharkhand,Jharkhand,state_aggregate,State governments,Jharkhand,roads_and_bridges_all_classes,roads_bridges_revenue_expenditure_inr_crore,477.63599999999997,INR crore,47763.6,INR lakh,2023-04-01,2024-03-31,fiscal_year,actual,revenue_account,2026-01-23,2026-01-23,rbi_state_road_finances,https://rbidocs.rbi.org.in/rdocs/Publications/PDFs/0SF23012026877D47254C4F4B0793B2C38F05FB7EC5.PDF,PDF p233; printed p220; Appendix II Roads and Bridges,official_measured,True,0da62779a6cb5441149e0de4bad024d4d63c449dab564f821fdd307ea3e4fc77,Functional Roads and Bridges expenditure includes all road classes; it is not a State Highway-only budget. BE/RE retained separately. Revenue account and capital outlay exclude loans/repayments.,Jharkhand,2024,roads_bridges_revenue_expenditure_inr_crore,477.63599999999997,official_measured,official,,,,,,,,revenue_account|roads_and_bridges_all_classes,,,,,,
state_jharkhand,Jharkhand,state_aggregate,State governments,Jharkhand,roads_and_bridges_all_classes,roads_bridges_revenue_expenditure_inr_crore,589.413,INR crore,58941.3,INR lakh,2024-04-01,2025-03-31,fiscal_year,BE,revenue_account,2026-01-23,2026-01-23,rbi_state_road_finances,https://rbidocs.rbi.org.in/rdocs/Publications/PDFs/0SF23012026877D47254C4F4B0793B2C38F05FB7EC5.PDF,PDF p233; printed p220; Appendix II Roads and Bridges,official_measured,True,0da62779a6cb5441149e0de4bad024d4d63c449dab564f821fdd307ea3e4fc77,Functional Roads and Bridges expenditure includes all road classes; it is not a State Highway-only budget. BE/RE retained separately. Revenue account and capital outlay exclude loans/repayments.,Jharkhand,2025,roads_bridges_revenue_expenditure_inr_crore,589.413,official_measured,official,,,,,,,,revenue_account|roads_and_bridges_all_classes,,,,,,
state_jharkhand,Jharkhand,state_aggregate,State governments,Jharkhand,roads_and_bridges_all_classes,roads_bridges_revenue_expenditure_inr_crore,589.5680000000001,INR crore,58956.8,INR lakh,2024-04-01,2025-03-31,fiscal_year,RE,revenue_account,2026-01-23,2026-01-23,rbi_state_road_finances,https://rbidocs.rbi.org.in/rdocs/Publications/PDFs/0SF23012026877D47254C4F4B0793B2C38F05FB7EC5.PDF,PDF p233; printed p220; Appendix II Roads and Bridges,official_measured,True,0da62779a6cb5441149e0de4bad024d4d63c449dab564f821fdd307ea3e4fc77,Functional Roads and Bridges expenditure includes all road classes; it is not a State Highway-only budget. BE/RE retained separately. Revenue account and capital outlay exclude loans/repayments.,Jharkhand,2025,roads_bridges_revenue_expenditure_inr_crore,589.5680000000001,official_measured,official,,,,,,,,revenue_account|roads_and_bridges_all_classes,,,,,,
state_jharkhand,Jharkhand,state_aggregate,State governments,Jharkhand,roads_and_bridges_all_classes,roads_bridges_revenue_expenditure_inr_crore,591.6080000000001,INR crore,59160.8,INR lakh,2025-04-01,2026-03-31,fiscal_year,BE,revenue_account,2026-01-23,2026-01-23,rbi_state_road_finances,https://rbidocs.rbi.org.in/rdocs/Publications/PDFs/0SF23012026877D47254C4F4B0793B2C38F05FB7EC5.PDF,PDF p233; printed p220; Appendix II Roads and Bridges,official_measured,True,0da62779a6cb5441149e0de4bad024d4d63c449dab564f821fdd307ea3e4fc77,Functional Roads and Bridges expenditure includes all road classes; it is not a State Highway-only budget. BE/RE retained separately. Revenue account and capital outlay exclude loans/repayments.,Jharkhand,2026,roads_bridges_revenue_expenditure_inr_crore,591.6080000000001,official_measured,official,,,,,,,,revenue_account|roads_and_bridges_all_classes,,,,,,
state_karnataka,Karnataka,state_aggregate,State governments,Karnataka,roads_and_bridges_all_classes,roads_bridges_revenue_expenditure_inr_crore,2229.466,INR crore,222946.6,INR lakh,2023-04-01,2024-03-31,fiscal_year,actual,revenue_account,2026-01-23,2026-01-23,rbi_state_road_finances,https://rbidocs.rbi.org.in/rdocs/Publications/PDFs/0SF23012026877D47254C4F4B0793B2C38F05FB7EC5.PDF,PDF p233; printed p220; Appendix II Roads and Bridges,official_measured,True,0da62779a6cb5441149e0de4bad024d4d63c449dab564f821fdd307ea3e4fc77,Functional Roads and Bridges expenditure includes all road classes; it is not a State Highway-only budget. BE/RE retained separately. Revenue account and capital outlay exclude loans/repayments.,Karnataka,2024,roads_bridges_revenue_expenditure_inr_crore,2229.466,official_measured,official,,,,,,,,revenue_account|roads_and_bridges_all_classes,,,,,,
state_karnataka,Karnataka,state_aggregate,State governments,Karnataka,roads_and_bridges_all_classes,roads_bridges_revenue_expenditure_inr_crore,1956.8410000000001,INR crore,195684.1,INR lakh,2024-04-01,2025-03-31,fiscal_year,BE,revenue_account,2026-01-23,2026-01-23,rbi_state_road_finances,https://rbidocs.rbi.org.in/rdocs/Publications/PDFs/0SF23012026877D47254C4F4B0793B2C38F05FB7EC5.PDF,PDF p233; printed p220; Appendix II Roads and Bridges,official_measured,True,0da62779a6cb5441149e0de4bad024d4d63c449dab564f821fdd307ea3e4fc77,Functional Roads and Bridges expenditure includes all road classes; it is not a State Highway-only budget. BE/RE retained separately. Revenue account and capital outlay exclude loans/repayments.,Karnataka,2025,roads_bridges_revenue_expenditure_inr_crore,1956.8410000000001,official_measured,official,,,,,,,,revenue_account|roads_and_bridges_all_classes,,,,,,
state_karnataka,Karnataka,state_aggregate,State governments,Karnataka,roads_and_bridges_all_classes,roads_bridges_revenue_expenditure_inr_crore,1985.856,INR crore,198585.6,INR lakh,2024-04-01,2025-03-31,fiscal_year,RE,revenue_account,2026-01-23,2026-01-23,rbi_state_road_finances,https://rbidocs.rbi.org.in/rdocs/Publications/PDFs/0SF23012026877D47254C4F4B0793B2C38F05FB7EC5.PDF,PDF p233; printed p220; Appendix II Roads and Bridges,official_measured,True,0da62779a6cb5441149e0de4bad024d4d63c449dab564f821fdd307ea3e4fc77,Functional Roads and Bridges expenditure includes all road classes; it is not a State Highway-only budget. BE/RE retained separately. Revenue account and capital outlay exclude loans/repayments.,Karnataka,2025,roads_bridges_revenue_expenditure_inr_crore,1985.856,official_measured,official,,,,,,,,revenue_account|roads_and_bridges_all_classes,,,,,,
state_karnataka,Karnataka,state_aggregate,State governments,Karnataka,roads_and_bridges_all_classes,roads_bridges_revenue_expenditure_inr_crore,1997.418,INR crore,199741.8,INR lakh,2025-04-01,2026-03-31,fiscal_year,BE,revenue_account,2026-01-23,2026-01-23,rbi_state_road_finances,https://rbidocs.rbi.org.in/rdocs/Publications/PDFs/0SF23012026877D47254C4F4B0793B2C38F05FB7EC5.PDF,PDF p233; printed p220; Appendix II Roads and Bridges,official_measured,True,0da62779a6cb5441149e0de4bad024d4d63c449dab564f821fdd307ea3e4fc77,Functional Roads and Bridges expenditure includes all road classes; it is not a State Highway-only budget. BE/RE retained separately. Revenue account and capital outlay exclude loans/repayments.,Karnataka,2026,roads_bridges_revenue_expenditure_inr_crore,1997.418,official_measured,official,,,,,,,,revenue_account|roads_and_bridges_all_classes,,,,,,
state_kerala,Kerala,state_aggregate,State governments,Kerala,roads_and_bridges_all_classes,roads_bridges_revenue_expenditure_inr_crore,989.2260000000001,INR crore,98922.6,INR lakh,2023-04-01,2024-03-31,fiscal_year,actual,revenue_account,2026-01-23,2026-01-23,rbi_state_road_finances,https://rbidocs.rbi.org.in/rdocs/Publications/PDFs/0SF23012026877D47254C4F4B0793B2C38F05FB7EC5.PDF,PDF p235; printed p222; Appendix II Roads and Bridges,official_measured,True,0da62779a6cb5441149e0de4bad024d4d63c449dab564f821fdd307ea3e4fc77,Functional Roads and Bridges expenditure includes all road classes; it is not a State Highway-only budget. BE/RE retained separately. Revenue account and capital outlay exclude loans/repayments.,Kerala,2024,roads_bridges_revenue_expenditure_inr_crore,989.2260000000001,official_measured,official,,,,,,,,revenue_account|roads_and_bridges_all_classes,,,,,,
state_kerala,Kerala,state_aggregate,State governments,Kerala,roads_and_bridges_all_classes,roads_bridges_revenue_expenditure_inr_crore,1432.9579999999999,INR crore,143295.8,INR lakh,2024-04-01,2025-03-31,fiscal_year,BE,revenue_account,2026-01-23,2026-01-23,rbi_state_road_finances,https://rbidocs.rbi.org.in/rdocs/Publications/PDFs/0SF23012026877D47254C4F4B0793B2C38F05FB7EC5.PDF,PDF p235; printed p222; Appendix II Roads and Bridges,official_measured,True,0da62779a6cb5441149e0de4bad024d4d63c449dab564f821fdd307ea3e4fc77,Functional Roads and Bridges expenditure includes all road classes; it is not a State Highway-only budget. BE/RE retained separately. Revenue account and capital outlay exclude loans/repayments.,Kerala,2025,roads_bridges_revenue_expenditure_inr_crore,1432.9579999999999,official_measured,official,,,,,,,,revenue_account|roads_and_bridges_all_classes,,,,,,
state_kerala,Kerala,state_aggregate,State governments,Kerala,roads_and_bridges_all_classes,roads_bridges_revenue_expenditure_inr_crore,792.1560000000001,INR crore,79215.6,INR lakh,2024-04-01,2025-03-31,fiscal_year,RE,revenue_account,2026-01-23,2026-01-23,rbi_state_road_finances,https://rbidocs.rbi.org.in/rdocs/Publications/PDFs/0SF23012026877D47254C4F4B0793B2C38F05FB7EC5.PDF,PDF p235; printed p222; Appendix II Roads and Bridges,official_measured,True,0da62779a6cb5441149e0de4bad024d4d63c449dab564f821fdd307ea3e4fc77,Functional Roads and Bridges expenditure includes all road classes; it is not a State Highway-only budget. BE/RE retained separately. Revenue account and capital outlay exclude loans/repayments.,Kerala,2025,roads_bridges_revenue_expenditure_inr_crore,792.1560000000001,official_measured,official,,,,,,,,revenue_account|roads_and_bridges_all_classes,,,,,,
state_kerala,Kerala,state_aggregate,State governments,Kerala,roads_and_bridges_all_classes,roads_bridges_revenue_expenditure_inr_crore,1550.349,INR crore,155034.9,INR lakh,2025-04-01,2026-03-31,fiscal_year,BE,revenue_account,2026-01-23,2026-01-23,rbi_state_road_finances,https://rbidocs.rbi.org.in/rdocs/Publications/PDFs/0SF23012026877D47254C4F4B0793B2C38F05FB7EC5.PDF,PDF p235; printed p222; Appendix II Roads and Bridges,official_measured,True,0da62779a6cb5441149e0de4bad024d4d63c449dab564f821fdd307ea3e4fc77,Functional Roads and Bridges expenditure includes all road classes; it is not a State Highway-only budget. BE/RE retained separately. Revenue account and capital outlay exclude loans/repayments.,Kerala,2026,roads_bridges_revenue_expenditure_inr_crore,1550.349,official_measured,official,,,,,,,,revenue_account|roads_and_bridges_all_classes,,,,,,
state_madhya_pradesh,Madhya Pradesh,state_aggregate,State governments,Madhya Pradesh,roads_and_bridges_all_classes,roads_bridges_revenue_expenditure_inr_crore,1760.7220000000002,INR crore,176072.2,INR lakh,2023-04-01,2024-03-31,fiscal_year,actual,revenue_account,2026-01-23,2026-01-23,rbi_state_road_finances,https://rbidocs.rbi.org.in/rdocs/Publications/PDFs/0SF23012026877D47254C4F4B0793B2C38F05FB7EC5.PDF,PDF p235; printed p222; Appendix II Roads and Bridges,official_measured,True,0da62779a6cb5441149e0de4bad024d4d63c449dab564f821fdd307ea3e4fc77,Functional Roads and Bridges expenditure includes all road classes; it is not a State Highway-only budget. BE/RE retained separately. Revenue account and capital outlay exclude loans/repayments.,Madhya Pradesh,2024,roads_bridges_revenue_expenditure_inr_crore,1760.7220000000002,official_measured,official,,,,,,,,revenue_account|roads_and_bridges_all_classes,,,,,,
state_madhya_pradesh,Madhya Pradesh,state_aggregate,State governments,Madhya Pradesh,roads_and_bridges_all_classes,roads_bridges_revenue_expenditure_inr_crore,2073.28,INR crore,207328.0,INR lakh,2024-04-01,2025-03-31,fiscal_year,BE,revenue_account,2026-01-23,2026-01-23,rbi_state_road_finances,https://rbidocs.rbi.org.in/rdocs/Publications/PDFs/0SF23012026877D47254C4F4B0793B2C38F05FB7EC5.PDF,PDF p235; printed p222; Appendix II Roads and Bridges,official_measured,True,0da62779a6cb5441149e0de4bad024d4d63c449dab564f821fdd307ea3e4fc77,Functional Roads and Bridges expenditure includes all road classes; it is not a State Highway-only budget. BE/RE retained separately. Revenue account and capital outlay exclude loans/repayments.,Madhya Pradesh,2025,roads_bridges_revenue_expenditure_inr_crore,2073.28,official_measured,official,,,,,,,,revenue_account|roads_and_bridges_all_classes,,,,,,
state_madhya_pradesh,Madhya Pradesh,state_aggregate,State governments,Madhya Pradesh,roads_and_bridges_all_classes,roads_bridges_revenue_expenditure_inr_crore,1954.8220000000001,INR crore,195482.2,INR lakh,2024-04-01,2025-03-31,fiscal_year,RE,revenue_account,2026-01-23,2026-01-23,rbi_state_road_finances,https://rbidocs.rbi.org.in/rdocs/Publications/PDFs/0SF23012026877D47254C4F4B0793B2C38F05FB7EC5.PDF,PDF p235; printed p222; Appendix II Roads and Bridges,official_measured,True,0da62779a6cb5441149e0de4bad024d4d63c449dab564f821fdd307ea3e4fc77,Functional Roads and Bridges expenditure includes all road classes; it is not a State Highway-only budget. BE/RE retained separately. Revenue account and capital outlay exclude loans/repayments.,Madhya Pradesh,2025,roads_bridges_revenue_expenditure_inr_crore,1954.8220000000001,official_measured,official,,,,,,,,revenue_account|roads_and_bridges_all_classes,,,,,,
state_madhya_pradesh,Madhya Pradesh,state_aggregate,State governments,Madhya Pradesh,roads_and_bridges_all_classes,roads_bridges_revenue_expenditure_inr_crore,2066.5460000000003,INR crore,206654.6,INR lakh,2025-04-01,2026-03-31,fiscal_year,BE,revenue_account,2026-01-23,2026-01-23,rbi_state_road_finances,https://rbidocs.rbi.org.in/rdocs/Publications/PDFs/0SF23012026877D47254C4F4B0793B2C38F05FB7EC5.PDF,PDF p235; printed p222; Appendix II Roads and Bridges,official_measured,True,0da62779a6cb5441149e0de4bad024d4d63c449dab564f821fdd307ea3e4fc77,Functional Roads and Bridges expenditure includes all road classes; it is not a State Highway-only budget. BE/RE retained separately. Revenue account and capital outlay exclude loans/repayments.,Madhya Pradesh,2026,roads_bridges_revenue_expenditure_inr_crore,2066.5460000000003,official_measured,official,,,,,,,,revenue_account|roads_and_bridges_all_classes,,,,,,
state_maharashtra,Maharashtra,state_aggregate,State governments,Maharashtra,roads_and_bridges_all_classes,roads_bridges_revenue_expenditure_inr_crore,8602.06,INR crore,860206.0,INR lakh,2023-04-01,2024-03-31,fiscal_year,actual,revenue_account,2026-01-23,2026-01-23,rbi_state_road_finances,https://rbidocs.rbi.org.in/rdocs/Publications/PDFs/0SF23012026877D47254C4F4B0793B2C38F05FB7EC5.PDF,PDF p237; printed p224; Appendix II Roads and Bridges,official_measured,True,0da62779a6cb5441149e0de4bad024d4d63c449dab564f821fdd307ea3e4fc77,Functional Roads and Bridges expenditure includes all road classes; it is not a State Highway-only budget. BE/RE retained separately. Revenue account and capital outlay exclude loans/repayments.,Maharashtra,2024,roads_bridges_revenue_expenditure_inr_crore,8602.06,official_measured,official,,,,,,,,revenue_account|roads_and_bridges_all_classes,,,,,,
state_maharashtra,Maharashtra,state_aggregate,State governments,Maharashtra,roads_and_bridges_all_classes,roads_bridges_revenue_expenditure_inr_crore,8761.327,INR crore,876132.7,INR lakh,2024-04-01,2025-03-31,fiscal_year,BE,revenue_account,2026-01-23,2026-01-23,rbi_state_road_finances,https://rbidocs.rbi.org.in/rdocs/Publications/PDFs/0SF23012026877D47254C4F4B0793B2C38F05FB7EC5.PDF,PDF p237; printed p224; Appendix II Roads and Bridges,official_measured,True,0da62779a6cb5441149e0de4bad024d4d63c449dab564f821fdd307ea3e4fc77,Functional Roads and Bridges expenditure includes all road classes; it is not a State Highway-only budget. BE/RE retained separately. Revenue account and capital outlay exclude loans/repayments.,Maharashtra,2025,roads_bridges_revenue_expenditure_inr_crore,8761.327,official_measured,official,,,,,,,,revenue_account|roads_and_bridges_all_classes,,,,,,
state_maharashtra,Maharashtra,state_aggregate,State governments,Maharashtra,roads_and_bridges_all_classes,roads_bridges_revenue_expenditure_inr_crore,8252.435,INR crore,825243.5,INR lakh,2024-04-01,2025-03-31,fiscal_year,RE,revenue_account,2026-01-23,2026-01-23,rbi_state_road_finances,https://rbidocs.rbi.org.in/rdocs/Publications/PDFs/0SF23012026877D47254C4F4B0793B2C38F05FB7EC5.PDF,PDF p237; printed p224; Appendix II Roads and Bridges,official_measured,True,0da62779a6cb5441149e0de4bad024d4d63c449dab564f821fdd307ea3e4fc77,Functional Roads and Bridges expenditure includes all road classes; it is not a State Highway-only budget. BE/RE retained separately. Revenue account and capital outlay exclude loans/repayments.,Maharashtra,2025,roads_bridges_revenue_expenditure_inr_crore,8252.435,official_measured,official,,,,,,,,revenue_account|roads_and_bridges_all_classes,,,,,,
state_maharashtra,Maharashtra,state_aggregate,State governments,Maharashtra,roads_and_bridges_all_classes,roads_bridges_revenue_expenditure_inr_crore,8455.491,INR crore,845549.1,INR lakh,2025-04-01,2026-03-31,fiscal_year,BE,revenue_account,2026-01-23,2026-01-23,rbi_state_road_finances,https://rbidocs.rbi.org.in/rdocs/Publications/PDFs/0SF23012026877D47254C4F4B0793B2C38F05FB7EC5.PDF,PDF p237; printed p224; Appendix II Roads and Bridges,official_measured,True,0da62779a6cb5441149e0de4bad024d4d63c449dab564f821fdd307ea3e4fc77,Functional Roads and Bridges expenditure includes all road classes; it is not a State Highway-only budget. BE/RE retained separately. Revenue account and capital outlay exclude loans/repayments.,Maharashtra,2026,roads_bridges_revenue_expenditure_inr_crore,8455.491,official_measured,official,,,,,,,,revenue_account|roads_and_bridges_all_classes,,,,,,
state_manipur,Manipur,state_aggregate,State governments,Manipur,roads_and_bridges_all_classes,roads_bridges_revenue_expenditure_inr_crore,82.503,INR crore,8250.3,INR lakh,2023-04-01,2024-03-31,fiscal_year,actual,revenue_account,2026-01-23,2026-01-23,rbi_state_road_finances,https://rbidocs.rbi.org.in/rdocs/Publications/PDFs/0SF23012026877D47254C4F4B0793B2C38F05FB7EC5.PDF,PDF p237; printed p224; Appendix II Roads and Bridges,official_measured,True,0da62779a6cb5441149e0de4bad024d4d63c449dab564f821fdd307ea3e4fc77,Functional Roads and Bridges expenditure includes all road classes; it is not a State Highway-only budget. BE/RE retained separately. Revenue account and capital outlay exclude loans/repayments.,Manipur,2024,roads_bridges_revenue_expenditure_inr_crore,82.503,official_measured,official,,,,,,,,revenue_account|roads_and_bridges_all_classes,,,,,,
state_manipur,Manipur,state_aggregate,State governments,Manipur,roads_and_bridges_all_classes,roads_bridges_revenue_expenditure_inr_crore,113.229,INR crore,11322.9,INR lakh,2024-04-01,2025-03-31,fiscal_year,BE,revenue_account,2026-01-23,2026-01-23,rbi_state_road_finances,https://rbidocs.rbi.org.in/rdocs/Publications/PDFs/0SF23012026877D47254C4F4B0793B2C38F05FB7EC5.PDF,PDF p237; printed p224; Appendix II Roads and Bridges,official_measured,True,0da62779a6cb5441149e0de4bad024d4d63c449dab564f821fdd307ea3e4fc77,Functional Roads and Bridges expenditure includes all road classes; it is not a State Highway-only budget. BE/RE retained separately. Revenue account and capital outlay exclude loans/repayments.,Manipur,2025,roads_bridges_revenue_expenditure_inr_crore,113.229,official_measured,official,,,,,,,,revenue_account|roads_and_bridges_all_classes,,,,,,
state_manipur,Manipur,state_aggregate,State governments,Manipur,roads_and_bridges_all_classes,roads_bridges_revenue_expenditure_inr_crore,100.829,INR crore,10082.9,INR lakh,2024-04-01,2025-03-31,fiscal_year,RE,revenue_account,2026-01-23,2026-01-23,rbi_state_road_finances,https://rbidocs.rbi.org.in/rdocs/Publications/PDFs/0SF23012026877D47254C4F4B0793B2C38F05FB7EC5.PDF,PDF p237; printed p224; Appendix II Roads and Bridges,official_measured,True,0da62779a6cb5441149e0de4bad024d4d63c449dab564f821fdd307ea3e4fc77,Functional Roads and Bridges expenditure includes all road classes; it is not a State Highway-only budget. BE/RE retained separately. Revenue account and capital outlay exclude loans/repayments.,Manipur,2025,roads_bridges_revenue_expenditure_inr_crore,100.829,official_measured,official,,,,,,,,revenue_account|roads_and_bridges_all_classes,,,,,,
state_manipur,Manipur,state_aggregate,State governments,Manipur,roads_and_bridges_all_classes,roads_bridges_revenue_expenditure_inr_crore,104.884,INR crore,10488.4,INR lakh,2025-04-01,2026-03-31,fiscal_year,BE,revenue_account,2026-01-23,2026-01-23,rbi_state_road_finances,https://rbidocs.rbi.org.in/rdocs/Publications/PDFs/0SF23012026877D47254C4F4B0793B2C38F05FB7EC5.PDF,PDF p237; printed p224; Appendix II Roads and Bridges,official_measured,True,0da62779a6cb5441149e0de4bad024d4d63c449dab564f821fdd307ea3e4fc77,Functional Roads and Bridges expenditure includes all road classes; it is not a State Highway-only budget. BE/RE retained separately. Revenue account and capital outlay exclude loans/repayments.,Manipur,2026,roads_bridges_revenue_expenditure_inr_crore,104.884,official_measured,official,,,,,,,,revenue_account|roads_and_bridges_all_classes,,,,,,
state_meghalaya,Meghalaya,state_aggregate,State governments,Meghalaya,roads_and_bridges_all_classes,roads_bridges_revenue_expenditure_inr_crore,426.03000000000003,INR crore,42603.0,INR lakh,2023-04-01,2024-03-31,fiscal_year,actual,revenue_account,2026-01-23,2026-01-23,rbi_state_road_finances,https://rbidocs.rbi.org.in/rdocs/Publications/PDFs/0SF23012026877D47254C4F4B0793B2C38F05FB7EC5.PDF,PDF p239; printed p226; Appendix II Roads and Bridges,official_measured,True,0da62779a6cb5441149e0de4bad024d4d63c449dab564f821fdd307ea3e4fc77,Functional Roads and Bridges expenditure includes all road classes; it is not a State Highway-only budget. BE/RE retained separately. Revenue account and capital outlay exclude loans/repayments.,Meghalaya,2024,roads_bridges_revenue_expenditure_inr_crore,426.03000000000003,official_measured,official,,,,,,,,revenue_account|roads_and_bridges_all_classes,,,,,,
state_meghalaya,Meghalaya,state_aggregate,State governments,Meghalaya,roads_and_bridges_all_classes,roads_bridges_revenue_expenditure_inr_crore,459.47800000000007,INR crore,45947.8,INR lakh,2024-04-01,2025-03-31,fiscal_year,BE,revenue_account,2026-01-23,2026-01-23,rbi_state_road_finances,https://rbidocs.rbi.org.in/rdocs/Publications/PDFs/0SF23012026877D47254C4F4B0793B2C38F05FB7EC5.PDF,PDF p239; printed p226; Appendix II Roads and Bridges,official_measured,True,0da62779a6cb5441149e0de4bad024d4d63c449dab564f821fdd307ea3e4fc77,Functional Roads and Bridges expenditure includes all road classes; it is not a State Highway-only budget. BE/RE retained separately. Revenue account and capital outlay exclude loans/repayments.,Meghalaya,2025,roads_bridges_revenue_expenditure_inr_crore,459.47800000000007,official_measured,official,,,,,,,,revenue_account|roads_and_bridges_all_classes,,,,,,
state_meghalaya,Meghalaya,state_aggregate,State governments,Meghalaya,roads_and_bridges_all_classes,roads_bridges_revenue_expenditure_inr_crore,459.47800000000007,INR crore,45947.8,INR lakh,2024-04-01,2025-03-31,fiscal_year,RE,revenue_account,2026-01-23,2026-01-23,rbi_state_road_finances,https://rbidocs.rbi.org.in/rdocs/Publications/PDFs/0SF23012026877D47254C4F4B0793B2C38F05FB7EC5.PDF,PDF p239; printed p226; Appendix II Roads and Bridges,official_measured,True,0da62779a6cb5441149e0de4bad024d4d63c449dab564f821fdd307ea3e4fc77,Functional Roads and Bridges expenditure includes all road classes; it is not a State Highway-only budget. BE/RE retained separately. Revenue account and capital outlay exclude loans/repayments.,Meghalaya,2025,roads_bridges_revenue_expenditure_inr_crore,459.47800000000007,official_measured,official,,,,,,,,revenue_account|roads_and_bridges_all_classes,,,,,,
state_meghalaya,Meghalaya,state_aggregate,State governments,Meghalaya,roads_and_bridges_all_classes,roads_bridges_revenue_expenditure_inr_crore,774.113,INR crore,77411.3,INR lakh,2025-04-01,2026-03-31,fiscal_year,BE,revenue_account,2026-01-23,2026-01-23,rbi_state_road_finances,https://rbidocs.rbi.org.in/rdocs/Publications/PDFs/0SF23012026877D47254C4F4B0793B2C38F05FB7EC5.PDF,PDF p239; printed p226; Appendix II Roads and Bridges,official_measured,True,0da62779a6cb5441149e0de4bad024d4d63c449dab564f821fdd307ea3e4fc77,Functional Roads and Bridges expenditure includes all road classes; it is not a State Highway-only budget. BE/RE retained separately. Revenue account and capital outlay exclude loans/repayments.,Meghalaya,2026,roads_bridges_revenue_expenditure_inr_crore,774.113,official_measured,official,,,,,,,,revenue_account|roads_and_bridges_all_classes,,,,,,
state_mizoram,Mizoram,state_aggregate,State governments,Mizoram,roads_and_bridges_all_classes,roads_bridges_revenue_expenditure_inr_crore,495.192,INR crore,49519.2,INR lakh,2023-04-01,2024-03-31,fiscal_year,actual,revenue_account,2026-01-23,2026-01-23,rbi_state_road_finances,https://rbidocs.rbi.org.in/rdocs/Publications/PDFs/0SF23012026877D47254C4F4B0793B2C38F05FB7EC5.PDF,PDF p239; printed p226; Appendix II Roads and Bridges,official_measured,True,0da62779a6cb5441149e0de4bad024d4d63c449dab564f821fdd307ea3e4fc77,Functional Roads and Bridges expenditure includes all road classes; it is not a State Highway-only budget. BE/RE retained separately. Revenue account and capital outlay exclude loans/repayments.,Mizoram,2024,roads_bridges_revenue_expenditure_inr_crore,495.192,official_measured,official,,,,,,,,revenue_account|roads_and_bridges_all_classes,,,,,,
state_mizoram,Mizoram,state_aggregate,State governments,Mizoram,roads_and_bridges_all_classes,roads_bridges_revenue_expenditure_inr_crore,519.633,INR crore,51963.3,INR lakh,2024-04-01,2025-03-31,fiscal_year,BE,revenue_account,2026-01-23,2026-01-23,rbi_state_road_finances,https://rbidocs.rbi.org.in/rdocs/Publications/PDFs/0SF23012026877D47254C4F4B0793B2C38F05FB7EC5.PDF,PDF p239; printed p226; Appendix II Roads and Bridges,official_measured,True,0da62779a6cb5441149e0de4bad024d4d63c449dab564f821fdd307ea3e4fc77,Functional Roads and Bridges expenditure includes all road classes; it is not a State Highway-only budget. BE/RE retained separately. Revenue account and capital outlay exclude loans/repayments.,Mizoram,2025,roads_bridges_revenue_expenditure_inr_crore,519.633,official_measured,official,,,,,,,,revenue_account|roads_and_bridges_all_classes,,,,,,
state_mizoram,Mizoram,state_aggregate,State governments,Mizoram,roads_and_bridges_all_classes,roads_bridges_revenue_expenditure_inr_crore,563.005,INR crore,56300.5,INR lakh,2024-04-01,2025-03-31,fiscal_year,RE,revenue_account,2026-01-23,2026-01-23,rbi_state_road_finances,https://rbidocs.rbi.org.in/rdocs/Publications/PDFs/0SF23012026877D47254C4F4B0793B2C38F05FB7EC5.PDF,PDF p239; printed p226; Appendix II Roads and Bridges,official_measured,True,0da62779a6cb5441149e0de4bad024d4d63c449dab564f821fdd307ea3e4fc77,Functional Roads and Bridges expenditure includes all road classes; it is not a State Highway-only budget. BE/RE retained separately. Revenue account and capital outlay exclude loans/repayments.,Mizoram,2025,roads_bridges_revenue_expenditure_inr_crore,563.005,official_measured,official,,,,,,,,revenue_account|roads_and_bridges_all_classes,,,,,,
state_mizoram,Mizoram,state_aggregate,State governments,Mizoram,roads_and_bridges_all_classes,roads_bridges_revenue_expenditure_inr_crore,542.3580000000001,INR crore,54235.8,INR lakh,2025-04-01,2026-03-31,fiscal_year,BE,revenue_account,2026-01-23,2026-01-23,rbi_state_road_finances,https://rbidocs.rbi.org.in/rdocs/Publications/PDFs/0SF23012026877D47254C4F4B0793B2C38F05FB7EC5.PDF,PDF p239; printed p226; Appendix II Roads and Bridges,official_measured,True,0da62779a6cb5441149e0de4bad024d4d63c449dab564f821fdd307ea3e4fc77,Functional Roads and Bridges expenditure includes all road classes; it is not a State Highway-only budget. BE/RE retained separately. Revenue account and capital outlay exclude loans/repayments.,Mizoram,2026,roads_bridges_revenue_expenditure_inr_crore,542.3580000000001,official_measured,official,,,,,,,,revenue_account|roads_and_bridges_all_classes,,,,,,
state_nagaland,Nagaland,state_aggregate,State governments,Nagaland,roads_and_bridges_all_classes,roads_bridges_revenue_expenditure_inr_crore,388.43,INR crore,38843.0,INR lakh,2023-04-01,2024-03-31,fiscal_year,actual,revenue_account,2026-01-23,2026-01-23,rbi_state_road_finances,https://rbidocs.rbi.org.in/rdocs/Publications/PDFs/0SF23012026877D47254C4F4B0793B2C38F05FB7EC5.PDF,PDF p241; printed p228; Appendix II Roads and Bridges,official_measured,True,0da62779a6cb5441149e0de4bad024d4d63c449dab564f821fdd307ea3e4fc77,Functional Roads and Bridges expenditure includes all road classes; it is not a State Highway-only budget. BE/RE retained separately. Revenue account and capital outlay exclude loans/repayments.,Nagaland,2024,roads_bridges_revenue_expenditure_inr_crore,388.43,official_measured,official,,,,,,,,revenue_account|roads_and_bridges_all_classes,,,,,,
state_nagaland,Nagaland,state_aggregate,State governments,Nagaland,roads_and_bridges_all_classes,roads_bridges_revenue_expenditure_inr_crore,428.037,INR crore,42803.7,INR lakh,2024-04-01,2025-03-31,fiscal_year,BE,revenue_account,2026-01-23,2026-01-23,rbi_state_road_finances,https://rbidocs.rbi.org.in/rdocs/Publications/PDFs/0SF23012026877D47254C4F4B0793B2C38F05FB7EC5.PDF,PDF p241; printed p228; Appendix II Roads and Bridges,official_measured,True,0da62779a6cb5441149e0de4bad024d4d63c449dab564f821fdd307ea3e4fc77,Functional Roads and Bridges expenditure includes all road classes; it is not a State Highway-only budget. BE/RE retained separately. Revenue account and capital outlay exclude loans/repayments.,Nagaland,2025,roads_bridges_revenue_expenditure_inr_crore,428.037,official_measured,official,,,,,,,,revenue_account|roads_and_bridges_all_classes,,,,,,
state_nagaland,Nagaland,state_aggregate,State governments,Nagaland,roads_and_bridges_all_classes,roads_bridges_revenue_expenditure_inr_crore,457.815,INR crore,45781.5,INR lakh,2024-04-01,2025-03-31,fiscal_year,RE,revenue_account,2026-01-23,2026-01-23,rbi_state_road_finances,https://rbidocs.rbi.org.in/rdocs/Publications/PDFs/0SF23012026877D47254C4F4B0793B2C38F05FB7EC5.PDF,PDF p241; printed p228; Appendix II Roads and Bridges,official_measured,True,0da62779a6cb5441149e0de4bad024d4d63c449dab564f821fdd307ea3e4fc77,Functional Roads and Bridges expenditure includes all road classes; it is not a State Highway-only budget. BE/RE retained separately. Revenue account and capital outlay exclude loans/repayments.,Nagaland,2025,roads_bridges_revenue_expenditure_inr_crore,457.815,official_measured,official,,,,,,,,revenue_account|roads_and_bridges_all_classes,,,,,,
state_nagaland,Nagaland,state_aggregate,State governments,Nagaland,roads_and_bridges_all_classes,roads_bridges_revenue_expenditure_inr_crore,447.657,INR crore,44765.7,INR lakh,2025-04-01,2026-03-31,fiscal_year,BE,revenue_account,2026-01-23,2026-01-23,rbi_state_road_finances,https://rbidocs.rbi.org.in/rdocs/Publications/PDFs/0SF23012026877D47254C4F4B0793B2C38F05FB7EC5.PDF,PDF p241; printed p228; Appendix II Roads and Bridges,official_measured,True,0da62779a6cb5441149e0de4bad024d4d63c449dab564f821fdd307ea3e4fc77,Functional Roads and Bridges expenditure includes all road classes; it is not a State Highway-only budget. BE/RE retained separately. Revenue account and capital outlay exclude loans/repayments.,Nagaland,2026,roads_bridges_revenue_expenditure_inr_crore,447.657,official_measured,official,,,,,,,,revenue_account|roads_and_bridges_all_classes,,,,,,
state_odisha,Odisha,state_aggregate,State governments,Odisha,roads_and_bridges_all_classes,roads_bridges_revenue_expenditure_inr_crore,3359.716,INR crore,335971.6,INR lakh,2023-04-01,2024-03-31,fiscal_year,actual,revenue_account,2026-01-23,2026-01-23,rbi_state_road_finances,https://rbidocs.rbi.org.in/rdocs/Publications/PDFs/0SF23012026877D47254C4F4B0793B2C38F05FB7EC5.PDF,PDF p241; printed p228; Appendix II Roads and Bridges,official_measured,True,0da62779a6cb5441149e0de4bad024d4d63c449dab564f821fdd307ea3e4fc77,Functional Roads and Bridges expenditure includes all road classes; it is not a State Highway-only budget. BE/RE retained separately. Revenue account and capital outlay exclude loans/repayments.,Odisha,2024,roads_bridges_revenue_expenditure_inr_crore,3359.716,official_measured,official,,,,,,,,revenue_account|roads_and_bridges_all_classes,,,,,,
state_odisha,Odisha,state_aggregate,State governments,Odisha,roads_and_bridges_all_classes,roads_bridges_revenue_expenditure_inr_crore,3591.6140000000005,INR crore,359161.4,INR lakh,2024-04-01,2025-03-31,fiscal_year,BE,revenue_account,2026-01-23,2026-01-23,rbi_state_road_finances,https://rbidocs.rbi.org.in/rdocs/Publications/PDFs/0SF23012026877D47254C4F4B0793B2C38F05FB7EC5.PDF,PDF p241; printed p228; Appendix II Roads and Bridges,official_measured,True,0da62779a6cb5441149e0de4bad024d4d63c449dab564f821fdd307ea3e4fc77,Functional Roads and Bridges expenditure includes all road classes; it is not a State Highway-only budget. BE/RE retained separately. Revenue account and capital outlay exclude loans/repayments.,Odisha,2025,roads_bridges_revenue_expenditure_inr_crore,3591.6140000000005,official_measured,official,,,,,,,,revenue_account|roads_and_bridges_all_classes,,,,,,
state_odisha,Odisha,state_aggregate,State governments,Odisha,roads_and_bridges_all_classes,roads_bridges_revenue_expenditure_inr_crore,3686.3309999999997,INR crore,368633.1,INR lakh,2024-04-01,2025-03-31,fiscal_year,RE,revenue_account,2026-01-23,2026-01-23,rbi_state_road_finances,https://rbidocs.rbi.org.in/rdocs/Publications/PDFs/0SF23012026877D47254C4F4B0793B2C38F05FB7EC5.PDF,PDF p241; printed p228; Appendix II Roads and Bridges,official_measured,True,0da62779a6cb5441149e0de4bad024d4d63c449dab564f821fdd307ea3e4fc77,Functional Roads and Bridges expenditure includes all road classes; it is not a State Highway-only budget. BE/RE retained separately. Revenue account and capital outlay exclude loans/repayments.,Odisha,2025,roads_bridges_revenue_expenditure_inr_crore,3686.3309999999997,official_measured,official,,,,,,,,revenue_account|roads_and_bridges_all_classes,,,,,,
state_odisha,Odisha,state_aggregate,State governments,Odisha,roads_and_bridges_all_classes,roads_bridges_revenue_expenditure_inr_crore,4197.744000000001,INR crore,419774.4,INR lakh,2025-04-01,2026-03-31,fiscal_year,BE,revenue_account,2026-01-23,2026-01-23,rbi_state_road_finances,https://rbidocs.rbi.org.in/rdocs/Publications/PDFs/0SF23012026877D47254C4F4B0793B2C38F05FB7EC5.PDF,PDF p241; printed p228; Appendix II Roads and Bridges,official_measured,True,0da62779a6cb5441149e0de4bad024d4d63c449dab564f821fdd307ea3e4fc77,Functional Roads and Bridges expenditure includes all road classes; it is not a State Highway-only budget. BE/RE retained separately. Revenue account and capital outlay exclude loans/repayments.,Odisha,2026,roads_bridges_revenue_expenditure_inr_crore,4197.744000000001,official_measured,official,,,,,,,,revenue_account|roads_and_bridges_all_classes,,,,,,
state_punjab,Punjab,state_aggregate,State governments,Punjab,roads_and_bridges_all_classes,roads_bridges_revenue_expenditure_inr_crore,145.92700000000002,INR crore,14592.7,INR lakh,2023-04-01,2024-03-31,fiscal_year,actual,revenue_account,2026-01-23,2026-01-23,rbi_state_road_finances,https://rbidocs.rbi.org.in/rdocs/Publications/PDFs/0SF23012026877D47254C4F4B0793B2C38F05FB7EC5.PDF,PDF p243; printed p230; Appendix II Roads and Bridges,official_measured,True,0da62779a6cb5441149e0de4bad024d4d63c449dab564f821fdd307ea3e4fc77,Functional Roads and Bridges expenditure includes all road classes; it is not a State Highway-only budget. BE/RE retained separately. Revenue account and capital outlay exclude loans/repayments.,Punjab,2024,roads_bridges_revenue_expenditure_inr_crore,145.92700000000002,official_measured,official,,,,,,,,revenue_account|roads_and_bridges_all_classes,,,,,,
state_punjab,Punjab,state_aggregate,State governments,Punjab,roads_and_bridges_all_classes,roads_bridges_revenue_expenditure_inr_crore,192.6,INR crore,19260.0,INR lakh,2024-04-01,2025-03-31,fiscal_year,BE,revenue_account,2026-01-23,2026-01-23,rbi_state_road_finances,https://rbidocs.rbi.org.in/rdocs/Publications/PDFs/0SF23012026877D47254C4F4B0793B2C38F05FB7EC5.PDF,PDF p243; printed p230; Appendix II Roads and Bridges,official_measured,True,0da62779a6cb5441149e0de4bad024d4d63c449dab564f821fdd307ea3e4fc77,Functional Roads and Bridges expenditure includes all road classes; it is not a State Highway-only budget. BE/RE retained separately. Revenue account and capital outlay exclude loans/repayments.,Punjab,2025,roads_bridges_revenue_expenditure_inr_crore,192.6,official_measured,official,,,,,,,,revenue_account|roads_and_bridges_all_classes,,,,,,
state_punjab,Punjab,state_aggregate,State governments,Punjab,roads_and_bridges_all_classes,roads_bridges_revenue_expenditure_inr_crore,213.63,INR crore,21363.0,INR lakh,2024-04-01,2025-03-31,fiscal_year,RE,revenue_account,2026-01-23,2026-01-23,rbi_state_road_finances,https://rbidocs.rbi.org.in/rdocs/Publications/PDFs/0SF23012026877D47254C4F4B0793B2C38F05FB7EC5.PDF,PDF p243; printed p230; Appendix II Roads and Bridges,official_measured,True,0da62779a6cb5441149e0de4bad024d4d63c449dab564f821fdd307ea3e4fc77,Functional Roads and Bridges expenditure includes all road classes; it is not a State Highway-only budget. BE/RE retained separately. Revenue account and capital outlay exclude loans/repayments.,Punjab,2025,roads_bridges_revenue_expenditure_inr_crore,213.63,official_measured,official,,,,,,,,revenue_account|roads_and_bridges_all_classes,,,,,,
state_punjab,Punjab,state_aggregate,State governments,Punjab,roads_and_bridges_all_classes,roads_bridges_revenue_expenditure_inr_crore,234.20000000000002,INR crore,23420.0,INR lakh,2025-04-01,2026-03-31,fiscal_year,BE,revenue_account,2026-01-23,2026-01-23,rbi_state_road_finances,https://rbidocs.rbi.org.in/rdocs/Publications/PDFs/0SF23012026877D47254C4F4B0793B2C38F05FB7EC5.PDF,PDF p243; printed p230; Appendix II Roads and Bridges,official_measured,True,0da62779a6cb5441149e0de4bad024d4d63c449dab564f821fdd307ea3e4fc77,Functional Roads and Bridges expenditure includes all road classes; it is not a State Highway-only budget. BE/RE retained separately. Revenue account and capital outlay exclude loans/repayments.,Punjab,2026,roads_bridges_revenue_expenditure_inr_crore,234.20000000000002,official_measured,official,,,,,,,,revenue_account|roads_and_bridges_all_classes,,,,,,
state_rajasthan,Rajasthan,state_aggregate,State governments,Rajasthan,roads_and_bridges_all_classes,roads_bridges_revenue_expenditure_inr_crore,4553.353,INR crore,455335.3,INR lakh,2023-04-01,2024-03-31,fiscal_year,actual,revenue_account,2026-01-23,2026-01-23,rbi_state_road_finances,https://rbidocs.rbi.org.in/rdocs/Publications/PDFs/0SF23012026877D47254C4F4B0793B2C38F05FB7EC5.PDF,PDF p243; printed p230; Appendix II Roads and Bridges,official_measured,True,0da62779a6cb5441149e0de4bad024d4d63c449dab564f821fdd307ea3e4fc77,Functional Roads and Bridges expenditure includes all road classes; it is not a State Highway-only budget. BE/RE retained separately. Revenue account and capital outlay exclude loans/repayments.,Rajasthan,2024,roads_bridges_revenue_expenditure_inr_crore,4553.353,official_measured,official,,,,,,,,revenue_account|roads_and_bridges_all_classes,,,,,,
state_rajasthan,Rajasthan,state_aggregate,State governments,Rajasthan,roads_and_bridges_all_classes,roads_bridges_revenue_expenditure_inr_crore,2861.951,INR crore,286195.1,INR lakh,2024-04-01,2025-03-31,fiscal_year,BE,revenue_account,2026-01-23,2026-01-23,rbi_state_road_finances,https://rbidocs.rbi.org.in/rdocs/Publications/PDFs/0SF23012026877D47254C4F4B0793B2C38F05FB7EC5.PDF,PDF p243; printed p230; Appendix II Roads and Bridges,official_measured,True,0da62779a6cb5441149e0de4bad024d4d63c449dab564f821fdd307ea3e4fc77,Functional Roads and Bridges expenditure includes all road classes; it is not a State Highway-only budget. BE/RE retained separately. Revenue account and capital outlay exclude loans/repayments.,Rajasthan,2025,roads_bridges_revenue_expenditure_inr_crore,2861.951,official_measured,official,,,,,,,,revenue_account|roads_and_bridges_all_classes,,,,,,
state_rajasthan,Rajasthan,state_aggregate,State governments,Rajasthan,roads_and_bridges_all_classes,roads_bridges_revenue_expenditure_inr_crore,3372.073,INR crore,337207.3,INR lakh,2024-04-01,2025-03-31,fiscal_year,RE,revenue_account,2026-01-23,2026-01-23,rbi_state_road_finances,https://rbidocs.rbi.org.in/rdocs/Publications/PDFs/0SF23012026877D47254C4F4B0793B2C38F05FB7EC5.PDF,PDF p243; printed p230; Appendix II Roads and Bridges,official_measured,True,0da62779a6cb5441149e0de4bad024d4d63c449dab564f821fdd307ea3e4fc77,Functional Roads and Bridges expenditure includes all road classes; it is not a State Highway-only budget. BE/RE retained separately. Revenue account and capital outlay exclude loans/repayments.,Rajasthan,2025,roads_bridges_revenue_expenditure_inr_crore,3372.073,official_measured,official,,,,,,,,revenue_account|roads_and_bridges_all_classes,,,,,,
state_rajasthan,Rajasthan,state_aggregate,State governments,Rajasthan,roads_and_bridges_all_classes,roads_bridges_revenue_expenditure_inr_crore,3642.951,INR crore,364295.1,INR lakh,2025-04-01,2026-03-31,fiscal_year,BE,revenue_account,2026-01-23,2026-01-23,rbi_state_road_finances,https://rbidocs.rbi.org.in/rdocs/Publications/PDFs/0SF23012026877D47254C4F4B0793B2C38F05FB7EC5.PDF,PDF p243; printed p230; Appendix II Roads and Bridges,official_measured,True,0da62779a6cb5441149e0de4bad024d4d63c449dab564f821fdd307ea3e4fc77,Functional Roads and Bridges expenditure includes all road classes; it is not a State Highway-only budget. BE/RE retained separately. Revenue account and capital outlay exclude loans/repayments.,Rajasthan,2026,roads_bridges_revenue_expenditure_inr_crore,3642.951,official_measured,official,,,,,,,,revenue_account|roads_and_bridges_all_classes,,,,,,
state_sikkim,Sikkim,state_aggregate,State governments,Sikkim,roads_and_bridges_all_classes,roads_bridges_revenue_expenditure_inr_crore,301.07099999999997,INR crore,30107.1,INR lakh,2023-04-01,2024-03-31,fiscal_year,actual,revenue_account,2026-01-23,2026-01-23,rbi_state_road_finances,https://rbidocs.rbi.org.in/rdocs/Publications/PDFs/0SF23012026877D47254C4F4B0793B2C38F05FB7EC5.PDF,PDF p245; printed p232; Appendix II Roads and Bridges,official_measured,True,0da62779a6cb5441149e0de4bad024d4d63c449dab564f821fdd307ea3e4fc77,Functional Roads and Bridges expenditure includes all road classes; it is not a State Highway-only budget. BE/RE retained separately. Revenue account and capital outlay exclude loans/repayments.,Sikkim,2024,roads_bridges_revenue_expenditure_inr_crore,301.07099999999997,official_measured,official,,,,,,,,revenue_account|roads_and_bridges_all_classes,,,,,,
state_sikkim,Sikkim,state_aggregate,State governments,Sikkim,roads_and_bridges_all_classes,roads_bridges_revenue_expenditure_inr_crore,329.16900000000004,INR crore,32916.9,INR lakh,2024-04-01,2025-03-31,fiscal_year,BE,revenue_account,2026-01-23,2026-01-23,rbi_state_road_finances,https://rbidocs.rbi.org.in/rdocs/Publications/PDFs/0SF23012026877D47254C4F4B0793B2C38F05FB7EC5.PDF,PDF p245; printed p232; Appendix II Roads and Bridges,official_measured,True,0da62779a6cb5441149e0de4bad024d4d63c449dab564f821fdd307ea3e4fc77,Functional Roads and Bridges expenditure includes all road classes; it is not a State Highway-only budget. BE/RE retained separately. Revenue account and capital outlay exclude loans/repayments.,Sikkim,2025,roads_bridges_revenue_expenditure_inr_crore,329.16900000000004,official_measured,official,,,,,,,,revenue_account|roads_and_bridges_all_classes,,,,,,
state_sikkim,Sikkim,state_aggregate,State governments,Sikkim,roads_and_bridges_all_classes,roads_bridges_revenue_expenditure_inr_crore,328.41,INR crore,32841.0,INR lakh,2024-04-01,2025-03-31,fiscal_year,RE,revenue_account,2026-01-23,2026-01-23,rbi_state_road_finances,https://rbidocs.rbi.org.in/rdocs/Publications/PDFs/0SF23012026877D47254C4F4B0793B2C38F05FB7EC5.PDF,PDF p245; printed p232; Appendix II Roads and Bridges,official_measured,True,0da62779a6cb5441149e0de4bad024d4d63c449dab564f821fdd307ea3e4fc77,Functional Roads and Bridges expenditure includes all road classes; it is not a State Highway-only budget. BE/RE retained separately. Revenue account and capital outlay exclude loans/repayments.,Sikkim,2025,roads_bridges_revenue_expenditure_inr_crore,328.41,official_measured,official,,,,,,,,revenue_account|roads_and_bridges_all_classes,,,,,,
state_sikkim,Sikkim,state_aggregate,State governments,Sikkim,roads_and_bridges_all_classes,roads_bridges_revenue_expenditure_inr_crore,392.221,INR crore,39222.1,INR lakh,2025-04-01,2026-03-31,fiscal_year,BE,revenue_account,2026-01-23,2026-01-23,rbi_state_road_finances,https://rbidocs.rbi.org.in/rdocs/Publications/PDFs/0SF23012026877D47254C4F4B0793B2C38F05FB7EC5.PDF,PDF p245; printed p232; Appendix II Roads and Bridges,official_measured,True,0da62779a6cb5441149e0de4bad024d4d63c449dab564f821fdd307ea3e4fc77,Functional Roads and Bridges expenditure includes all road classes; it is not a State Highway-only budget. BE/RE retained separately. Revenue account and capital outlay exclude loans/repayments.,Sikkim,2026,roads_bridges_revenue_expenditure_inr_crore,392.221,official_measured,official,,,,,,,,revenue_account|roads_and_bridges_all_classes,,,,,,
state_tamil_nadu,Tamil Nadu,state_aggregate,State governments,Tamil Nadu,roads_and_bridges_all_classes,roads_bridges_revenue_expenditure_inr_crore,1420.4850000000001,INR crore,142048.5,INR lakh,2023-04-01,2024-03-31,fiscal_year,actual,revenue_account,2026-01-23,2026-01-23,rbi_state_road_finances,https://rbidocs.rbi.org.in/rdocs/Publications/PDFs/0SF23012026877D47254C4F4B0793B2C38F05FB7EC5.PDF,PDF p245; printed p232; Appendix II Roads and Bridges,official_measured,True,0da62779a6cb5441149e0de4bad024d4d63c449dab564f821fdd307ea3e4fc77,Functional Roads and Bridges expenditure includes all road classes; it is not a State Highway-only budget. BE/RE retained separately. Revenue account and capital outlay exclude loans/repayments.,Tamil Nadu,2024,roads_bridges_revenue_expenditure_inr_crore,1420.4850000000001,official_measured,official,,,,,,,,revenue_account|roads_and_bridges_all_classes,,,,,,
state_tamil_nadu,Tamil Nadu,state_aggregate,State governments,Tamil Nadu,roads_and_bridges_all_classes,roads_bridges_revenue_expenditure_inr_crore,1523.604,INR crore,152360.4,INR lakh,2024-04-01,2025-03-31,fiscal_year,BE,revenue_account,2026-01-23,2026-01-23,rbi_state_road_finances,https://rbidocs.rbi.org.in/rdocs/Publications/PDFs/0SF23012026877D47254C4F4B0793B2C38F05FB7EC5.PDF,PDF p245; printed p232; Appendix II Roads and Bridges,official_measured,True,0da62779a6cb5441149e0de4bad024d4d63c449dab564f821fdd307ea3e4fc77,Functional Roads and Bridges expenditure includes all road classes; it is not a State Highway-only budget. BE/RE retained separately. Revenue account and capital outlay exclude loans/repayments.,Tamil Nadu,2025,roads_bridges_revenue_expenditure_inr_crore,1523.604,official_measured,official,,,,,,,,revenue_account|roads_and_bridges_all_classes,,,,,,
state_tamil_nadu,Tamil Nadu,state_aggregate,State governments,Tamil Nadu,roads_and_bridges_all_classes,roads_bridges_revenue_expenditure_inr_crore,1516.457,INR crore,151645.7,INR lakh,2024-04-01,2025-03-31,fiscal_year,RE,revenue_account,2026-01-23,2026-01-23,rbi_state_road_finances,https://rbidocs.rbi.org.in/rdocs/Publications/PDFs/0SF23012026877D47254C4F4B0793B2C38F05FB7EC5.PDF,PDF p245; printed p232; Appendix II Roads and Bridges,official_measured,True,0da62779a6cb5441149e0de4bad024d4d63c449dab564f821fdd307ea3e4fc77,Functional Roads and Bridges expenditure includes all road classes; it is not a State Highway-only budget. BE/RE retained separately. Revenue account and capital outlay exclude loans/repayments.,Tamil Nadu,2025,roads_bridges_revenue_expenditure_inr_crore,1516.457,official_measured,official,,,,,,,,revenue_account|roads_and_bridges_all_classes,,,,,,
state_tamil_nadu,Tamil Nadu,state_aggregate,State governments,Tamil Nadu,roads_and_bridges_all_classes,roads_bridges_revenue_expenditure_inr_crore,1857.6229999999998,INR crore,185762.3,INR lakh,2025-04-01,2026-03-31,fiscal_year,BE,revenue_account,2026-01-23,2026-01-23,rbi_state_road_finances,https://rbidocs.rbi.org.in/rdocs/Publications/PDFs/0SF23012026877D47254C4F4B0793B2C38F05FB7EC5.PDF,PDF p245; printed p232; Appendix II Roads and Bridges,official_measured,True,0da62779a6cb5441149e0de4bad024d4d63c449dab564f821fdd307ea3e4fc77,Functional Roads and Bridges expenditure includes all road classes; it is not a State Highway-only budget. BE/RE retained separately. Revenue account and capital outlay exclude loans/repayments.,Tamil Nadu,2026,roads_bridges_revenue_expenditure_inr_crore,1857.6229999999998,official_measured,official,,,,,,,,revenue_account|roads_and_bridges_all_classes,,,,,,
state_telangana,Telangana,state_aggregate,State governments,Telangana,roads_and_bridges_all_classes,roads_bridges_revenue_expenditure_inr_crore,1485.621,INR crore,148562.1,INR lakh,2023-04-01,2024-03-31,fiscal_year,actual,revenue_account,2026-01-23,2026-01-23,rbi_state_road_finances,https://rbidocs.rbi.org.in/rdocs/Publications/PDFs/0SF23012026877D47254C4F4B0793B2C38F05FB7EC5.PDF,PDF p247; printed p234; Appendix II Roads and Bridges,official_measured,True,0da62779a6cb5441149e0de4bad024d4d63c449dab564f821fdd307ea3e4fc77,Functional Roads and Bridges expenditure includes all road classes; it is not a State Highway-only budget. BE/RE retained separately. Revenue account and capital outlay exclude loans/repayments.,Telangana,2024,roads_bridges_revenue_expenditure_inr_crore,1485.621,official_measured,official,,,,,,,,revenue_account|roads_and_bridges_all_classes,,,,,,
state_telangana,Telangana,state_aggregate,State governments,Telangana,roads_and_bridges_all_classes,roads_bridges_revenue_expenditure_inr_crore,1663.8220000000001,INR crore,166382.2,INR lakh,2024-04-01,2025-03-31,fiscal_year,BE,revenue_account,2026-01-23,2026-01-23,rbi_state_road_finances,https://rbidocs.rbi.org.in/rdocs/Publications/PDFs/0SF23012026877D47254C4F4B0793B2C38F05FB7EC5.PDF,PDF p247; printed p234; Appendix II Roads and Bridges,official_measured,True,0da62779a6cb5441149e0de4bad024d4d63c449dab564f821fdd307ea3e4fc77,Functional Roads and Bridges expenditure includes all road classes; it is not a State Highway-only budget. BE/RE retained separately. Revenue account and capital outlay exclude loans/repayments.,Telangana,2025,roads_bridges_revenue_expenditure_inr_crore,1663.8220000000001,official_measured,official,,,,,,,,revenue_account|roads_and_bridges_all_classes,,,,,,
state_telangana,Telangana,state_aggregate,State governments,Telangana,roads_and_bridges_all_classes,roads_bridges_revenue_expenditure_inr_crore,1663.8220000000001,INR crore,166382.2,INR lakh,2024-04-01,2025-03-31,fiscal_year,RE,revenue_account,2026-01-23,2026-01-23,rbi_state_road_finances,https://rbidocs.rbi.org.in/rdocs/Publications/PDFs/0SF23012026877D47254C4F4B0793B2C38F05FB7EC5.PDF,PDF p247; printed p234; Appendix II Roads and Bridges,official_measured,True,0da62779a6cb5441149e0de4bad024d4d63c449dab564f821fdd307ea3e4fc77,Functional Roads and Bridges expenditure includes all road classes; it is not a State Highway-only budget. BE/RE retained separately. Revenue account and capital outlay exclude loans/repayments.,Telangana,2025,roads_bridges_revenue_expenditure_inr_crore,1663.8220000000001,official_measured,official,,,,,,,,revenue_account|roads_and_bridges_all_classes,,,,,,
state_telangana,Telangana,state_aggregate,State governments,Telangana,roads_and_bridges_all_classes,roads_bridges_revenue_expenditure_inr_crore,1607.38,INR crore,160738.0,INR lakh,2025-04-01,2026-03-31,fiscal_year,BE,revenue_account,2026-01-23,2026-01-23,rbi_state_road_finances,https://rbidocs.rbi.org.in/rdocs/Publications/PDFs/0SF23012026877D47254C4F4B0793B2C38F05FB7EC5.PDF,PDF p247; printed p234; Appendix II Roads and Bridges,official_measured,True,0da62779a6cb5441149e0de4bad024d4d63c449dab564f821fdd307ea3e4fc77,Functional Roads and Bridges expenditure includes all road classes; it is not a State Highway-only budget. BE/RE retained separately. Revenue account and capital outlay exclude loans/repayments.,Telangana,2026,roads_bridges_revenue_expenditure_inr_crore,1607.38,official_measured,official,,,,,,,,revenue_account|roads_and_bridges_all_classes,,,,,,
state_tripura,Tripura,state_aggregate,State governments,Tripura,roads_and_bridges_all_classes,roads_bridges_revenue_expenditure_inr_crore,349.146,INR crore,34914.6,INR lakh,2023-04-01,2024-03-31,fiscal_year,actual,revenue_account,2026-01-23,2026-01-23,rbi_state_road_finances,https://rbidocs.rbi.org.in/rdocs/Publications/PDFs/0SF23012026877D47254C4F4B0793B2C38F05FB7EC5.PDF,PDF p247; printed p234; Appendix II Roads and Bridges,official_measured,True,0da62779a6cb5441149e0de4bad024d4d63c449dab564f821fdd307ea3e4fc77,Functional Roads and Bridges expenditure includes all road classes; it is not a State Highway-only budget. BE/RE retained separately. Revenue account and capital outlay exclude loans/repayments.,Tripura,2024,roads_bridges_revenue_expenditure_inr_crore,349.146,official_measured,official,,,,,,,,revenue_account|roads_and_bridges_all_classes,,,,,,
state_tripura,Tripura,state_aggregate,State governments,Tripura,roads_and_bridges_all_classes,roads_bridges_revenue_expenditure_inr_crore,393.8,INR crore,39380.0,INR lakh,2024-04-01,2025-03-31,fiscal_year,BE,revenue_account,2026-01-23,2026-01-23,rbi_state_road_finances,https://rbidocs.rbi.org.in/rdocs/Publications/PDFs/0SF23012026877D47254C4F4B0793B2C38F05FB7EC5.PDF,PDF p247; printed p234; Appendix II Roads and Bridges,official_measured,True,0da62779a6cb5441149e0de4bad024d4d63c449dab564f821fdd307ea3e4fc77,Functional Roads and Bridges expenditure includes all road classes; it is not a State Highway-only budget. BE/RE retained separately. Revenue account and capital outlay exclude loans/repayments.,Tripura,2025,roads_bridges_revenue_expenditure_inr_crore,393.8,official_measured,official,,,,,,,,revenue_account|roads_and_bridges_all_classes,,,,,,
state_tripura,Tripura,state_aggregate,State governments,Tripura,roads_and_bridges_all_classes,roads_bridges_revenue_expenditure_inr_crore,583.128,INR crore,58312.8,INR lakh,2024-04-01,2025-03-31,fiscal_year,RE,revenue_account,2026-01-23,2026-01-23,rbi_state_road_finances,https://rbidocs.rbi.org.in/rdocs/Publications/PDFs/0SF23012026877D47254C4F4B0793B2C38F05FB7EC5.PDF,PDF p247; printed p234; Appendix II Roads and Bridges,official_measured,True,0da62779a6cb5441149e0de4bad024d4d63c449dab564f821fdd307ea3e4fc77,Functional Roads and Bridges expenditure includes all road classes; it is not a State Highway-only budget. BE/RE retained separately. Revenue account and capital outlay exclude loans/repayments.,Tripura,2025,roads_bridges_revenue_expenditure_inr_crore,583.128,official_measured,official,,,,,,,,revenue_account|roads_and_bridges_all_classes,,,,,,
state_tripura,Tripura,state_aggregate,State governments,Tripura,roads_and_bridges_all_classes,roads_bridges_revenue_expenditure_inr_crore,544.837,INR crore,54483.7,INR lakh,2025-04-01,2026-03-31,fiscal_year,BE,revenue_account,2026-01-23,2026-01-23,rbi_state_road_finances,https://rbidocs.rbi.org.in/rdocs/Publications/PDFs/0SF23012026877D47254C4F4B0793B2C38F05FB7EC5.PDF,PDF p247; printed p234; Appendix II Roads and Bridges,official_measured,True,0da62779a6cb5441149e0de4bad024d4d63c449dab564f821fdd307ea3e4fc77,Functional Roads and Bridges expenditure includes all road classes; it is not a State Highway-only budget. BE/RE retained separately. Revenue account and capital outlay exclude loans/repayments.,Tripura,2026,roads_bridges_revenue_expenditure_inr_crore,544.837,official_measured,official,,,,,,,,revenue_account|roads_and_bridges_all_classes,,,,,,
state_uttarakhand,Uttarakhand,state_aggregate,State governments,Uttarakhand,roads_and_bridges_all_classes,roads_bridges_revenue_expenditure_inr_crore,886.561,INR crore,88656.1,INR lakh,2023-04-01,2024-03-31,fiscal_year,actual,revenue_account,2026-01-23,2026-01-23,rbi_state_road_finances,https://rbidocs.rbi.org.in/rdocs/Publications/PDFs/0SF23012026877D47254C4F4B0793B2C38F05FB7EC5.PDF,PDF p249; printed p236; Appendix II Roads and Bridges,official_measured,True,0da62779a6cb5441149e0de4bad024d4d63c449dab564f821fdd307ea3e4fc77,Functional Roads and Bridges expenditure includes all road classes; it is not a State Highway-only budget. BE/RE retained separately. Revenue account and capital outlay exclude loans/repayments.,Uttarakhand,2024,roads_bridges_revenue_expenditure_inr_crore,886.561,official_measured,official,,,,,,,,revenue_account|roads_and_bridges_all_classes,,,,,,
state_uttarakhand,Uttarakhand,state_aggregate,State governments,Uttarakhand,roads_and_bridges_all_classes,roads_bridges_revenue_expenditure_inr_crore,950.72,INR crore,95072.0,INR lakh,2024-04-01,2025-03-31,fiscal_year,BE,revenue_account,2026-01-23,2026-01-23,rbi_state_road_finances,https://rbidocs.rbi.org.in/rdocs/Publications/PDFs/0SF23012026877D47254C4F4B0793B2C38F05FB7EC5.PDF,PDF p249; printed p236; Appendix II Roads and Bridges,official_measured,True,0da62779a6cb5441149e0de4bad024d4d63c449dab564f821fdd307ea3e4fc77,Functional Roads and Bridges expenditure includes all road classes; it is not a State Highway-only budget. BE/RE retained separately. Revenue account and capital outlay exclude loans/repayments.,Uttarakhand,2025,roads_bridges_revenue_expenditure_inr_crore,950.72,official_measured,official,,,,,,,,revenue_account|roads_and_bridges_all_classes,,,,,,
state_uttarakhand,Uttarakhand,state_aggregate,State governments,Uttarakhand,roads_and_bridges_all_classes,roads_bridges_revenue_expenditure_inr_crore,1044.72,INR crore,104472.0,INR lakh,2024-04-01,2025-03-31,fiscal_year,RE,revenue_account,2026-01-23,2026-01-23,rbi_state_road_finances,https://rbidocs.rbi.org.in/rdocs/Publications/PDFs/0SF23012026877D47254C4F4B0793B2C38F05FB7EC5.PDF,PDF p249; printed p236; Appendix II Roads and Bridges,official_measured,True,0da62779a6cb5441149e0de4bad024d4d63c449dab564f821fdd307ea3e4fc77,Functional Roads and Bridges expenditure includes all road classes; it is not a State Highway-only budget. BE/RE retained separately. Revenue account and capital outlay exclude loans/repayments.,Uttarakhand,2025,roads_bridges_revenue_expenditure_inr_crore,1044.72,official_measured,official,,,,,,,,revenue_account|roads_and_bridges_all_classes,,,,,,
state_uttarakhand,Uttarakhand,state_aggregate,State governments,Uttarakhand,roads_and_bridges_all_classes,roads_bridges_revenue_expenditure_inr_crore,938.57,INR crore,93857.0,INR lakh,2025-04-01,2026-03-31,fiscal_year,BE,revenue_account,2026-01-23,2026-01-23,rbi_state_road_finances,https://rbidocs.rbi.org.in/rdocs/Publications/PDFs/0SF23012026877D47254C4F4B0793B2C38F05FB7EC5.PDF,PDF p249; printed p236; Appendix II Roads and Bridges,official_measured,True,0da62779a6cb5441149e0de4bad024d4d63c449dab564f821fdd307ea3e4fc77,Functional Roads and Bridges expenditure includes all road classes; it is not a State Highway-only budget. BE/RE retained separately. Revenue account and capital outlay exclude loans/repayments.,Uttarakhand,2026,roads_bridges_revenue_expenditure_inr_crore,938.57,official_measured,official,,,,,,,,revenue_account|roads_and_bridges_all_classes,,,,,,
state_uttar_pradesh,Uttar Pradesh,state_aggregate,State governments,Uttar Pradesh,roads_and_bridges_all_classes,roads_bridges_revenue_expenditure_inr_crore,10228.541,INR crore,1022854.1,INR lakh,2023-04-01,2024-03-31,fiscal_year,actual,revenue_account,2026-01-23,2026-01-23,rbi_state_road_finances,https://rbidocs.rbi.org.in/rdocs/Publications/PDFs/0SF23012026877D47254C4F4B0793B2C38F05FB7EC5.PDF,PDF p249; printed p236; Appendix II Roads and Bridges,official_measured,True,0da62779a6cb5441149e0de4bad024d4d63c449dab564f821fdd307ea3e4fc77,Functional Roads and Bridges expenditure includes all road classes; it is not a State Highway-only budget. BE/RE retained separately. Revenue account and capital outlay exclude loans/repayments.,Uttar Pradesh,2024,roads_bridges_revenue_expenditure_inr_crore,10228.541,official_measured,official,,,,,,,,revenue_account|roads_and_bridges_all_classes,,,,,,
state_uttar_pradesh,Uttar Pradesh,state_aggregate,State governments,Uttar Pradesh,roads_and_bridges_all_classes,roads_bridges_revenue_expenditure_inr_crore,7046.150000000001,INR crore,704615.0,INR lakh,2024-04-01,2025-03-31,fiscal_year,BE,revenue_account,2026-01-23,2026-01-23,rbi_state_road_finances,https://rbidocs.rbi.org.in/rdocs/Publications/PDFs/0SF23012026877D47254C4F4B0793B2C38F05FB7EC5.PDF,PDF p249; printed p236; Appendix II Roads and Bridges,official_measured,True,0da62779a6cb5441149e0de4bad024d4d63c449dab564f821fdd307ea3e4fc77,Functional Roads and Bridges expenditure includes all road classes; it is not a State Highway-only budget. BE/RE retained separately. Revenue account and capital outlay exclude loans/repayments.,Uttar Pradesh,2025,roads_bridges_revenue_expenditure_inr_crore,7046.150000000001,official_measured,official,,,,,,,,revenue_account|roads_and_bridges_all_classes,,,,,,
state_uttar_pradesh,Uttar Pradesh,state_aggregate,State governments,Uttar Pradesh,roads_and_bridges_all_classes,roads_bridges_revenue_expenditure_inr_crore,7564.68,INR crore,756468.0,INR lakh,2024-04-01,2025-03-31,fiscal_year,RE,revenue_account,2026-01-23,2026-01-23,rbi_state_road_finances,https://rbidocs.rbi.org.in/rdocs/Publications/PDFs/0SF23012026877D47254C4F4B0793B2C38F05FB7EC5.PDF,PDF p249; printed p236; Appendix II Roads and Bridges,official_measured,True,0da62779a6cb5441149e0de4bad024d4d63c449dab564f821fdd307ea3e4fc77,Functional Roads and Bridges expenditure includes all road classes; it is not a State Highway-only budget. BE/RE retained separately. Revenue account and capital outlay exclude loans/repayments.,Uttar Pradesh,2025,roads_bridges_revenue_expenditure_inr_crore,7564.68,official_measured,official,,,,,,,,revenue_account|roads_and_bridges_all_classes,,,,,,
state_uttar_pradesh,Uttar Pradesh,state_aggregate,State governments,Uttar Pradesh,roads_and_bridges_all_classes,roads_bridges_revenue_expenditure_inr_crore,8138.408,INR crore,813840.8,INR lakh,2025-04-01,2026-03-31,fiscal_year,BE,revenue_account,2026-01-23,2026-01-23,rbi_state_road_finances,https://rbidocs.rbi.org.in/rdocs/Publications/PDFs/0SF23012026877D47254C4F4B0793B2C38F05FB7EC5.PDF,PDF p249; printed p236; Appendix II Roads and Bridges,official_measured,True,0da62779a6cb5441149e0de4bad024d4d63c449dab564f821fdd307ea3e4fc77,Functional Roads and Bridges expenditure includes all road classes; it is not a State Highway-only budget. BE/RE retained separately. Revenue account and capital outlay exclude loans/repayments.,Uttar Pradesh,2026,roads_bridges_revenue_expenditure_inr_crore,8138.408,official_measured,official,,,,,,,,revenue_account|roads_and_bridges_all_classes,,,,,,
state_west_bengal,West Bengal,state_aggregate,State governments,West Bengal,roads_and_bridges_all_classes,roads_bridges_revenue_expenditure_inr_crore,872.673,INR crore,87267.3,INR lakh,2023-04-01,2024-03-31,fiscal_year,actual,revenue_account,2026-01-23,2026-01-23,rbi_state_road_finances,https://rbidocs.rbi.org.in/rdocs/Publications/PDFs/0SF23012026877D47254C4F4B0793B2C38F05FB7EC5.PDF,PDF p251; printed p238; Appendix II Roads and Bridges,official_measured,True,0da62779a6cb5441149e0de4bad024d4d63c449dab564f821fdd307ea3e4fc77,Functional Roads and Bridges expenditure includes all road classes; it is not a State Highway-only budget. BE/RE retained separately. Revenue account and capital outlay exclude loans/repayments.,West Bengal,2024,roads_bridges_revenue_expenditure_inr_crore,872.673,official_measured,official,,,,,,,,revenue_account|roads_and_bridges_all_classes,,,,,,
state_west_bengal,West Bengal,state_aggregate,State governments,West Bengal,roads_and_bridges_all_classes,roads_bridges_revenue_expenditure_inr_crore,606.298,INR crore,60629.8,INR lakh,2024-04-01,2025-03-31,fiscal_year,BE,revenue_account,2026-01-23,2026-01-23,rbi_state_road_finances,https://rbidocs.rbi.org.in/rdocs/Publications/PDFs/0SF23012026877D47254C4F4B0793B2C38F05FB7EC5.PDF,PDF p251; printed p238; Appendix II Roads and Bridges,official_measured,True,0da62779a6cb5441149e0de4bad024d4d63c449dab564f821fdd307ea3e4fc77,Functional Roads and Bridges expenditure includes all road classes; it is not a State Highway-only budget. BE/RE retained separately. Revenue account and capital outlay exclude loans/repayments.,West Bengal,2025,roads_bridges_revenue_expenditure_inr_crore,606.298,official_measured,official,,,,,,,,revenue_account|roads_and_bridges_all_classes,,,,,,
state_west_bengal,West Bengal,state_aggregate,State governments,West Bengal,roads_and_bridges_all_classes,roads_bridges_revenue_expenditure_inr_crore,980.171,INR crore,98017.1,INR lakh,2024-04-01,2025-03-31,fiscal_year,RE,revenue_account,2026-01-23,2026-01-23,rbi_state_road_finances,https://rbidocs.rbi.org.in/rdocs/Publications/PDFs/0SF23012026877D47254C4F4B0793B2C38F05FB7EC5.PDF,PDF p251; printed p238; Appendix II Roads and Bridges,official_measured,True,0da62779a6cb5441149e0de4bad024d4d63c449dab564f821fdd307ea3e4fc77,Functional Roads and Bridges expenditure includes all road classes; it is not a State Highway-only budget. BE/RE retained separately. Revenue account and capital outlay exclude loans/repayments.,West Bengal,2025,roads_bridges_revenue_expenditure_inr_crore,980.171,official_measured,official,,,,,,,,revenue_account|roads_and_bridges_all_classes,,,,,,
state_west_bengal,West Bengal,state_aggregate,State governments,West Bengal,roads_and_bridges_all_classes,roads_bridges_revenue_expenditure_inr_crore,1653.007,INR crore,165300.7,INR lakh,2025-04-01,2026-03-31,fiscal_year,BE,revenue_account,2026-01-23,2026-01-23,rbi_state_road_finances,https://rbidocs.rbi.org.in/rdocs/Publications/PDFs/0SF23012026877D47254C4F4B0793B2C38F05FB7EC5.PDF,PDF p251; printed p238; Appendix II Roads and Bridges,official_measured,True,0da62779a6cb5441149e0de4bad024d4d63c449dab564f821fdd307ea3e4fc77,Functional Roads and Bridges expenditure includes all road classes; it is not a State Highway-only budget. BE/RE retained separately. Revenue account and capital outlay exclude loans/repayments.,West Bengal,2026,roads_bridges_revenue_expenditure_inr_crore,1653.007,official_measured,official,,,,,,,,revenue_account|roads_and_bridges_all_classes,,,,,,
state_delhi,Delhi,state_aggregate,State governments,Delhi,roads_and_bridges_all_classes,roads_bridges_revenue_expenditure_inr_crore,827.681,INR crore,82768.1,INR lakh,2023-04-01,2024-03-31,fiscal_year,actual,revenue_account,2026-01-23,2026-01-23,rbi_state_road_finances,https://rbidocs.rbi.org.in/rdocs/Publications/PDFs/0SF23012026877D47254C4F4B0793B2C38F05FB7EC5.PDF,PDF p253; printed p240; Appendix II Roads and Bridges,official_measured,True,0da62779a6cb5441149e0de4bad024d4d63c449dab564f821fdd307ea3e4fc77,Functional Roads and Bridges expenditure includes all road classes; it is not a State Highway-only budget. BE/RE retained separately. Revenue account and capital outlay exclude loans/repayments.,Delhi,2024,roads_bridges_revenue_expenditure_inr_crore,827.681,official_measured,official,,,,,,,,revenue_account|roads_and_bridges_all_classes,,,,,,
state_delhi,Delhi,state_aggregate,State governments,Delhi,roads_and_bridges_all_classes,roads_bridges_revenue_expenditure_inr_crore,552.0,INR crore,55200.0,INR lakh,2024-04-01,2025-03-31,fiscal_year,BE,revenue_account,2026-01-23,2026-01-23,rbi_state_road_finances,https://rbidocs.rbi.org.in/rdocs/Publications/PDFs/0SF23012026877D47254C4F4B0793B2C38F05FB7EC5.PDF,PDF p253; printed p240; Appendix II Roads and Bridges,official_measured,True,0da62779a6cb5441149e0de4bad024d4d63c449dab564f821fdd307ea3e4fc77,Functional Roads and Bridges expenditure includes all road classes; it is not a State Highway-only budget. BE/RE retained separately. Revenue account and capital outlay exclude loans/repayments.,Delhi,2025,roads_bridges_revenue_expenditure_inr_crore,552.0,official_measured,official,,,,,,,,revenue_account|roads_and_bridges_all_classes,,,,,,
state_delhi,Delhi,state_aggregate,State governments,Delhi,roads_and_bridges_all_classes,roads_bridges_revenue_expenditure_inr_crore,615.836,INR crore,61583.6,INR lakh,2024-04-01,2025-03-31,fiscal_year,RE,revenue_account,2026-01-23,2026-01-23,rbi_state_road_finances,https://rbidocs.rbi.org.in/rdocs/Publications/PDFs/0SF23012026877D47254C4F4B0793B2C38F05FB7EC5.PDF,PDF p253; printed p240; Appendix II Roads and Bridges,official_measured,True,0da62779a6cb5441149e0de4bad024d4d63c449dab564f821fdd307ea3e4fc77,Functional Roads and Bridges expenditure includes all road classes; it is not a State Highway-only budget. BE/RE retained separately. Revenue account and capital outlay exclude loans/repayments.,Delhi,2025,roads_bridges_revenue_expenditure_inr_crore,615.836,official_measured,official,,,,,,,,revenue_account|roads_and_bridges_all_classes,,,,,,
state_delhi,Delhi,state_aggregate,State governments,Delhi,roads_and_bridges_all_classes,roads_bridges_revenue_expenditure_inr_crore,789.3530000000001,INR crore,78935.3,INR lakh,2025-04-01,2026-03-31,fiscal_year,BE,revenue_account,2026-01-23,2026-01-23,rbi_state_road_finances,https://rbidocs.rbi.org.in/rdocs/Publications/PDFs/0SF23012026877D47254C4F4B0793B2C38F05FB7EC5.PDF,PDF p253; printed p240; Appendix II Roads and Bridges,official_measured,True,0da62779a6cb5441149e0de4bad024d4d63c449dab564f821fdd307ea3e4fc77,Functional Roads and Bridges expenditure includes all road classes; it is not a State Highway-only budget. BE/RE retained separately. Revenue account and capital outlay exclude loans/repayments.,Delhi,2026,roads_bridges_revenue_expenditure_inr_crore,789.3530000000001,official_measured,official,,,,,,,,revenue_account|roads_and_bridges_all_classes,,,,,,
state_puducherry,Puducherry,state_aggregate,State governments,Puducherry,roads_and_bridges_all_classes,roads_bridges_revenue_expenditure_inr_crore,41.461999999999996,INR crore,4146.2,INR lakh,2023-04-01,2024-03-31,fiscal_year,actual,revenue_account,2026-01-23,2026-01-23,rbi_state_road_finances,https://rbidocs.rbi.org.in/rdocs/Publications/PDFs/0SF23012026877D47254C4F4B0793B2C38F05FB7EC5.PDF,PDF p253; printed p240; Appendix II Roads and Bridges,official_measured,True,0da62779a6cb5441149e0de4bad024d4d63c449dab564f821fdd307ea3e4fc77,Functional Roads and Bridges expenditure includes all road classes; it is not a State Highway-only budget. BE/RE retained separately. Revenue account and capital outlay exclude loans/repayments.,Puducherry,2024,roads_bridges_revenue_expenditure_inr_crore,41.461999999999996,official_measured,official,,,,,,,,revenue_account|roads_and_bridges_all_classes,,,,,,
state_puducherry,Puducherry,state_aggregate,State governments,Puducherry,roads_and_bridges_all_classes,roads_bridges_revenue_expenditure_inr_crore,46.79,INR crore,4679.0,INR lakh,2024-04-01,2025-03-31,fiscal_year,BE,revenue_account,2026-01-23,2026-01-23,rbi_state_road_finances,https://rbidocs.rbi.org.in/rdocs/Publications/PDFs/0SF23012026877D47254C4F4B0793B2C38F05FB7EC5.PDF,PDF p253; printed p240; Appendix II Roads and Bridges,official_measured,True,0da62779a6cb5441149e0de4bad024d4d63c449dab564f821fdd307ea3e4fc77,Functional Roads and Bridges expenditure includes all road classes; it is not a State Highway-only budget. BE/RE retained separately. Revenue account and capital outlay exclude loans/repayments.,Puducherry,2025,roads_bridges_revenue_expenditure_inr_crore,46.79,official_measured,official,,,,,,,,revenue_account|roads_and_bridges_all_classes,,,,,,
state_puducherry,Puducherry,state_aggregate,State governments,Puducherry,roads_and_bridges_all_classes,roads_bridges_revenue_expenditure_inr_crore,42.321000000000005,INR crore,4232.1,INR lakh,2024-04-01,2025-03-31,fiscal_year,RE,revenue_account,2026-01-23,2026-01-23,rbi_state_road_finances,https://rbidocs.rbi.org.in/rdocs/Publications/PDFs/0SF23012026877D47254C4F4B0793B2C38F05FB7EC5.PDF,PDF p253; printed p240; Appendix II Roads and Bridges,official_measured,True,0da62779a6cb5441149e0de4bad024d4d63c449dab564f821fdd307ea3e4fc77,Functional Roads and Bridges expenditure includes all road classes; it is not a State Highway-only budget. BE/RE retained separately. Revenue account and capital outlay exclude loans/repayments.,Puducherry,2025,roads_bridges_revenue_expenditure_inr_crore,42.321000000000005,official_measured,official,,,,,,,,revenue_account|roads_and_bridges_all_classes,,,,,,
state_puducherry,Puducherry,state_aggregate,State governments,Puducherry,roads_and_bridges_all_classes,roads_bridges_revenue_expenditure_inr_crore,46.75600000000001,INR crore,4675.6,INR lakh,2025-04-01,2026-03-31,fiscal_year,BE,revenue_account,2026-01-23,2026-01-23,rbi_state_road_finances,https://rbidocs.rbi.org.in/rdocs/Publications/PDFs/0SF23012026877D47254C4F4B0793B2C38F05FB7EC5.PDF,PDF p253; printed p240; Appendix II Roads and Bridges,official_measured,True,0da62779a6cb5441149e0de4bad024d4d63c449dab564f821fdd307ea3e4fc77,Functional Roads and Bridges expenditure includes all road classes; it is not a State Highway-only budget. BE/RE retained separately. Revenue account and capital outlay exclude loans/repayments.,Puducherry,2026,roads_bridges_revenue_expenditure_inr_crore,46.75600000000001,official_measured,official,,,,,,,,revenue_account|roads_and_bridges_all_classes,,,,,,
state_all_states_and_uts,All States and UTs,state_aggregate,State governments,All States and UTs,roads_and_bridges_all_classes,roads_bridges_revenue_expenditure_inr_crore,60611.974,INR crore,6061197.4,INR lakh,2023-04-01,2024-03-31,fiscal_year,actual,revenue_account,2026-01-23,2026-01-23,rbi_state_road_finances,https://rbidocs.rbi.org.in/rdocs/Publications/PDFs/0SF23012026877D47254C4F4B0793B2C38F05FB7EC5.PDF,PDF p255; printed p242; Appendix II Roads and Bridges,official_measured,True,0da62779a6cb5441149e0de4bad024d4d63c449dab564f821fdd307ea3e4fc77,Functional Roads and Bridges expenditure includes all road classes; it is not a State Highway-only budget. BE/RE retained separately. Revenue account and capital outlay exclude loans/repayments.,All States and UTs,2024,roads_bridges_revenue_expenditure_inr_crore,60611.974,official_measured,official,,,,,,,,revenue_account|roads_and_bridges_all_classes,,,,,,
state_all_states_and_uts,All States and UTs,state_aggregate,State governments,All States and UTs,roads_and_bridges_all_classes,roads_bridges_revenue_expenditure_inr_crore,51010.945,INR crore,5101094.5,INR lakh,2024-04-01,2025-03-31,fiscal_year,BE,revenue_account,2026-01-23,2026-01-23,rbi_state_road_finances,https://rbidocs.rbi.org.in/rdocs/Publications/PDFs/0SF23012026877D47254C4F4B0793B2C38F05FB7EC5.PDF,PDF p255; printed p242; Appendix II Roads and Bridges,official_measured,True,0da62779a6cb5441149e0de4bad024d4d63c449dab564f821fdd307ea3e4fc77,Functional Roads and Bridges expenditure includes all road classes; it is not a State Highway-only budget. BE/RE retained separately. Revenue account and capital outlay exclude loans/repayments.,All States and UTs,2025,roads_bridges_revenue_expenditure_inr_crore,51010.945,official_measured,official,,,,,,,,revenue_account|roads_and_bridges_all_classes,,,,,,
state_all_states_and_uts,All States and UTs,state_aggregate,State governments,All States and UTs,roads_and_bridges_all_classes,roads_bridges_revenue_expenditure_inr_crore,53564.932,INR crore,5356493.2,INR lakh,2024-04-01,2025-03-31,fiscal_year,RE,revenue_account,2026-01-23,2026-01-23,rbi_state_road_finances,https://rbidocs.rbi.org.in/rdocs/Publications/PDFs/0SF23012026877D47254C4F4B0793B2C38F05FB7EC5.PDF,PDF p255; printed p242; Appendix II Roads and Bridges,official_measured,True,0da62779a6cb5441149e0de4bad024d4d63c449dab564f821fdd307ea3e4fc77,Functional Roads and Bridges expenditure includes all road classes; it is not a State Highway-only budget. BE/RE retained separately. Revenue account and capital outlay exclude loans/repayments.,All States and UTs,2025,roads_bridges_revenue_expenditure_inr_crore,53564.932,official_measured,official,,,,,,,,revenue_account|roads_and_bridges_all_classes,,,,,,
state_all_states_and_uts,All States and UTs,state_aggregate,State governments,All States and UTs,roads_and_bridges_all_classes,roads_bridges_revenue_expenditure_inr_crore,56395.197,INR crore,5639519.7,INR lakh,2025-04-01,2026-03-31,fiscal_year,BE,revenue_account,2026-01-23,2026-01-23,rbi_state_road_finances,https://rbidocs.rbi.org.in/rdocs/Publications/PDFs/0SF23012026877D47254C4F4B0793B2C38F05FB7EC5.PDF,PDF p255; printed p242; Appendix II Roads and Bridges,official_measured,True,0da62779a6cb5441149e0de4bad024d4d63c449dab564f821fdd307ea3e4fc77,Functional Roads and Bridges expenditure includes all road classes; it is not a State Highway-only budget. BE/RE retained separately. Revenue account and capital outlay exclude loans/repayments.,All States and UTs,2026,roads_bridges_revenue_expenditure_inr_crore,56395.197,official_measured,official,,,,,,,,revenue_account|roads_and_bridges_all_classes,,,,,,
state_andhra_pradesh,Andhra Pradesh,state_aggregate,State governments,Andhra Pradesh,roads_and_bridges_all_classes,roads_bridges_capital_outlay_inr_crore,870.3050000000001,INR crore,87030.5,INR lakh,2023-04-01,2024-03-31,fiscal_year,actual,capital_outlay,2026-01-23,2026-01-23,rbi_state_road_finances,https://rbidocs.rbi.org.in/rdocs/Publications/PDFs/0SF23012026877D47254C4F4B0793B2C38F05FB7EC5.PDF,PDF p274; printed p261; Appendix IV Roads and Bridges,official_measured,True,0da62779a6cb5441149e0de4bad024d4d63c449dab564f821fdd307ea3e4fc77,Functional Roads and Bridges expenditure includes all road classes; it is not a State Highway-only budget. BE/RE retained separately. Revenue account and capital outlay exclude loans/repayments.,Andhra Pradesh,2024,roads_bridges_capital_outlay_inr_crore,870.3050000000001,official_measured,official,,,,,,,,capital_outlay|roads_and_bridges_all_classes,,,,,,
state_andhra_pradesh,Andhra Pradesh,state_aggregate,State governments,Andhra Pradesh,roads_and_bridges_all_classes,roads_bridges_capital_outlay_inr_crore,1942.2520000000002,INR crore,194225.2,INR lakh,2024-04-01,2025-03-31,fiscal_year,BE,capital_outlay,2026-01-23,2026-01-23,rbi_state_road_finances,https://rbidocs.rbi.org.in/rdocs/Publications/PDFs/0SF23012026877D47254C4F4B0793B2C38F05FB7EC5.PDF,PDF p274; printed p261; Appendix IV Roads and Bridges,official_measured,True,0da62779a6cb5441149e0de4bad024d4d63c449dab564f821fdd307ea3e4fc77,Functional Roads and Bridges expenditure includes all road classes; it is not a State Highway-only budget. BE/RE retained separately. Revenue account and capital outlay exclude loans/repayments.,Andhra Pradesh,2025,roads_bridges_capital_outlay_inr_crore,1942.2520000000002,official_measured,official,,,,,,,,capital_outlay|roads_and_bridges_all_classes,,,,,,
state_andhra_pradesh,Andhra Pradesh,state_aggregate,State governments,Andhra Pradesh,roads_and_bridges_all_classes,roads_bridges_capital_outlay_inr_crore,1455.601,INR crore,145560.1,INR lakh,2024-04-01,2025-03-31,fiscal_year,RE,capital_outlay,2026-01-23,2026-01-23,rbi_state_road_finances,https://rbidocs.rbi.org.in/rdocs/Publications/PDFs/0SF23012026877D47254C4F4B0793B2C38F05FB7EC5.PDF,PDF p274; printed p261; Appendix IV Roads and Bridges,official_measured,True,0da62779a6cb5441149e0de4bad024d4d63c449dab564f821fdd307ea3e4fc77,Functional Roads and Bridges expenditure includes all road classes; it is not a State Highway-only budget. BE/RE retained separately. Revenue account and capital outlay exclude loans/repayments.,Andhra Pradesh,2025,roads_bridges_capital_outlay_inr_crore,1455.601,official_measured,official,,,,,,,,capital_outlay|roads_and_bridges_all_classes,,,,,,
state_andhra_pradesh,Andhra Pradesh,state_aggregate,State governments,Andhra Pradesh,roads_and_bridges_all_classes,roads_bridges_capital_outlay_inr_crore,1967.536,INR crore,196753.6,INR lakh,2025-04-01,2026-03-31,fiscal_year,BE,capital_outlay,2026-01-23,2026-01-23,rbi_state_road_finances,https://rbidocs.rbi.org.in/rdocs/Publications/PDFs/0SF23012026877D47254C4F4B0793B2C38F05FB7EC5.PDF,PDF p274; printed p261; Appendix IV Roads and Bridges,official_measured,True,0da62779a6cb5441149e0de4bad024d4d63c449dab564f821fdd307ea3e4fc77,Functional Roads and Bridges expenditure includes all road classes; it is not a State Highway-only budget. BE/RE retained separately. Revenue account and capital outlay exclude loans/repayments.,Andhra Pradesh,2026,roads_bridges_capital_outlay_inr_crore,1967.536,official_measured,official,,,,,,,,capital_outlay|roads_and_bridges_all_classes,,,,,,
state_arunachal_pradesh,Arunachal Pradesh,state_aggregate,State governments,Arunachal Pradesh,roads_and_bridges_all_classes,roads_bridges_capital_outlay_inr_crore,2952.077,INR crore,295207.7,INR lakh,2023-04-01,2024-03-31,fiscal_year,actual,capital_outlay,2026-01-23,2026-01-23,rbi_state_road_finances,https://rbidocs.rbi.org.in/rdocs/Publications/PDFs/0SF23012026877D47254C4F4B0793B2C38F05FB7EC5.PDF,PDF p274; printed p261; Appendix IV Roads and Bridges,official_measured,True,0da62779a6cb5441149e0de4bad024d4d63c449dab564f821fdd307ea3e4fc77,Functional Roads and Bridges expenditure includes all road classes; it is not a State Highway-only budget. BE/RE retained separately. Revenue account and capital outlay exclude loans/repayments.,Arunachal Pradesh,2024,roads_bridges_capital_outlay_inr_crore,2952.077,official_measured,official,,,,,,,,capital_outlay|roads_and_bridges_all_classes,,,,,,
state_arunachal_pradesh,Arunachal Pradesh,state_aggregate,State governments,Arunachal Pradesh,roads_and_bridges_all_classes,roads_bridges_capital_outlay_inr_crore,2524.6470000000004,INR crore,252464.7,INR lakh,2024-04-01,2025-03-31,fiscal_year,BE,capital_outlay,2026-01-23,2026-01-23,rbi_state_road_finances,https://rbidocs.rbi.org.in/rdocs/Publications/PDFs/0SF23012026877D47254C4F4B0793B2C38F05FB7EC5.PDF,PDF p274; printed p261; Appendix IV Roads and Bridges,official_measured,True,0da62779a6cb5441149e0de4bad024d4d63c449dab564f821fdd307ea3e4fc77,Functional Roads and Bridges expenditure includes all road classes; it is not a State Highway-only budget. BE/RE retained separately. Revenue account and capital outlay exclude loans/repayments.,Arunachal Pradesh,2025,roads_bridges_capital_outlay_inr_crore,2524.6470000000004,official_measured,official,,,,,,,,capital_outlay|roads_and_bridges_all_classes,,,,,,
state_arunachal_pradesh,Arunachal Pradesh,state_aggregate,State governments,Arunachal Pradesh,roads_and_bridges_all_classes,roads_bridges_capital_outlay_inr_crore,3473.21,INR crore,347321.0,INR lakh,2024-04-01,2025-03-31,fiscal_year,RE,capital_outlay,2026-01-23,2026-01-23,rbi_state_road_finances,https://rbidocs.rbi.org.in/rdocs/Publications/PDFs/0SF23012026877D47254C4F4B0793B2C38F05FB7EC5.PDF,PDF p274; printed p261; Appendix IV Roads and Bridges,official_measured,True,0da62779a6cb5441149e0de4bad024d4d63c449dab564f821fdd307ea3e4fc77,Functional Roads and Bridges expenditure includes all road classes; it is not a State Highway-only budget. BE/RE retained separately. Revenue account and capital outlay exclude loans/repayments.,Arunachal Pradesh,2025,roads_bridges_capital_outlay_inr_crore,3473.21,official_measured,official,,,,,,,,capital_outlay|roads_and_bridges_all_classes,,,,,,
state_arunachal_pradesh,Arunachal Pradesh,state_aggregate,State governments,Arunachal Pradesh,roads_and_bridges_all_classes,roads_bridges_capital_outlay_inr_crore,1986.8070000000002,INR crore,198680.7,INR lakh,2025-04-01,2026-03-31,fiscal_year,BE,capital_outlay,2026-01-23,2026-01-23,rbi_state_road_finances,https://rbidocs.rbi.org.in/rdocs/Publications/PDFs/0SF23012026877D47254C4F4B0793B2C38F05FB7EC5.PDF,PDF p274; printed p261; Appendix IV Roads and Bridges,official_measured,True,0da62779a6cb5441149e0de4bad024d4d63c449dab564f821fdd307ea3e4fc77,Functional Roads and Bridges expenditure includes all road classes; it is not a State Highway-only budget. BE/RE retained separately. Revenue account and capital outlay exclude loans/repayments.,Arunachal Pradesh,2026,roads_bridges_capital_outlay_inr_crore,1986.8070000000002,official_measured,official,,,,,,,,capital_outlay|roads_and_bridges_all_classes,,,,,,
state_assam,Assam,state_aggregate,State governments,Assam,roads_and_bridges_all_classes,roads_bridges_capital_outlay_inr_crore,6865.461,INR crore,686546.1,INR lakh,2023-04-01,2024-03-31,fiscal_year,actual,capital_outlay,2026-01-23,2026-01-23,rbi_state_road_finances,https://rbidocs.rbi.org.in/rdocs/Publications/PDFs/0SF23012026877D47254C4F4B0793B2C38F05FB7EC5.PDF,PDF p277; printed p264; Appendix IV Roads and Bridges,official_measured,True,0da62779a6cb5441149e0de4bad024d4d63c449dab564f821fdd307ea3e4fc77,Functional Roads and Bridges expenditure includes all road classes; it is not a State Highway-only budget. BE/RE retained separately. Revenue account and capital outlay exclude loans/repayments.,Assam,2024,roads_bridges_capital_outlay_inr_crore,6865.461,official_measured,official,,,,,,,,capital_outlay|roads_and_bridges_all_classes,,,,,,
state_assam,Assam,state_aggregate,State governments,Assam,roads_and_bridges_all_classes,roads_bridges_capital_outlay_inr_crore,8165.779,INR crore,816577.9,INR lakh,2024-04-01,2025-03-31,fiscal_year,BE,capital_outlay,2026-01-23,2026-01-23,rbi_state_road_finances,https://rbidocs.rbi.org.in/rdocs/Publications/PDFs/0SF23012026877D47254C4F4B0793B2C38F05FB7EC5.PDF,PDF p277; printed p264; Appendix IV Roads and Bridges,official_measured,True,0da62779a6cb5441149e0de4bad024d4d63c449dab564f821fdd307ea3e4fc77,Functional Roads and Bridges expenditure includes all road classes; it is not a State Highway-only budget. BE/RE retained separately. Revenue account and capital outlay exclude loans/repayments.,Assam,2025,roads_bridges_capital_outlay_inr_crore,8165.779,official_measured,official,,,,,,,,capital_outlay|roads_and_bridges_all_classes,,,,,,
state_assam,Assam,state_aggregate,State governments,Assam,roads_and_bridges_all_classes,roads_bridges_capital_outlay_inr_crore,10997.278999999999,INR crore,1099727.9,INR lakh,2024-04-01,2025-03-31,fiscal_year,RE,capital_outlay,2026-01-23,2026-01-23,rbi_state_road_finances,https://rbidocs.rbi.org.in/rdocs/Publications/PDFs/0SF23012026877D47254C4F4B0793B2C38F05FB7EC5.PDF,PDF p277; printed p264; Appendix IV Roads and Bridges,official_measured,True,0da62779a6cb5441149e0de4bad024d4d63c449dab564f821fdd307ea3e4fc77,Functional Roads and Bridges expenditure includes all road classes; it is not a State Highway-only budget. BE/RE retained separately. Revenue account and capital outlay exclude loans/repayments.,Assam,2025,roads_bridges_capital_outlay_inr_crore,10997.278999999999,official_measured,official,,,,,,,,capital_outlay|roads_and_bridges_all_classes,,,,,,
state_assam,Assam,state_aggregate,State governments,Assam,roads_and_bridges_all_classes,roads_bridges_capital_outlay_inr_crore,9703.211,INR crore,970321.1,INR lakh,2025-04-01,2026-03-31,fiscal_year,BE,capital_outlay,2026-01-23,2026-01-23,rbi_state_road_finances,https://rbidocs.rbi.org.in/rdocs/Publications/PDFs/0SF23012026877D47254C4F4B0793B2C38F05FB7EC5.PDF,PDF p277; printed p264; Appendix IV Roads and Bridges,official_measured,True,0da62779a6cb5441149e0de4bad024d4d63c449dab564f821fdd307ea3e4fc77,Functional Roads and Bridges expenditure includes all road classes; it is not a State Highway-only budget. BE/RE retained separately. Revenue account and capital outlay exclude loans/repayments.,Assam,2026,roads_bridges_capital_outlay_inr_crore,9703.211,official_measured,official,,,,,,,,capital_outlay|roads_and_bridges_all_classes,,,,,,
state_bihar,Bihar,state_aggregate,State governments,Bihar,roads_and_bridges_all_classes,roads_bridges_capital_outlay_inr_crore,6931.878000000001,INR crore,693187.8,INR lakh,2023-04-01,2024-03-31,fiscal_year,actual,capital_outlay,2026-01-23,2026-01-23,rbi_state_road_finances,https://rbidocs.rbi.org.in/rdocs/Publications/PDFs/0SF23012026877D47254C4F4B0793B2C38F05FB7EC5.PDF,PDF p277; printed p264; Appendix IV Roads and Bridges,official_measured,True,0da62779a6cb5441149e0de4bad024d4d63c449dab564f821fdd307ea3e4fc77,Functional Roads and Bridges expenditure includes all road classes; it is not a State Highway-only budget. BE/RE retained separately. Revenue account and capital outlay exclude loans/repayments.,Bihar,2024,roads_bridges_capital_outlay_inr_crore,6931.878000000001,official_measured,official,,,,,,,,capital_outlay|roads_and_bridges_all_classes,,,,,,
state_bihar,Bihar,state_aggregate,State governments,Bihar,roads_and_bridges_all_classes,roads_bridges_capital_outlay_inr_crore,3818.56,INR crore,381856.0,INR lakh,2024-04-01,2025-03-31,fiscal_year,BE,capital_outlay,2026-01-23,2026-01-23,rbi_state_road_finances,https://rbidocs.rbi.org.in/rdocs/Publications/PDFs/0SF23012026877D47254C4F4B0793B2C38F05FB7EC5.PDF,PDF p277; printed p264; Appendix IV Roads and Bridges,official_measured,True,0da62779a6cb5441149e0de4bad024d4d63c449dab564f821fdd307ea3e4fc77,Functional Roads and Bridges expenditure includes all road classes; it is not a State Highway-only budget. BE/RE retained separately. Revenue account and capital outlay exclude loans/repayments.,Bihar,2025,roads_bridges_capital_outlay_inr_crore,3818.56,official_measured,official,,,,,,,,capital_outlay|roads_and_bridges_all_classes,,,,,,
state_bihar,Bihar,state_aggregate,State governments,Bihar,roads_and_bridges_all_classes,roads_bridges_capital_outlay_inr_crore,7029.786,INR crore,702978.6,INR lakh,2024-04-01,2025-03-31,fiscal_year,RE,capital_outlay,2026-01-23,2026-01-23,rbi_state_road_finances,https://rbidocs.rbi.org.in/rdocs/Publications/PDFs/0SF23012026877D47254C4F4B0793B2C38F05FB7EC5.PDF,PDF p277; printed p264; Appendix IV Roads and Bridges,official_measured,True,0da62779a6cb5441149e0de4bad024d4d63c449dab564f821fdd307ea3e4fc77,Functional Roads and Bridges expenditure includes all road classes; it is not a State Highway-only budget. BE/RE retained separately. Revenue account and capital outlay exclude loans/repayments.,Bihar,2025,roads_bridges_capital_outlay_inr_crore,7029.786,official_measured,official,,,,,,,,capital_outlay|roads_and_bridges_all_classes,,,,,,
state_bihar,Bihar,state_aggregate,State governments,Bihar,roads_and_bridges_all_classes,roads_bridges_capital_outlay_inr_crore,4487.45,INR crore,448745.0,INR lakh,2025-04-01,2026-03-31,fiscal_year,BE,capital_outlay,2026-01-23,2026-01-23,rbi_state_road_finances,https://rbidocs.rbi.org.in/rdocs/Publications/PDFs/0SF23012026877D47254C4F4B0793B2C38F05FB7EC5.PDF,PDF p277; printed p264; Appendix IV Roads and Bridges,official_measured,True,0da62779a6cb5441149e0de4bad024d4d63c449dab564f821fdd307ea3e4fc77,Functional Roads and Bridges expenditure includes all road classes; it is not a State Highway-only budget. BE/RE retained separately. Revenue account and capital outlay exclude loans/repayments.,Bihar,2026,roads_bridges_capital_outlay_inr_crore,4487.45,official_measured,official,,,,,,,,capital_outlay|roads_and_bridges_all_classes,,,,,,
state_chhattisgarh,Chhattisgarh,state_aggregate,State governments,Chhattisgarh,roads_and_bridges_all_classes,roads_bridges_capital_outlay_inr_crore,3466.994,INR crore,346699.4,INR lakh,2023-04-01,2024-03-31,fiscal_year,actual,capital_outlay,2026-01-23,2026-01-23,rbi_state_road_finances,https://rbidocs.rbi.org.in/rdocs/Publications/PDFs/0SF23012026877D47254C4F4B0793B2C38F05FB7EC5.PDF,PDF p280; printed p267; Appendix IV Roads and Bridges,official_measured,True,0da62779a6cb5441149e0de4bad024d4d63c449dab564f821fdd307ea3e4fc77,Functional Roads and Bridges expenditure includes all road classes; it is not a State Highway-only budget. BE/RE retained separately. Revenue account and capital outlay exclude loans/repayments.,Chhattisgarh,2024,roads_bridges_capital_outlay_inr_crore,3466.994,official_measured,official,,,,,,,,capital_outlay|roads_and_bridges_all_classes,,,,,,
state_chhattisgarh,Chhattisgarh,state_aggregate,State governments,Chhattisgarh,roads_and_bridges_all_classes,roads_bridges_capital_outlay_inr_crore,5998.374000000001,INR crore,599837.4,INR lakh,2024-04-01,2025-03-31,fiscal_year,BE,capital_outlay,2026-01-23,2026-01-23,rbi_state_road_finances,https://rbidocs.rbi.org.in/rdocs/Publications/PDFs/0SF23012026877D47254C4F4B0793B2C38F05FB7EC5.PDF,PDF p280; printed p267; Appendix IV Roads and Bridges,official_measured,True,0da62779a6cb5441149e0de4bad024d4d63c449dab564f821fdd307ea3e4fc77,Functional Roads and Bridges expenditure includes all road classes; it is not a State Highway-only budget. BE/RE retained separately. Revenue account and capital outlay exclude loans/repayments.,Chhattisgarh,2025,roads_bridges_capital_outlay_inr_crore,5998.374000000001,official_measured,official,,,,,,,,capital_outlay|roads_and_bridges_all_classes,,,,,,
state_chhattisgarh,Chhattisgarh,state_aggregate,State governments,Chhattisgarh,roads_and_bridges_all_classes,roads_bridges_capital_outlay_inr_crore,6411.374000000001,INR crore,641137.4,INR lakh,2024-04-01,2025-03-31,fiscal_year,RE,capital_outlay,2026-01-23,2026-01-23,rbi_state_road_finances,https://rbidocs.rbi.org.in/rdocs/Publications/PDFs/0SF23012026877D47254C4F4B0793B2C38F05FB7EC5.PDF,PDF p280; printed p267; Appendix IV Roads and Bridges,official_measured,True,0da62779a6cb5441149e0de4bad024d4d63c449dab564f821fdd307ea3e4fc77,Functional Roads and Bridges expenditure includes all road classes; it is not a State Highway-only budget. BE/RE retained separately. Revenue account and capital outlay exclude loans/repayments.,Chhattisgarh,2025,roads_bridges_capital_outlay_inr_crore,6411.374000000001,official_measured,official,,,,,,,,capital_outlay|roads_and_bridges_all_classes,,,,,,
state_chhattisgarh,Chhattisgarh,state_aggregate,State governments,Chhattisgarh,roads_and_bridges_all_classes,roads_bridges_capital_outlay_inr_crore,7186.47,INR crore,718647.0,INR lakh,2025-04-01,2026-03-31,fiscal_year,BE,capital_outlay,2026-01-23,2026-01-23,rbi_state_road_finances,https://rbidocs.rbi.org.in/rdocs/Publications/PDFs/0SF23012026877D47254C4F4B0793B2C38F05FB7EC5.PDF,PDF p280; printed p267; Appendix IV Roads and Bridges,official_measured,True,0da62779a6cb5441149e0de4bad024d4d63c449dab564f821fdd307ea3e4fc77,Functional Roads and Bridges expenditure includes all road classes; it is not a State Highway-only budget. BE/RE retained separately. Revenue account and capital outlay exclude loans/repayments.,Chhattisgarh,2026,roads_bridges_capital_outlay_inr_crore,7186.47,official_measured,official,,,,,,,,capital_outlay|roads_and_bridges_all_classes,,,,,,
state_goa,Goa,state_aggregate,State governments,Goa,roads_and_bridges_all_classes,roads_bridges_capital_outlay_inr_crore,829.204,INR crore,82920.4,INR lakh,2023-04-01,2024-03-31,fiscal_year,actual,capital_outlay,2026-01-23,2026-01-23,rbi_state_road_finances,https://rbidocs.rbi.org.in/rdocs/Publications/PDFs/0SF23012026877D47254C4F4B0793B2C38F05FB7EC5.PDF,PDF p280; printed p267; Appendix IV Roads and Bridges,official_measured,True,0da62779a6cb5441149e0de4bad024d4d63c449dab564f821fdd307ea3e4fc77,Functional Roads and Bridges expenditure includes all road classes; it is not a State Highway-only budget. BE/RE retained separately. Revenue account and capital outlay exclude loans/repayments.,Goa,2024,roads_bridges_capital_outlay_inr_crore,829.204,official_measured,official,,,,,,,,capital_outlay|roads_and_bridges_all_classes,,,,,,
state_goa,Goa,state_aggregate,State governments,Goa,roads_and_bridges_all_classes,roads_bridges_capital_outlay_inr_crore,827.038,INR crore,82703.8,INR lakh,2024-04-01,2025-03-31,fiscal_year,BE,capital_outlay,2026-01-23,2026-01-23,rbi_state_road_finances,https://rbidocs.rbi.org.in/rdocs/Publications/PDFs/0SF23012026877D47254C4F4B0793B2C38F05FB7EC5.PDF,PDF p280; printed p267; Appendix IV Roads and Bridges,official_measured,True,0da62779a6cb5441149e0de4bad024d4d63c449dab564f821fdd307ea3e4fc77,Functional Roads and Bridges expenditure includes all road classes; it is not a State Highway-only budget. BE/RE retained separately. Revenue account and capital outlay exclude loans/repayments.,Goa,2025,roads_bridges_capital_outlay_inr_crore,827.038,official_measured,official,,,,,,,,capital_outlay|roads_and_bridges_all_classes,,,,,,
state_goa,Goa,state_aggregate,State governments,Goa,roads_and_bridges_all_classes,roads_bridges_capital_outlay_inr_crore,895.038,INR crore,89503.8,INR lakh,2024-04-01,2025-03-31,fiscal_year,RE,capital_outlay,2026-01-23,2026-01-23,rbi_state_road_finances,https://rbidocs.rbi.org.in/rdocs/Publications/PDFs/0SF23012026877D47254C4F4B0793B2C38F05FB7EC5.PDF,PDF p280; printed p267; Appendix IV Roads and Bridges,official_measured,True,0da62779a6cb5441149e0de4bad024d4d63c449dab564f821fdd307ea3e4fc77,Functional Roads and Bridges expenditure includes all road classes; it is not a State Highway-only budget. BE/RE retained separately. Revenue account and capital outlay exclude loans/repayments.,Goa,2025,roads_bridges_capital_outlay_inr_crore,895.038,official_measured,official,,,,,,,,capital_outlay|roads_and_bridges_all_classes,,,,,,
state_goa,Goa,state_aggregate,State governments,Goa,roads_and_bridges_all_classes,roads_bridges_capital_outlay_inr_crore,961.802,INR crore,96180.2,INR lakh,2025-04-01,2026-03-31,fiscal_year,BE,capital_outlay,2026-01-23,2026-01-23,rbi_state_road_finances,https://rbidocs.rbi.org.in/rdocs/Publications/PDFs/0SF23012026877D47254C4F4B0793B2C38F05FB7EC5.PDF,PDF p280; printed p267; Appendix IV Roads and Bridges,official_measured,True,0da62779a6cb5441149e0de4bad024d4d63c449dab564f821fdd307ea3e4fc77,Functional Roads and Bridges expenditure includes all road classes; it is not a State Highway-only budget. BE/RE retained separately. Revenue account and capital outlay exclude loans/repayments.,Goa,2026,roads_bridges_capital_outlay_inr_crore,961.802,official_measured,official,,,,,,,,capital_outlay|roads_and_bridges_all_classes,,,,,,
state_gujarat,Gujarat,state_aggregate,State governments,Gujarat,roads_and_bridges_all_classes,roads_bridges_capital_outlay_inr_crore,11146.0,INR crore,1114600.0,INR lakh,2023-04-01,2024-03-31,fiscal_year,actual,capital_outlay,2026-01-23,2026-01-23,rbi_state_road_finances,https://rbidocs.rbi.org.in/rdocs/Publications/PDFs/0SF23012026877D47254C4F4B0793B2C38F05FB7EC5.PDF,PDF p283; printed p270; Appendix IV Roads and Bridges,official_measured,True,0da62779a6cb5441149e0de4bad024d4d63c449dab564f821fdd307ea3e4fc77,Functional Roads and Bridges expenditure includes all road classes; it is not a State Highway-only budget. BE/RE retained separately. Revenue account and capital outlay exclude loans/repayments.,Gujarat,2024,roads_bridges_capital_outlay_inr_crore,11146.0,official_measured,official,,,,,,,,capital_outlay|roads_and_bridges_all_classes,,,,,,
state_gujarat,Gujarat,state_aggregate,State governments,Gujarat,roads_and_bridges_all_classes,roads_bridges_capital_outlay_inr_crore,16815.75,INR crore,1681575.0,INR lakh,2024-04-01,2025-03-31,fiscal_year,BE,capital_outlay,2026-01-23,2026-01-23,rbi_state_road_finances,https://rbidocs.rbi.org.in/rdocs/Publications/PDFs/0SF23012026877D47254C4F4B0793B2C38F05FB7EC5.PDF,PDF p283; printed p270; Appendix IV Roads and Bridges,official_measured,True,0da62779a6cb5441149e0de4bad024d4d63c449dab564f821fdd307ea3e4fc77,Functional Roads and Bridges expenditure includes all road classes; it is not a State Highway-only budget. BE/RE retained separately. Revenue account and capital outlay exclude loans/repayments.,Gujarat,2025,roads_bridges_capital_outlay_inr_crore,16815.75,official_measured,official,,,,,,,,capital_outlay|roads_and_bridges_all_classes,,,,,,
state_gujarat,Gujarat,state_aggregate,State governments,Gujarat,roads_and_bridges_all_classes,roads_bridges_capital_outlay_inr_crore,16991.52,INR crore,1699152.0,INR lakh,2024-04-01,2025-03-31,fiscal_year,RE,capital_outlay,2026-01-23,2026-01-23,rbi_state_road_finances,https://rbidocs.rbi.org.in/rdocs/Publications/PDFs/0SF23012026877D47254C4F4B0793B2C38F05FB7EC5.PDF,PDF p283; printed p270; Appendix IV Roads and Bridges,official_measured,True,0da62779a6cb5441149e0de4bad024d4d63c449dab564f821fdd307ea3e4fc77,Functional Roads and Bridges expenditure includes all road classes; it is not a State Highway-only budget. BE/RE retained separately. Revenue account and capital outlay exclude loans/repayments.,Gujarat,2025,roads_bridges_capital_outlay_inr_crore,16991.52,official_measured,official,,,,,,,,capital_outlay|roads_and_bridges_all_classes,,,,,,
state_gujarat,Gujarat,state_aggregate,State governments,Gujarat,roads_and_bridges_all_classes,roads_bridges_capital_outlay_inr_crore,18799.27,INR crore,1879927.0,INR lakh,2025-04-01,2026-03-31,fiscal_year,BE,capital_outlay,2026-01-23,2026-01-23,rbi_state_road_finances,https://rbidocs.rbi.org.in/rdocs/Publications/PDFs/0SF23012026877D47254C4F4B0793B2C38F05FB7EC5.PDF,PDF p283; printed p270; Appendix IV Roads and Bridges,official_measured,True,0da62779a6cb5441149e0de4bad024d4d63c449dab564f821fdd307ea3e4fc77,Functional Roads and Bridges expenditure includes all road classes; it is not a State Highway-only budget. BE/RE retained separately. Revenue account and capital outlay exclude loans/repayments.,Gujarat,2026,roads_bridges_capital_outlay_inr_crore,18799.27,official_measured,official,,,,,,,,capital_outlay|roads_and_bridges_all_classes,,,,,,
state_haryana,Haryana,state_aggregate,State governments,Haryana,roads_and_bridges_all_classes,roads_bridges_capital_outlay_inr_crore,2650.9970000000003,INR crore,265099.7,INR lakh,2023-04-01,2024-03-31,fiscal_year,actual,capital_outlay,2026-01-23,2026-01-23,rbi_state_road_finances,https://rbidocs.rbi.org.in/rdocs/Publications/PDFs/0SF23012026877D47254C4F4B0793B2C38F05FB7EC5.PDF,PDF p283; printed p270; Appendix IV Roads and Bridges,official_measured,True,0da62779a6cb5441149e0de4bad024d4d63c449dab564f821fdd307ea3e4fc77,Functional Roads and Bridges expenditure includes all road classes; it is not a State Highway-only budget. BE/RE retained separately. Revenue account and capital outlay exclude loans/repayments.,Haryana,2024,roads_bridges_capital_outlay_inr_crore,2650.9970000000003,official_measured,official,,,,,,,,capital_outlay|roads_and_bridges_all_classes,,,,,,
state_haryana,Haryana,state_aggregate,State governments,Haryana,roads_and_bridges_all_classes,roads_bridges_capital_outlay_inr_crore,2917.0,INR crore,291700.0,INR lakh,2024-04-01,2025-03-31,fiscal_year,BE,capital_outlay,2026-01-23,2026-01-23,rbi_state_road_finances,https://rbidocs.rbi.org.in/rdocs/Publications/PDFs/0SF23012026877D47254C4F4B0793B2C38F05FB7EC5.PDF,PDF p283; printed p270; Appendix IV Roads and Bridges,official_measured,True,0da62779a6cb5441149e0de4bad024d4d63c449dab564f821fdd307ea3e4fc77,Functional Roads and Bridges expenditure includes all road classes; it is not a State Highway-only budget. BE/RE retained separately. Revenue account and capital outlay exclude loans/repayments.,Haryana,2025,roads_bridges_capital_outlay_inr_crore,2917.0,official_measured,official,,,,,,,,capital_outlay|roads_and_bridges_all_classes,,,,,,
state_haryana,Haryana,state_aggregate,State governments,Haryana,roads_and_bridges_all_classes,roads_bridges_capital_outlay_inr_crore,2293.1020000000003,INR crore,229310.2,INR lakh,2024-04-01,2025-03-31,fiscal_year,RE,capital_outlay,2026-01-23,2026-01-23,rbi_state_road_finances,https://rbidocs.rbi.org.in/rdocs/Publications/PDFs/0SF23012026877D47254C4F4B0793B2C38F05FB7EC5.PDF,PDF p283; printed p270; Appendix IV Roads and Bridges,official_measured,True,0da62779a6cb5441149e0de4bad024d4d63c449dab564f821fdd307ea3e4fc77,Functional Roads and Bridges expenditure includes all road classes; it is not a State Highway-only budget. BE/RE retained separately. Revenue account and capital outlay exclude loans/repayments.,Haryana,2025,roads_bridges_capital_outlay_inr_crore,2293.1020000000003,official_measured,official,,,,,,,,capital_outlay|roads_and_bridges_all_classes,,,,,,
state_haryana,Haryana,state_aggregate,State governments,Haryana,roads_and_bridges_all_classes,roads_bridges_capital_outlay_inr_crore,2648.03,INR crore,264803.0,INR lakh,2025-04-01,2026-03-31,fiscal_year,BE,capital_outlay,2026-01-23,2026-01-23,rbi_state_road_finances,https://rbidocs.rbi.org.in/rdocs/Publications/PDFs/0SF23012026877D47254C4F4B0793B2C38F05FB7EC5.PDF,PDF p283; printed p270; Appendix IV Roads and Bridges,official_measured,True,0da62779a6cb5441149e0de4bad024d4d63c449dab564f821fdd307ea3e4fc77,Functional Roads and Bridges expenditure includes all road classes; it is not a State Highway-only budget. BE/RE retained separately. Revenue account and capital outlay exclude loans/repayments.,Haryana,2026,roads_bridges_capital_outlay_inr_crore,2648.03,official_measured,official,,,,,,,,capital_outlay|roads_and_bridges_all_classes,,,,,,
state_himachal_pradesh,Himachal Pradesh,state_aggregate,State governments,Himachal Pradesh,roads_and_bridges_all_classes,roads_bridges_capital_outlay_inr_crore,2065.118,INR crore,206511.8,INR lakh,2023-04-01,2024-03-31,fiscal_year,actual,capital_outlay,2026-01-23,2026-01-23,rbi_state_road_finances,https://rbidocs.rbi.org.in/rdocs/Publications/PDFs/0SF23012026877D47254C4F4B0793B2C38F05FB7EC5.PDF,PDF p286; printed p273; Appendix IV Roads and Bridges,official_measured,True,0da62779a6cb5441149e0de4bad024d4d63c449dab564f821fdd307ea3e4fc77,Functional Roads and Bridges expenditure includes all road classes; it is not a State Highway-only budget. BE/RE retained separately. Revenue account and capital outlay exclude loans/repayments.,Himachal Pradesh,2024,roads_bridges_capital_outlay_inr_crore,2065.118,official_measured,official,,,,,,,,capital_outlay|roads_and_bridges_all_classes,,,,,,
state_himachal_pradesh,Himachal Pradesh,state_aggregate,State governments,Himachal Pradesh,roads_and_bridges_all_classes,roads_bridges_capital_outlay_inr_crore,2167.5,INR crore,216750.0,INR lakh,2024-04-01,2025-03-31,fiscal_year,BE,capital_outlay,2026-01-23,2026-01-23,rbi_state_road_finances,https://rbidocs.rbi.org.in/rdocs/Publications/PDFs/0SF23012026877D47254C4F4B0793B2C38F05FB7EC5.PDF,PDF p286; printed p273; Appendix IV Roads and Bridges,official_measured,True,0da62779a6cb5441149e0de4bad024d4d63c449dab564f821fdd307ea3e4fc77,Functional Roads and Bridges expenditure includes all road classes; it is not a State Highway-only budget. BE/RE retained separately. Revenue account and capital outlay exclude loans/repayments.,Himachal Pradesh,2025,roads_bridges_capital_outlay_inr_crore,2167.5,official_measured,official,,,,,,,,capital_outlay|roads_and_bridges_all_classes,,,,,,
state_himachal_pradesh,Himachal Pradesh,state_aggregate,State governments,Himachal Pradesh,roads_and_bridges_all_classes,roads_bridges_capital_outlay_inr_crore,2592.801,INR crore,259280.1,INR lakh,2024-04-01,2025-03-31,fiscal_year,RE,capital_outlay,2026-01-23,2026-01-23,rbi_state_road_finances,https://rbidocs.rbi.org.in/rdocs/Publications/PDFs/0SF23012026877D47254C4F4B0793B2C38F05FB7EC5.PDF,PDF p286; printed p273; Appendix IV Roads and Bridges,official_measured,True,0da62779a6cb5441149e0de4bad024d4d63c449dab564f821fdd307ea3e4fc77,Functional Roads and Bridges expenditure includes all road classes; it is not a State Highway-only budget. BE/RE retained separately. Revenue account and capital outlay exclude loans/repayments.,Himachal Pradesh,2025,roads_bridges_capital_outlay_inr_crore,2592.801,official_measured,official,,,,,,,,capital_outlay|roads_and_bridges_all_classes,,,,,,
state_himachal_pradesh,Himachal Pradesh,state_aggregate,State governments,Himachal Pradesh,roads_and_bridges_all_classes,roads_bridges_capital_outlay_inr_crore,1492.0,INR crore,149200.0,INR lakh,2025-04-01,2026-03-31,fiscal_year,BE,capital_outlay,2026-01-23,2026-01-23,rbi_state_road_finances,https://rbidocs.rbi.org.in/rdocs/Publications/PDFs/0SF23012026877D47254C4F4B0793B2C38F05FB7EC5.PDF,PDF p286; printed p273; Appendix IV Roads and Bridges,official_measured,True,0da62779a6cb5441149e0de4bad024d4d63c449dab564f821fdd307ea3e4fc77,Functional Roads and Bridges expenditure includes all road classes; it is not a State Highway-only budget. BE/RE retained separately. Revenue account and capital outlay exclude loans/repayments.,Himachal Pradesh,2026,roads_bridges_capital_outlay_inr_crore,1492.0,official_measured,official,,,,,,,,capital_outlay|roads_and_bridges_all_classes,,,,,,
state_jammu_kashmir,Jammu & Kashmir,state_aggregate,State governments,Jammu & Kashmir,roads_and_bridges_all_classes,roads_bridges_capital_outlay_inr_crore,2427.765,INR crore,242776.5,INR lakh,2023-04-01,2024-03-31,fiscal_year,actual,capital_outlay,2026-01-23,2026-01-23,rbi_state_road_finances,https://rbidocs.rbi.org.in/rdocs/Publications/PDFs/0SF23012026877D47254C4F4B0793B2C38F05FB7EC5.PDF,PDF p286; printed p273; Appendix IV Roads and Bridges,official_measured,True,0da62779a6cb5441149e0de4bad024d4d63c449dab564f821fdd307ea3e4fc77,Functional Roads and Bridges expenditure includes all road classes; it is not a State Highway-only budget. BE/RE retained separately. Revenue account and capital outlay exclude loans/repayments.,Jammu & Kashmir,2024,roads_bridges_capital_outlay_inr_crore,2427.765,official_measured,official,,,,,,,,capital_outlay|roads_and_bridges_all_classes,,,,,,
state_jammu_kashmir,Jammu & Kashmir,state_aggregate,State governments,Jammu & Kashmir,roads_and_bridges_all_classes,roads_bridges_capital_outlay_inr_crore,3271.0,INR crore,327100.0,INR lakh,2024-04-01,2025-03-31,fiscal_year,BE,capital_outlay,2026-01-23,2026-01-23,rbi_state_road_finances,https://rbidocs.rbi.org.in/rdocs/Publications/PDFs/0SF23012026877D47254C4F4B0793B2C38F05FB7EC5.PDF,PDF p286; printed p273; Appendix IV Roads and Bridges,official_measured,True,0da62779a6cb5441149e0de4bad024d4d63c449dab564f821fdd307ea3e4fc77,Functional Roads and Bridges expenditure includes all road classes; it is not a State Highway-only budget. BE/RE retained separately. Revenue account and capital outlay exclude loans/repayments.,Jammu & Kashmir,2025,roads_bridges_capital_outlay_inr_crore,3271.0,official_measured,official,,,,,,,,capital_outlay|roads_and_bridges_all_classes,,,,,,
state_jammu_kashmir,Jammu & Kashmir,state_aggregate,State governments,Jammu & Kashmir,roads_and_bridges_all_classes,roads_bridges_capital_outlay_inr_crore,2994.955,INR crore,299495.5,INR lakh,2024-04-01,2025-03-31,fiscal_year,RE,capital_outlay,2026-01-23,2026-01-23,rbi_state_road_finances,https://rbidocs.rbi.org.in/rdocs/Publications/PDFs/0SF23012026877D47254C4F4B0793B2C38F05FB7EC5.PDF,PDF p286; printed p273; Appendix IV Roads and Bridges,official_measured,True,0da62779a6cb5441149e0de4bad024d4d63c449dab564f821fdd307ea3e4fc77,Functional Roads and Bridges expenditure includes all road classes; it is not a State Highway-only budget. BE/RE retained separately. Revenue account and capital outlay exclude loans/repayments.,Jammu & Kashmir,2025,roads_bridges_capital_outlay_inr_crore,2994.955,official_measured,official,,,,,,,,capital_outlay|roads_and_bridges_all_classes,,,,,,
state_jammu_kashmir,Jammu & Kashmir,state_aggregate,State governments,Jammu & Kashmir,roads_and_bridges_all_classes,roads_bridges_capital_outlay_inr_crore,3298.0,INR crore,329800.0,INR lakh,2025-04-01,2026-03-31,fiscal_year,BE,capital_outlay,2026-01-23,2026-01-23,rbi_state_road_finances,https://rbidocs.rbi.org.in/rdocs/Publications/PDFs/0SF23012026877D47254C4F4B0793B2C38F05FB7EC5.PDF,PDF p286; printed p273; Appendix IV Roads and Bridges,official_measured,True,0da62779a6cb5441149e0de4bad024d4d63c449dab564f821fdd307ea3e4fc77,Functional Roads and Bridges expenditure includes all road classes; it is not a State Highway-only budget. BE/RE retained separately. Revenue account and capital outlay exclude loans/repayments.,Jammu & Kashmir,2026,roads_bridges_capital_outlay_inr_crore,3298.0,official_measured,official,,,,,,,,capital_outlay|roads_and_bridges_all_classes,,,,,,
state_jharkhand,Jharkhand,state_aggregate,State governments,Jharkhand,roads_and_bridges_all_classes,roads_bridges_capital_outlay_inr_crore,5206.796,INR crore,520679.6,INR lakh,2023-04-01,2024-03-31,fiscal_year,actual,capital_outlay,2026-01-23,2026-01-23,rbi_state_road_finances,https://rbidocs.rbi.org.in/rdocs/Publications/PDFs/0SF23012026877D47254C4F4B0793B2C38F05FB7EC5.PDF,PDF p289; printed p276; Appendix IV Roads and Bridges,official_measured,True,0da62779a6cb5441149e0de4bad024d4d63c449dab564f821fdd307ea3e4fc77,Functional Roads and Bridges expenditure includes all road classes; it is not a State Highway-only budget. BE/RE retained separately. Revenue account and capital outlay exclude loans/repayments.,Jharkhand,2024,roads_bridges_capital_outlay_inr_crore,5206.796,official_measured,official,,,,,,,,capital_outlay|roads_and_bridges_all_classes,,,,,,
state_jharkhand,Jharkhand,state_aggregate,State governments,Jharkhand,roads_and_bridges_all_classes,roads_bridges_capital_outlay_inr_crore,5800.0,INR crore,580000.0,INR lakh,2024-04-01,2025-03-31,fiscal_year,BE,capital_outlay,2026-01-23,2026-01-23,rbi_state_road_finances,https://rbidocs.rbi.org.in/rdocs/Publications/PDFs/0SF23012026877D47254C4F4B0793B2C38F05FB7EC5.PDF,PDF p289; printed p276; Appendix IV Roads and Bridges,official_measured,True,0da62779a6cb5441149e0de4bad024d4d63c449dab564f821fdd307ea3e4fc77,Functional Roads and Bridges expenditure includes all road classes; it is not a State Highway-only budget. BE/RE retained separately. Revenue account and capital outlay exclude loans/repayments.,Jharkhand,2025,roads_bridges_capital_outlay_inr_crore,5800.0,official_measured,official,,,,,,,,capital_outlay|roads_and_bridges_all_classes,,,,,,
state_jharkhand,Jharkhand,state_aggregate,State governments,Jharkhand,roads_and_bridges_all_classes,roads_bridges_capital_outlay_inr_crore,5342.74,INR crore,534274.0,INR lakh,2024-04-01,2025-03-31,fiscal_year,RE,capital_outlay,2026-01-23,2026-01-23,rbi_state_road_finances,https://rbidocs.rbi.org.in/rdocs/Publications/PDFs/0SF23012026877D47254C4F4B0793B2C38F05FB7EC5.PDF,PDF p289; printed p276; Appendix IV Roads and Bridges,official_measured,True,0da62779a6cb5441149e0de4bad024d4d63c449dab564f821fdd307ea3e4fc77,Functional Roads and Bridges expenditure includes all road classes; it is not a State Highway-only budget. BE/RE retained separately. Revenue account and capital outlay exclude loans/repayments.,Jharkhand,2025,roads_bridges_capital_outlay_inr_crore,5342.74,official_measured,official,,,,,,,,capital_outlay|roads_and_bridges_all_classes,,,,,,
state_jharkhand,Jharkhand,state_aggregate,State governments,Jharkhand,roads_and_bridges_all_classes,roads_bridges_capital_outlay_inr_crore,5300.0,INR crore,530000.0,INR lakh,2025-04-01,2026-03-31,fiscal_year,BE,capital_outlay,2026-01-23,2026-01-23,rbi_state_road_finances,https://rbidocs.rbi.org.in/rdocs/Publications/PDFs/0SF23012026877D47254C4F4B0793B2C38F05FB7EC5.PDF,PDF p289; printed p276; Appendix IV Roads and Bridges,official_measured,True,0da62779a6cb5441149e0de4bad024d4d63c449dab564f821fdd307ea3e4fc77,Functional Roads and Bridges expenditure includes all road classes; it is not a State Highway-only budget. BE/RE retained separately. Revenue account and capital outlay exclude loans/repayments.,Jharkhand,2026,roads_bridges_capital_outlay_inr_crore,5300.0,official_measured,official,,,,,,,,capital_outlay|roads_and_bridges_all_classes,,,,,,
state_karnataka,Karnataka,state_aggregate,State governments,Karnataka,roads_and_bridges_all_classes,roads_bridges_capital_outlay_inr_crore,8760.796,INR crore,876079.6,INR lakh,2023-04-01,2024-03-31,fiscal_year,actual,capital_outlay,2026-01-23,2026-01-23,rbi_state_road_finances,https://rbidocs.rbi.org.in/rdocs/Publications/PDFs/0SF23012026877D47254C4F4B0793B2C38F05FB7EC5.PDF,PDF p289; printed p276; Appendix IV Roads and Bridges,official_measured,True,0da62779a6cb5441149e0de4bad024d4d63c449dab564f821fdd307ea3e4fc77,Functional Roads and Bridges expenditure includes all road classes; it is not a State Highway-only budget. BE/RE retained separately. Revenue account and capital outlay exclude loans/repayments.,Karnataka,2024,roads_bridges_capital_outlay_inr_crore,8760.796,official_measured,official,,,,,,,,capital_outlay|roads_and_bridges_all_classes,,,,,,
state_karnataka,Karnataka,state_aggregate,State governments,Karnataka,roads_and_bridges_all_classes,roads_bridges_capital_outlay_inr_crore,7211.706,INR crore,721170.6,INR lakh,2024-04-01,2025-03-31,fiscal_year,BE,capital_outlay,2026-01-23,2026-01-23,rbi_state_road_finances,https://rbidocs.rbi.org.in/rdocs/Publications/PDFs/0SF23012026877D47254C4F4B0793B2C38F05FB7EC5.PDF,PDF p289; printed p276; Appendix IV Roads and Bridges,official_measured,True,0da62779a6cb5441149e0de4bad024d4d63c449dab564f821fdd307ea3e4fc77,Functional Roads and Bridges expenditure includes all road classes; it is not a State Highway-only budget. BE/RE retained separately. Revenue account and capital outlay exclude loans/repayments.,Karnataka,2025,roads_bridges_capital_outlay_inr_crore,7211.706,official_measured,official,,,,,,,,capital_outlay|roads_and_bridges_all_classes,,,,,,
state_karnataka,Karnataka,state_aggregate,State governments,Karnataka,roads_and_bridges_all_classes,roads_bridges_capital_outlay_inr_crore,7791.706,INR crore,779170.6,INR lakh,2024-04-01,2025-03-31,fiscal_year,RE,capital_outlay,2026-01-23,2026-01-23,rbi_state_road_finances,https://rbidocs.rbi.org.in/rdocs/Publications/PDFs/0SF23012026877D47254C4F4B0793B2C38F05FB7EC5.PDF,PDF p289; printed p276; Appendix IV Roads and Bridges,official_measured,True,0da62779a6cb5441149e0de4bad024d4d63c449dab564f821fdd307ea3e4fc77,Functional Roads and Bridges expenditure includes all road classes; it is not a State Highway-only budget. BE/RE retained separately. Revenue account and capital outlay exclude loans/repayments.,Karnataka,2025,roads_bridges_capital_outlay_inr_crore,7791.706,official_measured,official,,,,,,,,capital_outlay|roads_and_bridges_all_classes,,,,,,
state_karnataka,Karnataka,state_aggregate,State governments,Karnataka,roads_and_bridges_all_classes,roads_bridges_capital_outlay_inr_crore,6327.8150000000005,INR crore,632781.5,INR lakh,2025-04-01,2026-03-31,fiscal_year,BE,capital_outlay,2026-01-23,2026-01-23,rbi_state_road_finances,https://rbidocs.rbi.org.in/rdocs/Publications/PDFs/0SF23012026877D47254C4F4B0793B2C38F05FB7EC5.PDF,PDF p289; printed p276; Appendix IV Roads and Bridges,official_measured,True,0da62779a6cb5441149e0de4bad024d4d63c449dab564f821fdd307ea3e4fc77,Functional Roads and Bridges expenditure includes all road classes; it is not a State Highway-only budget. BE/RE retained separately. Revenue account and capital outlay exclude loans/repayments.,Karnataka,2026,roads_bridges_capital_outlay_inr_crore,6327.8150000000005,official_measured,official,,,,,,,,capital_outlay|roads_and_bridges_all_classes,,,,,,
state_kerala,Kerala,state_aggregate,State governments,Kerala,roads_and_bridges_all_classes,roads_bridges_capital_outlay_inr_crore,2123.781,INR crore,212378.1,INR lakh,2023-04-01,2024-03-31,fiscal_year,actual,capital_outlay,2026-01-23,2026-01-23,rbi_state_road_finances,https://rbidocs.rbi.org.in/rdocs/Publications/PDFs/0SF23012026877D47254C4F4B0793B2C38F05FB7EC5.PDF,PDF p292; printed p279; Appendix IV Roads and Bridges,official_measured,True,0da62779a6cb5441149e0de4bad024d4d63c449dab564f821fdd307ea3e4fc77,Functional Roads and Bridges expenditure includes all road classes; it is not a State Highway-only budget. BE/RE retained separately. Revenue account and capital outlay exclude loans/repayments.,Kerala,2024,roads_bridges_capital_outlay_inr_crore,2123.781,official_measured,official,,,,,,,,capital_outlay|roads_and_bridges_all_classes,,,,,,
state_kerala,Kerala,state_aggregate,State governments,Kerala,roads_and_bridges_all_classes,roads_bridges_capital_outlay_inr_crore,2930.76,INR crore,293076.0,INR lakh,2024-04-01,2025-03-31,fiscal_year,BE,capital_outlay,2026-01-23,2026-01-23,rbi_state_road_finances,https://rbidocs.rbi.org.in/rdocs/Publications/PDFs/0SF23012026877D47254C4F4B0793B2C38F05FB7EC5.PDF,PDF p292; printed p279; Appendix IV Roads and Bridges,official_measured,True,0da62779a6cb5441149e0de4bad024d4d63c449dab564f821fdd307ea3e4fc77,Functional Roads and Bridges expenditure includes all road classes; it is not a State Highway-only budget. BE/RE retained separately. Revenue account and capital outlay exclude loans/repayments.,Kerala,2025,roads_bridges_capital_outlay_inr_crore,2930.76,official_measured,official,,,,,,,,capital_outlay|roads_and_bridges_all_classes,,,,,,
state_kerala,Kerala,state_aggregate,State governments,Kerala,roads_and_bridges_all_classes,roads_bridges_capital_outlay_inr_crore,1882.0339999999999,INR crore,188203.4,INR lakh,2024-04-01,2025-03-31,fiscal_year,RE,capital_outlay,2026-01-23,2026-01-23,rbi_state_road_finances,https://rbidocs.rbi.org.in/rdocs/Publications/PDFs/0SF23012026877D47254C4F4B0793B2C38F05FB7EC5.PDF,PDF p292; printed p279; Appendix IV Roads and Bridges,official_measured,True,0da62779a6cb5441149e0de4bad024d4d63c449dab564f821fdd307ea3e4fc77,Functional Roads and Bridges expenditure includes all road classes; it is not a State Highway-only budget. BE/RE retained separately. Revenue account and capital outlay exclude loans/repayments.,Kerala,2025,roads_bridges_capital_outlay_inr_crore,1882.0339999999999,official_measured,official,,,,,,,,capital_outlay|roads_and_bridges_all_classes,,,,,,
state_kerala,Kerala,state_aggregate,State governments,Kerala,roads_and_bridges_all_classes,roads_bridges_capital_outlay_inr_crore,2870.0490000000004,INR crore,287004.9,INR lakh,2025-04-01,2026-03-31,fiscal_year,BE,capital_outlay,2026-01-23,2026-01-23,rbi_state_road_finances,https://rbidocs.rbi.org.in/rdocs/Publications/PDFs/0SF23012026877D47254C4F4B0793B2C38F05FB7EC5.PDF,PDF p292; printed p279; Appendix IV Roads and Bridges,official_measured,True,0da62779a6cb5441149e0de4bad024d4d63c449dab564f821fdd307ea3e4fc77,Functional Roads and Bridges expenditure includes all road classes; it is not a State Highway-only budget. BE/RE retained separately. Revenue account and capital outlay exclude loans/repayments.,Kerala,2026,roads_bridges_capital_outlay_inr_crore,2870.0490000000004,official_measured,official,,,,,,,,capital_outlay|roads_and_bridges_all_classes,,,,,,
state_madhya_pradesh,Madhya Pradesh,state_aggregate,State governments,Madhya Pradesh,roads_and_bridges_all_classes,roads_bridges_capital_outlay_inr_crore,11319.874,INR crore,1131987.4,INR lakh,2023-04-01,2024-03-31,fiscal_year,actual,capital_outlay,2026-01-23,2026-01-23,rbi_state_road_finances,https://rbidocs.rbi.org.in/rdocs/Publications/PDFs/0SF23012026877D47254C4F4B0793B2C38F05FB7EC5.PDF,PDF p292; printed p279; Appendix IV Roads and Bridges,official_measured,True,0da62779a6cb5441149e0de4bad024d4d63c449dab564f821fdd307ea3e4fc77,Functional Roads and Bridges expenditure includes all road classes; it is not a State Highway-only budget. BE/RE retained separately. Revenue account and capital outlay exclude loans/repayments.,Madhya Pradesh,2024,roads_bridges_capital_outlay_inr_crore,11319.874,official_measured,official,,,,,,,,capital_outlay|roads_and_bridges_all_classes,,,,,,
state_madhya_pradesh,Madhya Pradesh,state_aggregate,State governments,Madhya Pradesh,roads_and_bridges_all_classes,roads_bridges_capital_outlay_inr_crore,6969.903,INR crore,696990.3,INR lakh,2024-04-01,2025-03-31,fiscal_year,BE,capital_outlay,2026-01-23,2026-01-23,rbi_state_road_finances,https://rbidocs.rbi.org.in/rdocs/Publications/PDFs/0SF23012026877D47254C4F4B0793B2C38F05FB7EC5.PDF,PDF p292; printed p279; Appendix IV Roads and Bridges,official_measured,True,0da62779a6cb5441149e0de4bad024d4d63c449dab564f821fdd307ea3e4fc77,Functional Roads and Bridges expenditure includes all road classes; it is not a State Highway-only budget. BE/RE retained separately. Revenue account and capital outlay exclude loans/repayments.,Madhya Pradesh,2025,roads_bridges_capital_outlay_inr_crore,6969.903,official_measured,official,,,,,,,,capital_outlay|roads_and_bridges_all_classes,,,,,,
state_madhya_pradesh,Madhya Pradesh,state_aggregate,State governments,Madhya Pradesh,roads_and_bridges_all_classes,roads_bridges_capital_outlay_inr_crore,7906.267,INR crore,790626.7,INR lakh,2024-04-01,2025-03-31,fiscal_year,RE,capital_outlay,2026-01-23,2026-01-23,rbi_state_road_finances,https://rbidocs.rbi.org.in/rdocs/Publications/PDFs/0SF23012026877D47254C4F4B0793B2C38F05FB7EC5.PDF,PDF p292; printed p279; Appendix IV Roads and Bridges,official_measured,True,0da62779a6cb5441149e0de4bad024d4d63c449dab564f821fdd307ea3e4fc77,Functional Roads and Bridges expenditure includes all road classes; it is not a State Highway-only budget. BE/RE retained separately. Revenue account and capital outlay exclude loans/repayments.,Madhya Pradesh,2025,roads_bridges_capital_outlay_inr_crore,7906.267,official_measured,official,,,,,,,,capital_outlay|roads_and_bridges_all_classes,,,,,,
state_madhya_pradesh,Madhya Pradesh,state_aggregate,State governments,Madhya Pradesh,roads_and_bridges_all_classes,roads_bridges_capital_outlay_inr_crore,10420.702,INR crore,1042070.2,INR lakh,2025-04-01,2026-03-31,fiscal_year,BE,capital_outlay,2026-01-23,2026-01-23,rbi_state_road_finances,https://rbidocs.rbi.org.in/rdocs/Publications/PDFs/0SF23012026877D47254C4F4B0793B2C38F05FB7EC5.PDF,PDF p292; printed p279; Appendix IV Roads and Bridges,official_measured,True,0da62779a6cb5441149e0de4bad024d4d63c449dab564f821fdd307ea3e4fc77,Functional Roads and Bridges expenditure includes all road classes; it is not a State Highway-only budget. BE/RE retained separately. Revenue account and capital outlay exclude loans/repayments.,Madhya Pradesh,2026,roads_bridges_capital_outlay_inr_crore,10420.702,official_measured,official,,,,,,,,capital_outlay|roads_and_bridges_all_classes,,,,,,
state_maharashtra,Maharashtra,state_aggregate,State governments,Maharashtra,roads_and_bridges_all_classes,roads_bridges_capital_outlay_inr_crore,26374.509,INR crore,2637450.9,INR lakh,2023-04-01,2024-03-31,fiscal_year,actual,capital_outlay,2026-01-23,2026-01-23,rbi_state_road_finances,https://rbidocs.rbi.org.in/rdocs/Publications/PDFs/0SF23012026877D47254C4F4B0793B2C38F05FB7EC5.PDF,PDF p295; printed p282; Appendix IV Roads and Bridges,official_measured,True,0da62779a6cb5441149e0de4bad024d4d63c449dab564f821fdd307ea3e4fc77,Functional Roads and Bridges expenditure includes all road classes; it is not a State Highway-only budget. BE/RE retained separately. Revenue account and capital outlay exclude loans/repayments.,Maharashtra,2024,roads_bridges_capital_outlay_inr_crore,26374.509,official_measured,official,,,,,,,,capital_outlay|roads_and_bridges_all_classes,,,,,,
state_maharashtra,Maharashtra,state_aggregate,State governments,Maharashtra,roads_and_bridges_all_classes,roads_bridges_capital_outlay_inr_crore,29136.206000000002,INR crore,2913620.6,INR lakh,2024-04-01,2025-03-31,fiscal_year,BE,capital_outlay,2026-01-23,2026-01-23,rbi_state_road_finances,https://rbidocs.rbi.org.in/rdocs/Publications/PDFs/0SF23012026877D47254C4F4B0793B2C38F05FB7EC5.PDF,PDF p295; printed p282; Appendix IV Roads and Bridges,official_measured,True,0da62779a6cb5441149e0de4bad024d4d63c449dab564f821fdd307ea3e4fc77,Functional Roads and Bridges expenditure includes all road classes; it is not a State Highway-only budget. BE/RE retained separately. Revenue account and capital outlay exclude loans/repayments.,Maharashtra,2025,roads_bridges_capital_outlay_inr_crore,29136.206000000002,official_measured,official,,,,,,,,capital_outlay|roads_and_bridges_all_classes,,,,,,
state_maharashtra,Maharashtra,state_aggregate,State governments,Maharashtra,roads_and_bridges_all_classes,roads_bridges_capital_outlay_inr_crore,35851.302,INR crore,3585130.2,INR lakh,2024-04-01,2025-03-31,fiscal_year,RE,capital_outlay,2026-01-23,2026-01-23,rbi_state_road_finances,https://rbidocs.rbi.org.in/rdocs/Publications/PDFs/0SF23012026877D47254C4F4B0793B2C38F05FB7EC5.PDF,PDF p295; printed p282; Appendix IV Roads and Bridges,official_measured,True,0da62779a6cb5441149e0de4bad024d4d63c449dab564f821fdd307ea3e4fc77,Functional Roads and Bridges expenditure includes all road classes; it is not a State Highway-only budget. BE/RE retained separately. Revenue account and capital outlay exclude loans/repayments.,Maharashtra,2025,roads_bridges_capital_outlay_inr_crore,35851.302,official_measured,official,,,,,,,,capital_outlay|roads_and_bridges_all_classes,,,,,,
state_maharashtra,Maharashtra,state_aggregate,State governments,Maharashtra,roads_and_bridges_all_classes,roads_bridges_capital_outlay_inr_crore,29300.499,INR crore,2930049.9,INR lakh,2025-04-01,2026-03-31,fiscal_year,BE,capital_outlay,2026-01-23,2026-01-23,rbi_state_road_finances,https://rbidocs.rbi.org.in/rdocs/Publications/PDFs/0SF23012026877D47254C4F4B0793B2C38F05FB7EC5.PDF,PDF p295; printed p282; Appendix IV Roads and Bridges,official_measured,True,0da62779a6cb5441149e0de4bad024d4d63c449dab564f821fdd307ea3e4fc77,Functional Roads and Bridges expenditure includes all road classes; it is not a State Highway-only budget. BE/RE retained separately. Revenue account and capital outlay exclude loans/repayments.,Maharashtra,2026,roads_bridges_capital_outlay_inr_crore,29300.499,official_measured,official,,,,,,,,capital_outlay|roads_and_bridges_all_classes,,,,,,
state_manipur,Manipur,state_aggregate,State governments,Manipur,roads_and_bridges_all_classes,roads_bridges_capital_outlay_inr_crore,714.643,INR crore,71464.3,INR lakh,2023-04-01,2024-03-31,fiscal_year,actual,capital_outlay,2026-01-23,2026-01-23,rbi_state_road_finances,https://rbidocs.rbi.org.in/rdocs/Publications/PDFs/0SF23012026877D47254C4F4B0793B2C38F05FB7EC5.PDF,PDF p295; printed p282; Appendix IV Roads and Bridges,official_measured,True,0da62779a6cb5441149e0de4bad024d4d63c449dab564f821fdd307ea3e4fc77,Functional Roads and Bridges expenditure includes all road classes; it is not a State Highway-only budget. BE/RE retained separately. Revenue account and capital outlay exclude loans/repayments.,Manipur,2024,roads_bridges_capital_outlay_inr_crore,714.643,official_measured,official,,,,,,,,capital_outlay|roads_and_bridges_all_classes,,,,,,
state_manipur,Manipur,state_aggregate,State governments,Manipur,roads_and_bridges_all_classes,roads_bridges_capital_outlay_inr_crore,1771.851,INR crore,177185.1,INR lakh,2024-04-01,2025-03-31,fiscal_year,BE,capital_outlay,2026-01-23,2026-01-23,rbi_state_road_finances,https://rbidocs.rbi.org.in/rdocs/Publications/PDFs/0SF23012026877D47254C4F4B0793B2C38F05FB7EC5.PDF,PDF p295; printed p282; Appendix IV Roads and Bridges,official_measured,True,0da62779a6cb5441149e0de4bad024d4d63c449dab564f821fdd307ea3e4fc77,Functional Roads and Bridges expenditure includes all road classes; it is not a State Highway-only budget. BE/RE retained separately. Revenue account and capital outlay exclude loans/repayments.,Manipur,2025,roads_bridges_capital_outlay_inr_crore,1771.851,official_measured,official,,,,,,,,capital_outlay|roads_and_bridges_all_classes,,,,,,
state_manipur,Manipur,state_aggregate,State governments,Manipur,roads_and_bridges_all_classes,roads_bridges_capital_outlay_inr_crore,1141.198,INR crore,114119.8,INR lakh,2024-04-01,2025-03-31,fiscal_year,RE,capital_outlay,2026-01-23,2026-01-23,rbi_state_road_finances,https://rbidocs.rbi.org.in/rdocs/Publications/PDFs/0SF23012026877D47254C4F4B0793B2C38F05FB7EC5.PDF,PDF p295; printed p282; Appendix IV Roads and Bridges,official_measured,True,0da62779a6cb5441149e0de4bad024d4d63c449dab564f821fdd307ea3e4fc77,Functional Roads and Bridges expenditure includes all road classes; it is not a State Highway-only budget. BE/RE retained separately. Revenue account and capital outlay exclude loans/repayments.,Manipur,2025,roads_bridges_capital_outlay_inr_crore,1141.198,official_measured,official,,,,,,,,capital_outlay|roads_and_bridges_all_classes,,,,,,
state_manipur,Manipur,state_aggregate,State governments,Manipur,roads_and_bridges_all_classes,roads_bridges_capital_outlay_inr_crore,337.49,INR crore,33749.0,INR lakh,2025-04-01,2026-03-31,fiscal_year,BE,capital_outlay,2026-01-23,2026-01-23,rbi_state_road_finances,https://rbidocs.rbi.org.in/rdocs/Publications/PDFs/0SF23012026877D47254C4F4B0793B2C38F05FB7EC5.PDF,PDF p295; printed p282; Appendix IV Roads and Bridges,official_measured,True,0da62779a6cb5441149e0de4bad024d4d63c449dab564f821fdd307ea3e4fc77,Functional Roads and Bridges expenditure includes all road classes; it is not a State Highway-only budget. BE/RE retained separately. Revenue account and capital outlay exclude loans/repayments.,Manipur,2026,roads_bridges_capital_outlay_inr_crore,337.49,official_measured,official,,,,,,,,capital_outlay|roads_and_bridges_all_classes,,,,,,
state_meghalaya,Meghalaya,state_aggregate,State governments,Meghalaya,roads_and_bridges_all_classes,roads_bridges_capital_outlay_inr_crore,1197.742,INR crore,119774.2,INR lakh,2023-04-01,2024-03-31,fiscal_year,actual,capital_outlay,2026-01-23,2026-01-23,rbi_state_road_finances,https://rbidocs.rbi.org.in/rdocs/Publications/PDFs/0SF23012026877D47254C4F4B0793B2C38F05FB7EC5.PDF,PDF p298; printed p285; Appendix IV Roads and Bridges,official_measured,True,0da62779a6cb5441149e0de4bad024d4d63c449dab564f821fdd307ea3e4fc77,Functional Roads and Bridges expenditure includes all road classes; it is not a State Highway-only budget. BE/RE retained separately. Revenue account and capital outlay exclude loans/repayments.,Meghalaya,2024,roads_bridges_capital_outlay_inr_crore,1197.742,official_measured,official,,,,,,,,capital_outlay|roads_and_bridges_all_classes,,,,,,
state_meghalaya,Meghalaya,state_aggregate,State governments,Meghalaya,roads_and_bridges_all_classes,roads_bridges_capital_outlay_inr_crore,1417.6000000000001,INR crore,141760.0,INR lakh,2024-04-01,2025-03-31,fiscal_year,BE,capital_outlay,2026-01-23,2026-01-23,rbi_state_road_finances,https://rbidocs.rbi.org.in/rdocs/Publications/PDFs/0SF23012026877D47254C4F4B0793B2C38F05FB7EC5.PDF,PDF p298; printed p285; Appendix IV Roads and Bridges,official_measured,True,0da62779a6cb5441149e0de4bad024d4d63c449dab564f821fdd307ea3e4fc77,Functional Roads and Bridges expenditure includes all road classes; it is not a State Highway-only budget. BE/RE retained separately. Revenue account and capital outlay exclude loans/repayments.,Meghalaya,2025,roads_bridges_capital_outlay_inr_crore,1417.6000000000001,official_measured,official,,,,,,,,capital_outlay|roads_and_bridges_all_classes,,,,,,
state_meghalaya,Meghalaya,state_aggregate,State governments,Meghalaya,roads_and_bridges_all_classes,roads_bridges_capital_outlay_inr_crore,1417.6000000000001,INR crore,141760.0,INR lakh,2024-04-01,2025-03-31,fiscal_year,RE,capital_outlay,2026-01-23,2026-01-23,rbi_state_road_finances,https://rbidocs.rbi.org.in/rdocs/Publications/PDFs/0SF23012026877D47254C4F4B0793B2C38F05FB7EC5.PDF,PDF p298; printed p285; Appendix IV Roads and Bridges,official_measured,True,0da62779a6cb5441149e0de4bad024d4d63c449dab564f821fdd307ea3e4fc77,Functional Roads and Bridges expenditure includes all road classes; it is not a State Highway-only budget. BE/RE retained separately. Revenue account and capital outlay exclude loans/repayments.,Meghalaya,2025,roads_bridges_capital_outlay_inr_crore,1417.6000000000001,official_measured,official,,,,,,,,capital_outlay|roads_and_bridges_all_classes,,,,,,
state_meghalaya,Meghalaya,state_aggregate,State governments,Meghalaya,roads_and_bridges_all_classes,roads_bridges_capital_outlay_inr_crore,1559.065,INR crore,155906.5,INR lakh,2025-04-01,2026-03-31,fiscal_year,BE,capital_outlay,2026-01-23,2026-01-23,rbi_state_road_finances,https://rbidocs.rbi.org.in/rdocs/Publications/PDFs/0SF23012026877D47254C4F4B0793B2C38F05FB7EC5.PDF,PDF p298; printed p285; Appendix IV Roads and Bridges,official_measured,True,0da62779a6cb5441149e0de4bad024d4d63c449dab564f821fdd307ea3e4fc77,Functional Roads and Bridges expenditure includes all road classes; it is not a State Highway-only budget. BE/RE retained separately. Revenue account and capital outlay exclude loans/repayments.,Meghalaya,2026,roads_bridges_capital_outlay_inr_crore,1559.065,official_measured,official,,,,,,,,capital_outlay|roads_and_bridges_all_classes,,,,,,
state_mizoram,Mizoram,state_aggregate,State governments,Mizoram,roads_and_bridges_all_classes,roads_bridges_capital_outlay_inr_crore,441.20300000000003,INR crore,44120.3,INR lakh,2023-04-01,2024-03-31,fiscal_year,actual,capital_outlay,2026-01-23,2026-01-23,rbi_state_road_finances,https://rbidocs.rbi.org.in/rdocs/Publications/PDFs/0SF23012026877D47254C4F4B0793B2C38F05FB7EC5.PDF,PDF p298; printed p285; Appendix IV Roads and Bridges,official_measured,True,0da62779a6cb5441149e0de4bad024d4d63c449dab564f821fdd307ea3e4fc77,Functional Roads and Bridges expenditure includes all road classes; it is not a State Highway-only budget. BE/RE retained separately. Revenue account and capital outlay exclude loans/repayments.,Mizoram,2024,roads_bridges_capital_outlay_inr_crore,441.20300000000003,official_measured,official,,,,,,,,capital_outlay|roads_and_bridges_all_classes,,,,,,
state_mizoram,Mizoram,state_aggregate,State governments,Mizoram,roads_and_bridges_all_classes,roads_bridges_capital_outlay_inr_crore,125.465,INR crore,12546.5,INR lakh,2024-04-01,2025-03-31,fiscal_year,BE,capital_outlay,2026-01-23,2026-01-23,rbi_state_road_finances,https://rbidocs.rbi.org.in/rdocs/Publications/PDFs/0SF23012026877D47254C4F4B0793B2C38F05FB7EC5.PDF,PDF p298; printed p285; Appendix IV Roads and Bridges,official_measured,True,0da62779a6cb5441149e0de4bad024d4d63c449dab564f821fdd307ea3e4fc77,Functional Roads and Bridges expenditure includes all road classes; it is not a State Highway-only budget. BE/RE retained separately. Revenue account and capital outlay exclude loans/repayments.,Mizoram,2025,roads_bridges_capital_outlay_inr_crore,125.465,official_measured,official,,,,,,,,capital_outlay|roads_and_bridges_all_classes,,,,,,
state_mizoram,Mizoram,state_aggregate,State governments,Mizoram,roads_and_bridges_all_classes,roads_bridges_capital_outlay_inr_crore,344.09900000000005,INR crore,34409.9,INR lakh,2024-04-01,2025-03-31,fiscal_year,RE,capital_outlay,2026-01-23,2026-01-23,rbi_state_road_finances,https://rbidocs.rbi.org.in/rdocs/Publications/PDFs/0SF23012026877D47254C4F4B0793B2C38F05FB7EC5.PDF,PDF p298; printed p285; Appendix IV Roads and Bridges,official_measured,True,0da62779a6cb5441149e0de4bad024d4d63c449dab564f821fdd307ea3e4fc77,Functional Roads and Bridges expenditure includes all road classes; it is not a State Highway-only budget. BE/RE retained separately. Revenue account and capital outlay exclude loans/repayments.,Mizoram,2025,roads_bridges_capital_outlay_inr_crore,344.09900000000005,official_measured,official,,,,,,,,capital_outlay|roads_and_bridges_all_classes,,,,,,
state_mizoram,Mizoram,state_aggregate,State governments,Mizoram,roads_and_bridges_all_classes,roads_bridges_capital_outlay_inr_crore,30.0,INR crore,3000.0,INR lakh,2025-04-01,2026-03-31,fiscal_year,BE,capital_outlay,2026-01-23,2026-01-23,rbi_state_road_finances,https://rbidocs.rbi.org.in/rdocs/Publications/PDFs/0SF23012026877D47254C4F4B0793B2C38F05FB7EC5.PDF,PDF p298; printed p285; Appendix IV Roads and Bridges,official_measured,True,0da62779a6cb5441149e0de4bad024d4d63c449dab564f821fdd307ea3e4fc77,Functional Roads and Bridges expenditure includes all road classes; it is not a State Highway-only budget. BE/RE retained separately. Revenue account and capital outlay exclude loans/repayments.,Mizoram,2026,roads_bridges_capital_outlay_inr_crore,30.0,official_measured,official,,,,,,,,capital_outlay|roads_and_bridges_all_classes,,,,,,
state_nagaland,Nagaland,state_aggregate,State governments,Nagaland,roads_and_bridges_all_classes,roads_bridges_capital_outlay_inr_crore,879.3560000000001,INR crore,87935.6,INR lakh,2023-04-01,2024-03-31,fiscal_year,actual,capital_outlay,2026-01-23,2026-01-23,rbi_state_road_finances,https://rbidocs.rbi.org.in/rdocs/Publications/PDFs/0SF23012026877D47254C4F4B0793B2C38F05FB7EC5.PDF,PDF p301; printed p288; Appendix IV Roads and Bridges,official_measured,True,0da62779a6cb5441149e0de4bad024d4d63c449dab564f821fdd307ea3e4fc77,Functional Roads and Bridges expenditure includes all road classes; it is not a State Highway-only budget. BE/RE retained separately. Revenue account and capital outlay exclude loans/repayments.,Nagaland,2024,roads_bridges_capital_outlay_inr_crore,879.3560000000001,official_measured,official,,,,,,,,capital_outlay|roads_and_bridges_all_classes,,,,,,
state_nagaland,Nagaland,state_aggregate,State governments,Nagaland,roads_and_bridges_all_classes,roads_bridges_capital_outlay_inr_crore,314.03000000000003,INR crore,31403.0,INR lakh,2024-04-01,2025-03-31,fiscal_year,BE,capital_outlay,2026-01-23,2026-01-23,rbi_state_road_finances,https://rbidocs.rbi.org.in/rdocs/Publications/PDFs/0SF23012026877D47254C4F4B0793B2C38F05FB7EC5.PDF,PDF p301; printed p288; Appendix IV Roads and Bridges,official_measured,True,0da62779a6cb5441149e0de4bad024d4d63c449dab564f821fdd307ea3e4fc77,Functional Roads and Bridges expenditure includes all road classes; it is not a State Highway-only budget. BE/RE retained separately. Revenue account and capital outlay exclude loans/repayments.,Nagaland,2025,roads_bridges_capital_outlay_inr_crore,314.03000000000003,official_measured,official,,,,,,,,capital_outlay|roads_and_bridges_all_classes,,,,,,
state_nagaland,Nagaland,state_aggregate,State governments,Nagaland,roads_and_bridges_all_classes,roads_bridges_capital_outlay_inr_crore,1238.622,INR crore,123862.2,INR lakh,2024-04-01,2025-03-31,fiscal_year,RE,capital_outlay,2026-01-23,2026-01-23,rbi_state_road_finances,https://rbidocs.rbi.org.in/rdocs/Publications/PDFs/0SF23012026877D47254C4F4B0793B2C38F05FB7EC5.PDF,PDF p301; printed p288; Appendix IV Roads and Bridges,official_measured,True,0da62779a6cb5441149e0de4bad024d4d63c449dab564f821fdd307ea3e4fc77,Functional Roads and Bridges expenditure includes all road classes; it is not a State Highway-only budget. BE/RE retained separately. Revenue account and capital outlay exclude loans/repayments.,Nagaland,2025,roads_bridges_capital_outlay_inr_crore,1238.622,official_measured,official,,,,,,,,capital_outlay|roads_and_bridges_all_classes,,,,,,
state_nagaland,Nagaland,state_aggregate,State governments,Nagaland,roads_and_bridges_all_classes,roads_bridges_capital_outlay_inr_crore,559.0,INR crore,55900.0,INR lakh,2025-04-01,2026-03-31,fiscal_year,BE,capital_outlay,2026-01-23,2026-01-23,rbi_state_road_finances,https://rbidocs.rbi.org.in/rdocs/Publications/PDFs/0SF23012026877D47254C4F4B0793B2C38F05FB7EC5.PDF,PDF p301; printed p288; Appendix IV Roads and Bridges,official_measured,True,0da62779a6cb5441149e0de4bad024d4d63c449dab564f821fdd307ea3e4fc77,Functional Roads and Bridges expenditure includes all road classes; it is not a State Highway-only budget. BE/RE retained separately. Revenue account and capital outlay exclude loans/repayments.,Nagaland,2026,roads_bridges_capital_outlay_inr_crore,559.0,official_measured,official,,,,,,,,capital_outlay|roads_and_bridges_all_classes,,,,,,
state_odisha,Odisha,state_aggregate,State governments,Odisha,roads_and_bridges_all_classes,roads_bridges_capital_outlay_inr_crore,13027.774,INR crore,1302777.4,INR lakh,2023-04-01,2024-03-31,fiscal_year,actual,capital_outlay,2026-01-23,2026-01-23,rbi_state_road_finances,https://rbidocs.rbi.org.in/rdocs/Publications/PDFs/0SF23012026877D47254C4F4B0793B2C38F05FB7EC5.PDF,PDF p301; printed p288; Appendix IV Roads and Bridges,official_measured,True,0da62779a6cb5441149e0de4bad024d4d63c449dab564f821fdd307ea3e4fc77,Functional Roads and Bridges expenditure includes all road classes; it is not a State Highway-only budget. BE/RE retained separately. Revenue account and capital outlay exclude loans/repayments.,Odisha,2024,roads_bridges_capital_outlay_inr_crore,13027.774,official_measured,official,,,,,,,,capital_outlay|roads_and_bridges_all_classes,,,,,,
state_odisha,Odisha,state_aggregate,State governments,Odisha,roads_and_bridges_all_classes,roads_bridges_capital_outlay_inr_crore,15864.714,INR crore,1586471.4,INR lakh,2024-04-01,2025-03-31,fiscal_year,BE,capital_outlay,2026-01-23,2026-01-23,rbi_state_road_finances,https://rbidocs.rbi.org.in/rdocs/Publications/PDFs/0SF23012026877D47254C4F4B0793B2C38F05FB7EC5.PDF,PDF p301; printed p288; Appendix IV Roads and Bridges,official_measured,True,0da62779a6cb5441149e0de4bad024d4d63c449dab564f821fdd307ea3e4fc77,Functional Roads and Bridges expenditure includes all road classes; it is not a State Highway-only budget. BE/RE retained separately. Revenue account and capital outlay exclude loans/repayments.,Odisha,2025,roads_bridges_capital_outlay_inr_crore,15864.714,official_measured,official,,,,,,,,capital_outlay|roads_and_bridges_all_classes,,,,,,
state_odisha,Odisha,state_aggregate,State governments,Odisha,roads_and_bridges_all_classes,roads_bridges_capital_outlay_inr_crore,17642.549,INR crore,1764254.9,INR lakh,2024-04-01,2025-03-31,fiscal_year,RE,capital_outlay,2026-01-23,2026-01-23,rbi_state_road_finances,https://rbidocs.rbi.org.in/rdocs/Publications/PDFs/0SF23012026877D47254C4F4B0793B2C38F05FB7EC5.PDF,PDF p301; printed p288; Appendix IV Roads and Bridges,official_measured,True,0da62779a6cb5441149e0de4bad024d4d63c449dab564f821fdd307ea3e4fc77,Functional Roads and Bridges expenditure includes all road classes; it is not a State Highway-only budget. BE/RE retained separately. Revenue account and capital outlay exclude loans/repayments.,Odisha,2025,roads_bridges_capital_outlay_inr_crore,17642.549,official_measured,official,,,,,,,,capital_outlay|roads_and_bridges_all_classes,,,,,,
state_odisha,Odisha,state_aggregate,State governments,Odisha,roads_and_bridges_all_classes,roads_bridges_capital_outlay_inr_crore,16030.321000000002,INR crore,1603032.1,INR lakh,2025-04-01,2026-03-31,fiscal_year,BE,capital_outlay,2026-01-23,2026-01-23,rbi_state_road_finances,https://rbidocs.rbi.org.in/rdocs/Publications/PDFs/0SF23012026877D47254C4F4B0793B2C38F05FB7EC5.PDF,PDF p301; printed p288; Appendix IV Roads and Bridges,official_measured,True,0da62779a6cb5441149e0de4bad024d4d63c449dab564f821fdd307ea3e4fc77,Functional Roads and Bridges expenditure includes all road classes; it is not a State Highway-only budget. BE/RE retained separately. Revenue account and capital outlay exclude loans/repayments.,Odisha,2026,roads_bridges_capital_outlay_inr_crore,16030.321000000002,official_measured,official,,,,,,,,capital_outlay|roads_and_bridges_all_classes,,,,,,
state_punjab,Punjab,state_aggregate,State governments,Punjab,roads_and_bridges_all_classes,roads_bridges_capital_outlay_inr_crore,932.217,INR crore,93221.7,INR lakh,2023-04-01,2024-03-31,fiscal_year,actual,capital_outlay,2026-01-23,2026-01-23,rbi_state_road_finances,https://rbidocs.rbi.org.in/rdocs/Publications/PDFs/0SF23012026877D47254C4F4B0793B2C38F05FB7EC5.PDF,PDF p304; printed p291; Appendix IV Roads and Bridges,official_measured,True,0da62779a6cb5441149e0de4bad024d4d63c449dab564f821fdd307ea3e4fc77,Functional Roads and Bridges expenditure includes all road classes; it is not a State Highway-only budget. BE/RE retained separately. Revenue account and capital outlay exclude loans/repayments.,Punjab,2024,roads_bridges_capital_outlay_inr_crore,932.217,official_measured,official,,,,,,,,capital_outlay|roads_and_bridges_all_classes,,,,,,
state_punjab,Punjab,state_aggregate,State governments,Punjab,roads_and_bridges_all_classes,roads_bridges_capital_outlay_inr_crore,1672.32,INR crore,167232.0,INR lakh,2024-04-01,2025-03-31,fiscal_year,BE,capital_outlay,2026-01-23,2026-01-23,rbi_state_road_finances,https://rbidocs.rbi.org.in/rdocs/Publications/PDFs/0SF23012026877D47254C4F4B0793B2C38F05FB7EC5.PDF,PDF p304; printed p291; Appendix IV Roads and Bridges,official_measured,True,0da62779a6cb5441149e0de4bad024d4d63c449dab564f821fdd307ea3e4fc77,Functional Roads and Bridges expenditure includes all road classes; it is not a State Highway-only budget. BE/RE retained separately. Revenue account and capital outlay exclude loans/repayments.,Punjab,2025,roads_bridges_capital_outlay_inr_crore,1672.32,official_measured,official,,,,,,,,capital_outlay|roads_and_bridges_all_classes,,,,,,
state_punjab,Punjab,state_aggregate,State governments,Punjab,roads_and_bridges_all_classes,roads_bridges_capital_outlay_inr_crore,1556.4,INR crore,155640.0,INR lakh,2024-04-01,2025-03-31,fiscal_year,RE,capital_outlay,2026-01-23,2026-01-23,rbi_state_road_finances,https://rbidocs.rbi.org.in/rdocs/Publications/PDFs/0SF23012026877D47254C4F4B0793B2C38F05FB7EC5.PDF,PDF p304; printed p291; Appendix IV Roads and Bridges,official_measured,True,0da62779a6cb5441149e0de4bad024d4d63c449dab564f821fdd307ea3e4fc77,Functional Roads and Bridges expenditure includes all road classes; it is not a State Highway-only budget. BE/RE retained separately. Revenue account and capital outlay exclude loans/repayments.,Punjab,2025,roads_bridges_capital_outlay_inr_crore,1556.4,official_measured,official,,,,,,,,capital_outlay|roads_and_bridges_all_classes,,,,,,
state_punjab,Punjab,state_aggregate,State governments,Punjab,roads_and_bridges_all_classes,roads_bridges_capital_outlay_inr_crore,1610.25,INR crore,161025.0,INR lakh,2025-04-01,2026-03-31,fiscal_year,BE,capital_outlay,2026-01-23,2026-01-23,rbi_state_road_finances,https://rbidocs.rbi.org.in/rdocs/Publications/PDFs/0SF23012026877D47254C4F4B0793B2C38F05FB7EC5.PDF,PDF p304; printed p291; Appendix IV Roads and Bridges,official_measured,True,0da62779a6cb5441149e0de4bad024d4d63c449dab564f821fdd307ea3e4fc77,Functional Roads and Bridges expenditure includes all road classes; it is not a State Highway-only budget. BE/RE retained separately. Revenue account and capital outlay exclude loans/repayments.,Punjab,2026,roads_bridges_capital_outlay_inr_crore,1610.25,official_measured,official,,,,,,,,capital_outlay|roads_and_bridges_all_classes,,,,,,
state_rajasthan,Rajasthan,state_aggregate,State governments,Rajasthan,roads_and_bridges_all_classes,roads_bridges_capital_outlay_inr_crore,6472.879000000001,INR crore,647287.9,INR lakh,2023-04-01,2024-03-31,fiscal_year,actual,capital_outlay,2026-01-23,2026-01-23,rbi_state_road_finances,https://rbidocs.rbi.org.in/rdocs/Publications/PDFs/0SF23012026877D47254C4F4B0793B2C38F05FB7EC5.PDF,PDF p304; printed p291; Appendix IV Roads and Bridges,official_measured,True,0da62779a6cb5441149e0de4bad024d4d63c449dab564f821fdd307ea3e4fc77,Functional Roads and Bridges expenditure includes all road classes; it is not a State Highway-only budget. BE/RE retained separately. Revenue account and capital outlay exclude loans/repayments.,Rajasthan,2024,roads_bridges_capital_outlay_inr_crore,6472.879000000001,official_measured,official,,,,,,,,capital_outlay|roads_and_bridges_all_classes,,,,,,
state_rajasthan,Rajasthan,state_aggregate,State governments,Rajasthan,roads_and_bridges_all_classes,roads_bridges_capital_outlay_inr_crore,9376.437,INR crore,937643.7,INR lakh,2024-04-01,2025-03-31,fiscal_year,BE,capital_outlay,2026-01-23,2026-01-23,rbi_state_road_finances,https://rbidocs.rbi.org.in/rdocs/Publications/PDFs/0SF23012026877D47254C4F4B0793B2C38F05FB7EC5.PDF,PDF p304; printed p291; Appendix IV Roads and Bridges,official_measured,True,0da62779a6cb5441149e0de4bad024d4d63c449dab564f821fdd307ea3e4fc77,Functional Roads and Bridges expenditure includes all road classes; it is not a State Highway-only budget. BE/RE retained separately. Revenue account and capital outlay exclude loans/repayments.,Rajasthan,2025,roads_bridges_capital_outlay_inr_crore,9376.437,official_measured,official,,,,,,,,capital_outlay|roads_and_bridges_all_classes,,,,,,
state_rajasthan,Rajasthan,state_aggregate,State governments,Rajasthan,roads_and_bridges_all_classes,roads_bridges_capital_outlay_inr_crore,9585.794,INR crore,958579.4,INR lakh,2024-04-01,2025-03-31,fiscal_year,RE,capital_outlay,2026-01-23,2026-01-23,rbi_state_road_finances,https://rbidocs.rbi.org.in/rdocs/Publications/PDFs/0SF23012026877D47254C4F4B0793B2C38F05FB7EC5.PDF,PDF p304; printed p291; Appendix IV Roads and Bridges,official_measured,True,0da62779a6cb5441149e0de4bad024d4d63c449dab564f821fdd307ea3e4fc77,Functional Roads and Bridges expenditure includes all road classes; it is not a State Highway-only budget. BE/RE retained separately. Revenue account and capital outlay exclude loans/repayments.,Rajasthan,2025,roads_bridges_capital_outlay_inr_crore,9585.794,official_measured,official,,,,,,,,capital_outlay|roads_and_bridges_all_classes,,,,,,
state_rajasthan,Rajasthan,state_aggregate,State governments,Rajasthan,roads_and_bridges_all_classes,roads_bridges_capital_outlay_inr_crore,14015.615,INR crore,1401561.5,INR lakh,2025-04-01,2026-03-31,fiscal_year,BE,capital_outlay,2026-01-23,2026-01-23,rbi_state_road_finances,https://rbidocs.rbi.org.in/rdocs/Publications/PDFs/0SF23012026877D47254C4F4B0793B2C38F05FB7EC5.PDF,PDF p304; printed p291; Appendix IV Roads and Bridges,official_measured,True,0da62779a6cb5441149e0de4bad024d4d63c449dab564f821fdd307ea3e4fc77,Functional Roads and Bridges expenditure includes all road classes; it is not a State Highway-only budget. BE/RE retained separately. Revenue account and capital outlay exclude loans/repayments.,Rajasthan,2026,roads_bridges_capital_outlay_inr_crore,14015.615,official_measured,official,,,,,,,,capital_outlay|roads_and_bridges_all_classes,,,,,,
state_sikkim,Sikkim,state_aggregate,State governments,Sikkim,roads_and_bridges_all_classes,roads_bridges_capital_outlay_inr_crore,429.15000000000003,INR crore,42915.0,INR lakh,2023-04-01,2024-03-31,fiscal_year,actual,capital_outlay,2026-01-23,2026-01-23,rbi_state_road_finances,https://rbidocs.rbi.org.in/rdocs/Publications/PDFs/0SF23012026877D47254C4F4B0793B2C38F05FB7EC5.PDF,PDF p307; printed p294; Appendix IV Roads and Bridges,official_measured,True,0da62779a6cb5441149e0de4bad024d4d63c449dab564f821fdd307ea3e4fc77,Functional Roads and Bridges expenditure includes all road classes; it is not a State Highway-only budget. BE/RE retained separately. Revenue account and capital outlay exclude loans/repayments.,Sikkim,2024,roads_bridges_capital_outlay_inr_crore,429.15000000000003,official_measured,official,,,,,,,,capital_outlay|roads_and_bridges_all_classes,,,,,,
state_sikkim,Sikkim,state_aggregate,State governments,Sikkim,roads_and_bridges_all_classes,roads_bridges_capital_outlay_inr_crore,509.24,INR crore,50924.0,INR lakh,2024-04-01,2025-03-31,fiscal_year,BE,capital_outlay,2026-01-23,2026-01-23,rbi_state_road_finances,https://rbidocs.rbi.org.in/rdocs/Publications/PDFs/0SF23012026877D47254C4F4B0793B2C38F05FB7EC5.PDF,PDF p307; printed p294; Appendix IV Roads and Bridges,official_measured,True,0da62779a6cb5441149e0de4bad024d4d63c449dab564f821fdd307ea3e4fc77,Functional Roads and Bridges expenditure includes all road classes; it is not a State Highway-only budget. BE/RE retained separately. Revenue account and capital outlay exclude loans/repayments.,Sikkim,2025,roads_bridges_capital_outlay_inr_crore,509.24,official_measured,official,,,,,,,,capital_outlay|roads_and_bridges_all_classes,,,,,,
state_sikkim,Sikkim,state_aggregate,State governments,Sikkim,roads_and_bridges_all_classes,roads_bridges_capital_outlay_inr_crore,530.288,INR crore,53028.8,INR lakh,2024-04-01,2025-03-31,fiscal_year,RE,capital_outlay,2026-01-23,2026-01-23,rbi_state_road_finances,https://rbidocs.rbi.org.in/rdocs/Publications/PDFs/0SF23012026877D47254C4F4B0793B2C38F05FB7EC5.PDF,PDF p307; printed p294; Appendix IV Roads and Bridges,official_measured,True,0da62779a6cb5441149e0de4bad024d4d63c449dab564f821fdd307ea3e4fc77,Functional Roads and Bridges expenditure includes all road classes; it is not a State Highway-only budget. BE/RE retained separately. Revenue account and capital outlay exclude loans/repayments.,Sikkim,2025,roads_bridges_capital_outlay_inr_crore,530.288,official_measured,official,,,,,,,,capital_outlay|roads_and_bridges_all_classes,,,,,,
state_sikkim,Sikkim,state_aggregate,State governments,Sikkim,roads_and_bridges_all_classes,roads_bridges_capital_outlay_inr_crore,670.352,INR crore,67035.2,INR lakh,2025-04-01,2026-03-31,fiscal_year,BE,capital_outlay,2026-01-23,2026-01-23,rbi_state_road_finances,https://rbidocs.rbi.org.in/rdocs/Publications/PDFs/0SF23012026877D47254C4F4B0793B2C38F05FB7EC5.PDF,PDF p307; printed p294; Appendix IV Roads and Bridges,official_measured,True,0da62779a6cb5441149e0de4bad024d4d63c449dab564f821fdd307ea3e4fc77,Functional Roads and Bridges expenditure includes all road classes; it is not a State Highway-only budget. BE/RE retained separately. Revenue account and capital outlay exclude loans/repayments.,Sikkim,2026,roads_bridges_capital_outlay_inr_crore,670.352,official_measured,official,,,,,,,,capital_outlay|roads_and_bridges_all_classes,,,,,,
state_tamil_nadu,Tamil Nadu,state_aggregate,State governments,Tamil Nadu,roads_and_bridges_all_classes,roads_bridges_capital_outlay_inr_crore,16147.951000000001,INR crore,1614795.1,INR lakh,2023-04-01,2024-03-31,fiscal_year,actual,capital_outlay,2026-01-23,2026-01-23,rbi_state_road_finances,https://rbidocs.rbi.org.in/rdocs/Publications/PDFs/0SF23012026877D47254C4F4B0793B2C38F05FB7EC5.PDF,PDF p307; printed p294; Appendix IV Roads and Bridges,official_measured,True,0da62779a6cb5441149e0de4bad024d4d63c449dab564f821fdd307ea3e4fc77,Functional Roads and Bridges expenditure includes all road classes; it is not a State Highway-only budget. BE/RE retained separately. Revenue account and capital outlay exclude loans/repayments.,Tamil Nadu,2024,roads_bridges_capital_outlay_inr_crore,16147.951000000001,official_measured,official,,,,,,,,capital_outlay|roads_and_bridges_all_classes,,,,,,
state_tamil_nadu,Tamil Nadu,state_aggregate,State governments,Tamil Nadu,roads_and_bridges_all_classes,roads_bridges_capital_outlay_inr_crore,17888.549,INR crore,1788854.9,INR lakh,2024-04-01,2025-03-31,fiscal_year,BE,capital_outlay,2026-01-23,2026-01-23,rbi_state_road_finances,https://rbidocs.rbi.org.in/rdocs/Publications/PDFs/0SF23012026877D47254C4F4B0793B2C38F05FB7EC5.PDF,PDF p307; printed p294; Appendix IV Roads and Bridges,official_measured,True,0da62779a6cb5441149e0de4bad024d4d63c449dab564f821fdd307ea3e4fc77,Functional Roads and Bridges expenditure includes all road classes; it is not a State Highway-only budget. BE/RE retained separately. Revenue account and capital outlay exclude loans/repayments.,Tamil Nadu,2025,roads_bridges_capital_outlay_inr_crore,17888.549,official_measured,official,,,,,,,,capital_outlay|roads_and_bridges_all_classes,,,,,,
state_tamil_nadu,Tamil Nadu,state_aggregate,State governments,Tamil Nadu,roads_and_bridges_all_classes,roads_bridges_capital_outlay_inr_crore,17025.053,INR crore,1702505.3,INR lakh,2024-04-01,2025-03-31,fiscal_year,RE,capital_outlay,2026-01-23,2026-01-23,rbi_state_road_finances,https://rbidocs.rbi.org.in/rdocs/Publications/PDFs/0SF23012026877D47254C4F4B0793B2C38F05FB7EC5.PDF,PDF p307; printed p294; Appendix IV Roads and Bridges,official_measured,True,0da62779a6cb5441149e0de4bad024d4d63c449dab564f821fdd307ea3e4fc77,Functional Roads and Bridges expenditure includes all road classes; it is not a State Highway-only budget. BE/RE retained separately. Revenue account and capital outlay exclude loans/repayments.,Tamil Nadu,2025,roads_bridges_capital_outlay_inr_crore,17025.053,official_measured,official,,,,,,,,capital_outlay|roads_and_bridges_all_classes,,,,,,
state_tamil_nadu,Tamil Nadu,state_aggregate,State governments,Tamil Nadu,roads_and_bridges_all_classes,roads_bridges_capital_outlay_inr_crore,18456.395,INR crore,1845639.5,INR lakh,2025-04-01,2026-03-31,fiscal_year,BE,capital_outlay,2026-01-23,2026-01-23,rbi_state_road_finances,https://rbidocs.rbi.org.in/rdocs/Publications/PDFs/0SF23012026877D47254C4F4B0793B2C38F05FB7EC5.PDF,PDF p307; printed p294; Appendix IV Roads and Bridges,official_measured,True,0da62779a6cb5441149e0de4bad024d4d63c449dab564f821fdd307ea3e4fc77,Functional Roads and Bridges expenditure includes all road classes; it is not a State Highway-only budget. BE/RE retained separately. Revenue account and capital outlay exclude loans/repayments.,Tamil Nadu,2026,roads_bridges_capital_outlay_inr_crore,18456.395,official_measured,official,,,,,,,,capital_outlay|roads_and_bridges_all_classes,,,,,,
state_telangana,Telangana,state_aggregate,State governments,Telangana,roads_and_bridges_all_classes,roads_bridges_capital_outlay_inr_crore,947.7389999999999,INR crore,94773.9,INR lakh,2023-04-01,2024-03-31,fiscal_year,actual,capital_outlay,2026-01-23,2026-01-23,rbi_state_road_finances,https://rbidocs.rbi.org.in/rdocs/Publications/PDFs/0SF23012026877D47254C4F4B0793B2C38F05FB7EC5.PDF,PDF p310; printed p297; Appendix IV Roads and Bridges,official_measured,True,0da62779a6cb5441149e0de4bad024d4d63c449dab564f821fdd307ea3e4fc77,Functional Roads and Bridges expenditure includes all road classes; it is not a State Highway-only budget. BE/RE retained separately. Revenue account and capital outlay exclude loans/repayments.,Telangana,2024,roads_bridges_capital_outlay_inr_crore,947.7389999999999,official_measured,official,,,,,,,,capital_outlay|roads_and_bridges_all_classes,,,,,,
state_telangana,Telangana,state_aggregate,State governments,Telangana,roads_and_bridges_all_classes,roads_bridges_capital_outlay_inr_crore,3131.472,INR crore,313147.2,INR lakh,2024-04-01,2025-03-31,fiscal_year,BE,capital_outlay,2026-01-23,2026-01-23,rbi_state_road_finances,https://rbidocs.rbi.org.in/rdocs/Publications/PDFs/0SF23012026877D47254C4F4B0793B2C38F05FB7EC5.PDF,PDF p310; printed p297; Appendix IV Roads and Bridges,official_measured,True,0da62779a6cb5441149e0de4bad024d4d63c449dab564f821fdd307ea3e4fc77,Functional Roads and Bridges expenditure includes all road classes; it is not a State Highway-only budget. BE/RE retained separately. Revenue account and capital outlay exclude loans/repayments.,Telangana,2025,roads_bridges_capital_outlay_inr_crore,3131.472,official_measured,official,,,,,,,,capital_outlay|roads_and_bridges_all_classes,,,,,,
state_telangana,Telangana,state_aggregate,State governments,Telangana,roads_and_bridges_all_classes,roads_bridges_capital_outlay_inr_crore,3131.472,INR crore,313147.2,INR lakh,2024-04-01,2025-03-31,fiscal_year,RE,capital_outlay,2026-01-23,2026-01-23,rbi_state_road_finances,https://rbidocs.rbi.org.in/rdocs/Publications/PDFs/0SF23012026877D47254C4F4B0793B2C38F05FB7EC5.PDF,PDF p310; printed p297; Appendix IV Roads and Bridges,official_measured,True,0da62779a6cb5441149e0de4bad024d4d63c449dab564f821fdd307ea3e4fc77,Functional Roads and Bridges expenditure includes all road classes; it is not a State Highway-only budget. BE/RE retained separately. Revenue account and capital outlay exclude loans/repayments.,Telangana,2025,roads_bridges_capital_outlay_inr_crore,3131.472,official_measured,official,,,,,,,,capital_outlay|roads_and_bridges_all_classes,,,,,,
state_telangana,Telangana,state_aggregate,State governments,Telangana,roads_and_bridges_all_classes,roads_bridges_capital_outlay_inr_crore,3431.472,INR crore,343147.2,INR lakh,2025-04-01,2026-03-31,fiscal_year,BE,capital_outlay,2026-01-23,2026-01-23,rbi_state_road_finances,https://rbidocs.rbi.org.in/rdocs/Publications/PDFs/0SF23012026877D47254C4F4B0793B2C38F05FB7EC5.PDF,PDF p310; printed p297; Appendix IV Roads and Bridges,official_measured,True,0da62779a6cb5441149e0de4bad024d4d63c449dab564f821fdd307ea3e4fc77,Functional Roads and Bridges expenditure includes all road classes; it is not a State Highway-only budget. BE/RE retained separately. Revenue account and capital outlay exclude loans/repayments.,Telangana,2026,roads_bridges_capital_outlay_inr_crore,3431.472,official_measured,official,,,,,,,,capital_outlay|roads_and_bridges_all_classes,,,,,,
state_tripura,Tripura,state_aggregate,State governments,Tripura,roads_and_bridges_all_classes,roads_bridges_capital_outlay_inr_crore,749.434,INR crore,74943.4,INR lakh,2023-04-01,2024-03-31,fiscal_year,actual,capital_outlay,2026-01-23,2026-01-23,rbi_state_road_finances,https://rbidocs.rbi.org.in/rdocs/Publications/PDFs/0SF23012026877D47254C4F4B0793B2C38F05FB7EC5.PDF,PDF p310; printed p297; Appendix IV Roads and Bridges,official_measured,True,0da62779a6cb5441149e0de4bad024d4d63c449dab564f821fdd307ea3e4fc77,Functional Roads and Bridges expenditure includes all road classes; it is not a State Highway-only budget. BE/RE retained separately. Revenue account and capital outlay exclude loans/repayments.,Tripura,2024,roads_bridges_capital_outlay_inr_crore,749.434,official_measured,official,,,,,,,,capital_outlay|roads_and_bridges_all_classes,,,,,,
state_tripura,Tripura,state_aggregate,State governments,Tripura,roads_and_bridges_all_classes,roads_bridges_capital_outlay_inr_crore,1216.01,INR crore,121601.0,INR lakh,2024-04-01,2025-03-31,fiscal_year,BE,capital_outlay,2026-01-23,2026-01-23,rbi_state_road_finances,https://rbidocs.rbi.org.in/rdocs/Publications/PDFs/0SF23012026877D47254C4F4B0793B2C38F05FB7EC5.PDF,PDF p310; printed p297; Appendix IV Roads and Bridges,official_measured,True,0da62779a6cb5441149e0de4bad024d4d63c449dab564f821fdd307ea3e4fc77,Functional Roads and Bridges expenditure includes all road classes; it is not a State Highway-only budget. BE/RE retained separately. Revenue account and capital outlay exclude loans/repayments.,Tripura,2025,roads_bridges_capital_outlay_inr_crore,1216.01,official_measured,official,,,,,,,,capital_outlay|roads_and_bridges_all_classes,,,,,,
state_tripura,Tripura,state_aggregate,State governments,Tripura,roads_and_bridges_all_classes,roads_bridges_capital_outlay_inr_crore,1998.3760000000002,INR crore,199837.6,INR lakh,2024-04-01,2025-03-31,fiscal_year,RE,capital_outlay,2026-01-23,2026-01-23,rbi_state_road_finances,https://rbidocs.rbi.org.in/rdocs/Publications/PDFs/0SF23012026877D47254C4F4B0793B2C38F05FB7EC5.PDF,PDF p310; printed p297; Appendix IV Roads and Bridges,official_measured,True,0da62779a6cb5441149e0de4bad024d4d63c449dab564f821fdd307ea3e4fc77,Functional Roads and Bridges expenditure includes all road classes; it is not a State Highway-only budget. BE/RE retained separately. Revenue account and capital outlay exclude loans/repayments.,Tripura,2025,roads_bridges_capital_outlay_inr_crore,1998.3760000000002,official_measured,official,,,,,,,,capital_outlay|roads_and_bridges_all_classes,,,,,,
state_tripura,Tripura,state_aggregate,State governments,Tripura,roads_and_bridges_all_classes,roads_bridges_capital_outlay_inr_crore,1753.01,INR crore,175301.0,INR lakh,2025-04-01,2026-03-31,fiscal_year,BE,capital_outlay,2026-01-23,2026-01-23,rbi_state_road_finances,https://rbidocs.rbi.org.in/rdocs/Publications/PDFs/0SF23012026877D47254C4F4B0793B2C38F05FB7EC5.PDF,PDF p310; printed p297; Appendix IV Roads and Bridges,official_measured,True,0da62779a6cb5441149e0de4bad024d4d63c449dab564f821fdd307ea3e4fc77,Functional Roads and Bridges expenditure includes all road classes; it is not a State Highway-only budget. BE/RE retained separately. Revenue account and capital outlay exclude loans/repayments.,Tripura,2026,roads_bridges_capital_outlay_inr_crore,1753.01,official_measured,official,,,,,,,,capital_outlay|roads_and_bridges_all_classes,,,,,,
state_uttarakhand,Uttarakhand,state_aggregate,State governments,Uttarakhand,roads_and_bridges_all_classes,roads_bridges_capital_outlay_inr_crore,1337.276,INR crore,133727.6,INR lakh,2023-04-01,2024-03-31,fiscal_year,actual,capital_outlay,2026-01-23,2026-01-23,rbi_state_road_finances,https://rbidocs.rbi.org.in/rdocs/Publications/PDFs/0SF23012026877D47254C4F4B0793B2C38F05FB7EC5.PDF,PDF p313; printed p300; Appendix IV Roads and Bridges,official_measured,True,0da62779a6cb5441149e0de4bad024d4d63c449dab564f821fdd307ea3e4fc77,Functional Roads and Bridges expenditure includes all road classes; it is not a State Highway-only budget. BE/RE retained separately. Revenue account and capital outlay exclude loans/repayments.,Uttarakhand,2024,roads_bridges_capital_outlay_inr_crore,1337.276,official_measured,official,,,,,,,,capital_outlay|roads_and_bridges_all_classes,,,,,,
state_uttarakhand,Uttarakhand,state_aggregate,State governments,Uttarakhand,roads_and_bridges_all_classes,roads_bridges_capital_outlay_inr_crore,1438.2,INR crore,143820.0,INR lakh,2024-04-01,2025-03-31,fiscal_year,BE,capital_outlay,2026-01-23,2026-01-23,rbi_state_road_finances,https://rbidocs.rbi.org.in/rdocs/Publications/PDFs/0SF23012026877D47254C4F4B0793B2C38F05FB7EC5.PDF,PDF p313; printed p300; Appendix IV Roads and Bridges,official_measured,True,0da62779a6cb5441149e0de4bad024d4d63c449dab564f821fdd307ea3e4fc77,Functional Roads and Bridges expenditure includes all road classes; it is not a State Highway-only budget. BE/RE retained separately. Revenue account and capital outlay exclude loans/repayments.,Uttarakhand,2025,roads_bridges_capital_outlay_inr_crore,1438.2,official_measured,official,,,,,,,,capital_outlay|roads_and_bridges_all_classes,,,,,,
state_uttarakhand,Uttarakhand,state_aggregate,State governments,Uttarakhand,roads_and_bridges_all_classes,roads_bridges_capital_outlay_inr_crore,1388.2,INR crore,138820.0,INR lakh,2024-04-01,2025-03-31,fiscal_year,RE,capital_outlay,2026-01-23,2026-01-23,rbi_state_road_finances,https://rbidocs.rbi.org.in/rdocs/Publications/PDFs/0SF23012026877D47254C4F4B0793B2C38F05FB7EC5.PDF,PDF p313; printed p300; Appendix IV Roads and Bridges,official_measured,True,0da62779a6cb5441149e0de4bad024d4d63c449dab564f821fdd307ea3e4fc77,Functional Roads and Bridges expenditure includes all road classes; it is not a State Highway-only budget. BE/RE retained separately. Revenue account and capital outlay exclude loans/repayments.,Uttarakhand,2025,roads_bridges_capital_outlay_inr_crore,1388.2,official_measured,official,,,,,,,,capital_outlay|roads_and_bridges_all_classes,,,,,,
state_uttarakhand,Uttarakhand,state_aggregate,State governments,Uttarakhand,roads_and_bridges_all_classes,roads_bridges_capital_outlay_inr_crore,1308.2,INR crore,130820.0,INR lakh,2025-04-01,2026-03-31,fiscal_year,BE,capital_outlay,2026-01-23,2026-01-23,rbi_state_road_finances,https://rbidocs.rbi.org.in/rdocs/Publications/PDFs/0SF23012026877D47254C4F4B0793B2C38F05FB7EC5.PDF,PDF p313; printed p300; Appendix IV Roads and Bridges,official_measured,True,0da62779a6cb5441149e0de4bad024d4d63c449dab564f821fdd307ea3e4fc77,Functional Roads and Bridges expenditure includes all road classes; it is not a State Highway-only budget. BE/RE retained separately. Revenue account and capital outlay exclude loans/repayments.,Uttarakhand,2026,roads_bridges_capital_outlay_inr_crore,1308.2,official_measured,official,,,,,,,,capital_outlay|roads_and_bridges_all_classes,,,,,,
state_uttar_pradesh,Uttar Pradesh,state_aggregate,State governments,Uttar Pradesh,roads_and_bridges_all_classes,roads_bridges_capital_outlay_inr_crore,25994.744,INR crore,2599474.4,INR lakh,2023-04-01,2024-03-31,fiscal_year,actual,capital_outlay,2026-01-23,2026-01-23,rbi_state_road_finances,https://rbidocs.rbi.org.in/rdocs/Publications/PDFs/0SF23012026877D47254C4F4B0793B2C38F05FB7EC5.PDF,PDF p313; printed p300; Appendix IV Roads and Bridges,official_measured,True,0da62779a6cb5441149e0de4bad024d4d63c449dab564f821fdd307ea3e4fc77,Functional Roads and Bridges expenditure includes all road classes; it is not a State Highway-only budget. BE/RE retained separately. Revenue account and capital outlay exclude loans/repayments.,Uttar Pradesh,2024,roads_bridges_capital_outlay_inr_crore,25994.744,official_measured,official,,,,,,,,capital_outlay|roads_and_bridges_all_classes,,,,,,
state_uttar_pradesh,Uttar Pradesh,state_aggregate,State governments,Uttar Pradesh,roads_and_bridges_all_classes,roads_bridges_capital_outlay_inr_crore,33639.817,INR crore,3363981.7,INR lakh,2024-04-01,2025-03-31,fiscal_year,BE,capital_outlay,2026-01-23,2026-01-23,rbi_state_road_finances,https://rbidocs.rbi.org.in/rdocs/Publications/PDFs/0SF23012026877D47254C4F4B0793B2C38F05FB7EC5.PDF,PDF p313; printed p300; Appendix IV Roads and Bridges,official_measured,True,0da62779a6cb5441149e0de4bad024d4d63c449dab564f821fdd307ea3e4fc77,Functional Roads and Bridges expenditure includes all road classes; it is not a State Highway-only budget. BE/RE retained separately. Revenue account and capital outlay exclude loans/repayments.,Uttar Pradesh,2025,roads_bridges_capital_outlay_inr_crore,33639.817,official_measured,official,,,,,,,,capital_outlay|roads_and_bridges_all_classes,,,,,,
state_uttar_pradesh,Uttar Pradesh,state_aggregate,State governments,Uttar Pradesh,roads_and_bridges_all_classes,roads_bridges_capital_outlay_inr_crore,33564.342000000004,INR crore,3356434.2,INR lakh,2024-04-01,2025-03-31,fiscal_year,RE,capital_outlay,2026-01-23,2026-01-23,rbi_state_road_finances,https://rbidocs.rbi.org.in/rdocs/Publications/PDFs/0SF23012026877D47254C4F4B0793B2C38F05FB7EC5.PDF,PDF p313; printed p300; Appendix IV Roads and Bridges,official_measured,True,0da62779a6cb5441149e0de4bad024d4d63c449dab564f821fdd307ea3e4fc77,Functional Roads and Bridges expenditure includes all road classes; it is not a State Highway-only budget. BE/RE retained separately. Revenue account and capital outlay exclude loans/repayments.,Uttar Pradesh,2025,roads_bridges_capital_outlay_inr_crore,33564.342000000004,official_measured,official,,,,,,,,capital_outlay|roads_and_bridges_all_classes,,,,,,
state_uttar_pradesh,Uttar Pradesh,state_aggregate,State governments,Uttar Pradesh,roads_and_bridges_all_classes,roads_bridges_capital_outlay_inr_crore,38342.638,INR crore,3834263.8,INR lakh,2025-04-01,2026-03-31,fiscal_year,BE,capital_outlay,2026-01-23,2026-01-23,rbi_state_road_finances,https://rbidocs.rbi.org.in/rdocs/Publications/PDFs/0SF23012026877D47254C4F4B0793B2C38F05FB7EC5.PDF,PDF p313; printed p300; Appendix IV Roads and Bridges,official_measured,True,0da62779a6cb5441149e0de4bad024d4d63c449dab564f821fdd307ea3e4fc77,Functional Roads and Bridges expenditure includes all road classes; it is not a State Highway-only budget. BE/RE retained separately. Revenue account and capital outlay exclude loans/repayments.,Uttar Pradesh,2026,roads_bridges_capital_outlay_inr_crore,38342.638,official_measured,official,,,,,,,,capital_outlay|roads_and_bridges_all_classes,,,,,,
state_west_bengal,West Bengal,state_aggregate,State governments,West Bengal,roads_and_bridges_all_classes,roads_bridges_capital_outlay_inr_crore,5882.340999999999,INR crore,588234.1,INR lakh,2023-04-01,2024-03-31,fiscal_year,actual,capital_outlay,2026-01-23,2026-01-23,rbi_state_road_finances,https://rbidocs.rbi.org.in/rdocs/Publications/PDFs/0SF23012026877D47254C4F4B0793B2C38F05FB7EC5.PDF,PDF p316; printed p303; Appendix IV Roads and Bridges,official_measured,True,0da62779a6cb5441149e0de4bad024d4d63c449dab564f821fdd307ea3e4fc77,Functional Roads and Bridges expenditure includes all road classes; it is not a State Highway-only budget. BE/RE retained separately. Revenue account and capital outlay exclude loans/repayments.,West Bengal,2024,roads_bridges_capital_outlay_inr_crore,5882.340999999999,official_measured,official,,,,,,,,capital_outlay|roads_and_bridges_all_classes,,,,,,
state_west_bengal,West Bengal,state_aggregate,State governments,West Bengal,roads_and_bridges_all_classes,roads_bridges_capital_outlay_inr_crore,5107.87,INR crore,510787.0,INR lakh,2024-04-01,2025-03-31,fiscal_year,BE,capital_outlay,2026-01-23,2026-01-23,rbi_state_road_finances,https://rbidocs.rbi.org.in/rdocs/Publications/PDFs/0SF23012026877D47254C4F4B0793B2C38F05FB7EC5.PDF,PDF p316; printed p303; Appendix IV Roads and Bridges,official_measured,True,0da62779a6cb5441149e0de4bad024d4d63c449dab564f821fdd307ea3e4fc77,Functional Roads and Bridges expenditure includes all road classes; it is not a State Highway-only budget. BE/RE retained separately. Revenue account and capital outlay exclude loans/repayments.,West Bengal,2025,roads_bridges_capital_outlay_inr_crore,5107.87,official_measured,official,,,,,,,,capital_outlay|roads_and_bridges_all_classes,,,,,,
state_west_bengal,West Bengal,state_aggregate,State governments,West Bengal,roads_and_bridges_all_classes,roads_bridges_capital_outlay_inr_crore,4559.5509999999995,INR crore,455955.1,INR lakh,2024-04-01,2025-03-31,fiscal_year,RE,capital_outlay,2026-01-23,2026-01-23,rbi_state_road_finances,https://rbidocs.rbi.org.in/rdocs/Publications/PDFs/0SF23012026877D47254C4F4B0793B2C38F05FB7EC5.PDF,PDF p316; printed p303; Appendix IV Roads and Bridges,official_measured,True,0da62779a6cb5441149e0de4bad024d4d63c449dab564f821fdd307ea3e4fc77,Functional Roads and Bridges expenditure includes all road classes; it is not a State Highway-only budget. BE/RE retained separately. Revenue account and capital outlay exclude loans/repayments.,West Bengal,2025,roads_bridges_capital_outlay_inr_crore,4559.5509999999995,official_measured,official,,,,,,,,capital_outlay|roads_and_bridges_all_classes,,,,,,
state_west_bengal,West Bengal,state_aggregate,State governments,West Bengal,roads_and_bridges_all_classes,roads_bridges_capital_outlay_inr_crore,5863.82,INR crore,586382.0,INR lakh,2025-04-01,2026-03-31,fiscal_year,BE,capital_outlay,2026-01-23,2026-01-23,rbi_state_road_finances,https://rbidocs.rbi.org.in/rdocs/Publications/PDFs/0SF23012026877D47254C4F4B0793B2C38F05FB7EC5.PDF,PDF p316; printed p303; Appendix IV Roads and Bridges,official_measured,True,0da62779a6cb5441149e0de4bad024d4d63c449dab564f821fdd307ea3e4fc77,Functional Roads and Bridges expenditure includes all road classes; it is not a State Highway-only budget. BE/RE retained separately. Revenue account and capital outlay exclude loans/repayments.,West Bengal,2026,roads_bridges_capital_outlay_inr_crore,5863.82,official_measured,official,,,,,,,,capital_outlay|roads_and_bridges_all_classes,,,,,,
state_delhi,Delhi,state_aggregate,State governments,Delhi,roads_and_bridges_all_classes,roads_bridges_capital_outlay_inr_crore,1936.139,INR crore,193613.9,INR lakh,2023-04-01,2024-03-31,fiscal_year,actual,capital_outlay,2026-01-23,2026-01-23,rbi_state_road_finances,https://rbidocs.rbi.org.in/rdocs/Publications/PDFs/0SF23012026877D47254C4F4B0793B2C38F05FB7EC5.PDF,PDF p319; printed p306; Appendix IV Roads and Bridges,official_measured,True,0da62779a6cb5441149e0de4bad024d4d63c449dab564f821fdd307ea3e4fc77,Functional Roads and Bridges expenditure includes all road classes; it is not a State Highway-only budget. BE/RE retained separately. Revenue account and capital outlay exclude loans/repayments.,Delhi,2024,roads_bridges_capital_outlay_inr_crore,1936.139,official_measured,official,,,,,,,,capital_outlay|roads_and_bridges_all_classes,,,,,,
state_delhi,Delhi,state_aggregate,State governments,Delhi,roads_and_bridges_all_classes,roads_bridges_capital_outlay_inr_crore,1216.0,INR crore,121600.0,INR lakh,2024-04-01,2025-03-31,fiscal_year,BE,capital_outlay,2026-01-23,2026-01-23,rbi_state_road_finances,https://rbidocs.rbi.org.in/rdocs/Publications/PDFs/0SF23012026877D47254C4F4B0793B2C38F05FB7EC5.PDF,PDF p319; printed p306; Appendix IV Roads and Bridges,official_measured,True,0da62779a6cb5441149e0de4bad024d4d63c449dab564f821fdd307ea3e4fc77,Functional Roads and Bridges expenditure includes all road classes; it is not a State Highway-only budget. BE/RE retained separately. Revenue account and capital outlay exclude loans/repayments.,Delhi,2025,roads_bridges_capital_outlay_inr_crore,1216.0,official_measured,official,,,,,,,,capital_outlay|roads_and_bridges_all_classes,,,,,,
state_delhi,Delhi,state_aggregate,State governments,Delhi,roads_and_bridges_all_classes,roads_bridges_capital_outlay_inr_crore,1047.412,INR crore,104741.2,INR lakh,2024-04-01,2025-03-31,fiscal_year,RE,capital_outlay,2026-01-23,2026-01-23,rbi_state_road_finances,https://rbidocs.rbi.org.in/rdocs/Publications/PDFs/0SF23012026877D47254C4F4B0793B2C38F05FB7EC5.PDF,PDF p319; printed p306; Appendix IV Roads and Bridges,official_measured,True,0da62779a6cb5441149e0de4bad024d4d63c449dab564f821fdd307ea3e4fc77,Functional Roads and Bridges expenditure includes all road classes; it is not a State Highway-only budget. BE/RE retained separately. Revenue account and capital outlay exclude loans/repayments.,Delhi,2025,roads_bridges_capital_outlay_inr_crore,1047.412,official_measured,official,,,,,,,,capital_outlay|roads_and_bridges_all_classes,,,,,,
state_delhi,Delhi,state_aggregate,State governments,Delhi,roads_and_bridges_all_classes,roads_bridges_capital_outlay_inr_crore,3053.5,INR crore,305350.0,INR lakh,2025-04-01,2026-03-31,fiscal_year,BE,capital_outlay,2026-01-23,2026-01-23,rbi_state_road_finances,https://rbidocs.rbi.org.in/rdocs/Publications/PDFs/0SF23012026877D47254C4F4B0793B2C38F05FB7EC5.PDF,PDF p319; printed p306; Appendix IV Roads and Bridges,official_measured,True,0da62779a6cb5441149e0de4bad024d4d63c449dab564f821fdd307ea3e4fc77,Functional Roads and Bridges expenditure includes all road classes; it is not a State Highway-only budget. BE/RE retained separately. Revenue account and capital outlay exclude loans/repayments.,Delhi,2026,roads_bridges_capital_outlay_inr_crore,3053.5,official_measured,official,,,,,,,,capital_outlay|roads_and_bridges_all_classes,,,,,,
state_puducherry,Puducherry,state_aggregate,State governments,Puducherry,roads_and_bridges_all_classes,roads_bridges_capital_outlay_inr_crore,149.264,INR crore,14926.4,INR lakh,2023-04-01,2024-03-31,fiscal_year,actual,capital_outlay,2026-01-23,2026-01-23,rbi_state_road_finances,https://rbidocs.rbi.org.in/rdocs/Publications/PDFs/0SF23012026877D47254C4F4B0793B2C38F05FB7EC5.PDF,PDF p319; printed p306; Appendix IV Roads and Bridges,official_measured,True,0da62779a6cb5441149e0de4bad024d4d63c449dab564f821fdd307ea3e4fc77,Functional Roads and Bridges expenditure includes all road classes; it is not a State Highway-only budget. BE/RE retained separately. Revenue account and capital outlay exclude loans/repayments.,Puducherry,2024,roads_bridges_capital_outlay_inr_crore,149.264,official_measured,official,,,,,,,,capital_outlay|roads_and_bridges_all_classes,,,,,,
state_puducherry,Puducherry,state_aggregate,State governments,Puducherry,roads_and_bridges_all_classes,roads_bridges_capital_outlay_inr_crore,169.36599999999999,INR crore,16936.6,INR lakh,2024-04-01,2025-03-31,fiscal_year,BE,capital_outlay,2026-01-23,2026-01-23,rbi_state_road_finances,https://rbidocs.rbi.org.in/rdocs/Publications/PDFs/0SF23012026877D47254C4F4B0793B2C38F05FB7EC5.PDF,PDF p319; printed p306; Appendix IV Roads and Bridges,official_measured,True,0da62779a6cb5441149e0de4bad024d4d63c449dab564f821fdd307ea3e4fc77,Functional Roads and Bridges expenditure includes all road classes; it is not a State Highway-only budget. BE/RE retained separately. Revenue account and capital outlay exclude loans/repayments.,Puducherry,2025,roads_bridges_capital_outlay_inr_crore,169.36599999999999,official_measured,official,,,,,,,,capital_outlay|roads_and_bridges_all_classes,,,,,,
state_puducherry,Puducherry,state_aggregate,State governments,Puducherry,roads_and_bridges_all_classes,roads_bridges_capital_outlay_inr_crore,184.122,INR crore,18412.2,INR lakh,2024-04-01,2025-03-31,fiscal_year,RE,capital_outlay,2026-01-23,2026-01-23,rbi_state_road_finances,https://rbidocs.rbi.org.in/rdocs/Publications/PDFs/0SF23012026877D47254C4F4B0793B2C38F05FB7EC5.PDF,PDF p319; printed p306; Appendix IV Roads and Bridges,official_measured,True,0da62779a6cb5441149e0de4bad024d4d63c449dab564f821fdd307ea3e4fc77,Functional Roads and Bridges expenditure includes all road classes; it is not a State Highway-only budget. BE/RE retained separately. Revenue account and capital outlay exclude loans/repayments.,Puducherry,2025,roads_bridges_capital_outlay_inr_crore,184.122,official_measured,official,,,,,,,,capital_outlay|roads_and_bridges_all_classes,,,,,,
state_puducherry,Puducherry,state_aggregate,State governments,Puducherry,roads_and_bridges_all_classes,roads_bridges_capital_outlay_inr_crore,207.942,INR crore,20794.2,INR lakh,2025-04-01,2026-03-31,fiscal_year,BE,capital_outlay,2026-01-23,2026-01-23,rbi_state_road_finances,https://rbidocs.rbi.org.in/rdocs/Publications/PDFs/0SF23012026877D47254C4F4B0793B2C38F05FB7EC5.PDF,PDF p319; printed p306; Appendix IV Roads and Bridges,official_measured,True,0da62779a6cb5441149e0de4bad024d4d63c449dab564f821fdd307ea3e4fc77,Functional Roads and Bridges expenditure includes all road classes; it is not a State Highway-only budget. BE/RE retained separately. Revenue account and capital outlay exclude loans/repayments.,Puducherry,2026,roads_bridges_capital_outlay_inr_crore,207.942,official_measured,official,,,,,,,,capital_outlay|roads_and_bridges_all_classes,,,,,,
state_all_states_and_uts,All States and UTs,state_aggregate,State governments,All States and UTs,roads_and_bridges_all_classes,roads_bridges_capital_outlay_inr_crore,171231.40800000002,INR crore,17123140.8,INR lakh,2023-04-01,2024-03-31,fiscal_year,actual,capital_outlay,2026-01-23,2026-01-23,rbi_state_road_finances,https://rbidocs.rbi.org.in/rdocs/Publications/PDFs/0SF23012026877D47254C4F4B0793B2C38F05FB7EC5.PDF,PDF p322; printed p309; Appendix IV Roads and Bridges,official_measured,True,0da62779a6cb5441149e0de4bad024d4d63c449dab564f821fdd307ea3e4fc77,Functional Roads and Bridges expenditure includes all road classes; it is not a State Highway-only budget. BE/RE retained separately. Revenue account and capital outlay exclude loans/repayments.,All States and UTs,2024,roads_bridges_capital_outlay_inr_crore,171231.40800000002,official_measured,official,,,,,,,,capital_outlay|roads_and_bridges_all_classes,,,,,,
state_all_states_and_uts,All States and UTs,state_aggregate,State governments,All States and UTs,roads_and_bridges_all_classes,roads_bridges_capital_outlay_inr_crore,195355.414,INR crore,19535541.4,INR lakh,2024-04-01,2025-03-31,fiscal_year,BE,capital_outlay,2026-01-23,2026-01-23,rbi_state_road_finances,https://rbidocs.rbi.org.in/rdocs/Publications/PDFs/0SF23012026877D47254C4F4B0793B2C38F05FB7EC5.PDF,PDF p322; printed p309; Appendix IV Roads and Bridges,official_measured,True,0da62779a6cb5441149e0de4bad024d4d63c449dab564f821fdd307ea3e4fc77,Functional Roads and Bridges expenditure includes all road classes; it is not a State Highway-only budget. BE/RE retained separately. Revenue account and capital outlay exclude loans/repayments.,All States and UTs,2025,roads_bridges_capital_outlay_inr_crore,195355.414,official_measured,official,,,,,,,,capital_outlay|roads_and_bridges_all_classes,,,,,,
state_all_states_and_uts,All States and UTs,state_aggregate,State governments,All States and UTs,roads_and_bridges_all_classes,roads_bridges_capital_outlay_inr_crore,210263.79100000003,INR crore,21026379.1,INR lakh,2024-04-01,2025-03-31,fiscal_year,RE,capital_outlay,2026-01-23,2026-01-23,rbi_state_road_finances,https://rbidocs.rbi.org.in/rdocs/Publications/PDFs/0SF23012026877D47254C4F4B0793B2C38F05FB7EC5.PDF,PDF p322; printed p309; Appendix IV Roads and Bridges,official_measured,True,0da62779a6cb5441149e0de4bad024d4d63c449dab564f821fdd307ea3e4fc77,Functional Roads and Bridges expenditure includes all road classes; it is not a State Highway-only budget. BE/RE retained separately. Revenue account and capital outlay exclude loans/repayments.,All States and UTs,2025,roads_bridges_capital_outlay_inr_crore,210263.79100000003,official_measured,official,,,,,,,,capital_outlay|roads_and_bridges_all_classes,,,,,,
state_all_states_and_uts,All States and UTs,state_aggregate,State governments,All States and UTs,roads_and_bridges_all_classes,roads_bridges_capital_outlay_inr_crore,213978.708,INR crore,21397870.8,INR lakh,2025-04-01,2026-03-31,fiscal_year,BE,capital_outlay,2026-01-23,2026-01-23,rbi_state_road_finances,https://rbidocs.rbi.org.in/rdocs/Publications/PDFs/0SF23012026877D47254C4F4B0793B2C38F05FB7EC5.PDF,PDF p322; printed p309; Appendix IV Roads and Bridges,official_measured,True,0da62779a6cb5441149e0de4bad024d4d63c449dab564f821fdd307ea3e4fc77,Functional Roads and Bridges expenditure includes all road classes; it is not a State Highway-only budget. BE/RE retained separately. Revenue account and capital outlay exclude loans/repayments.,All States and UTs,2026,roads_bridges_capital_outlay_inr_crore,213978.708,official_measured,official,,,,,,,,capital_outlay|roads_and_bridges_all_classes,,,,,,
