entity_id,entity_name,entity_type,agency,state,road_class,metric,value,unit,original_value,original_unit,period_start,period_end,period_basis,estimate_type,statement_basis,data_as_of,published_at,source_id,citation_url,table_page,evidence_class,analytical_eligible,source_document_sha256,notes,entity,year,metric_name,metric_value,metric_category,source_type,asset_id,project_name,nh_number,project_stage,scheduled_completion_date,likely_completion_date,actual_completion_date,comparison_group,asset_owner_id,implementing_agency_id,operator_id,concessionaire_id,financing_entity_id,contractor_name,disclosure_as_of,estimate_vintage,reported_period,observation_status,assurance,revision_identity,price_basis,base_year
nhai,NHAI,agency,NHAI,All India,National Highway,54ec_bonds_net_cash_inr_crore,-3427.306,INR crore,-342730.6,INR lakh,2025-04-01,2026-03-31,fiscal_year,actual,NHAI_standalone_cash_flow,2026-03-31,,nhai_financial_results_2025_26_to_2026_06,https://nhai.gov.in/nhai/sites/default/files/mix_file/Quarterly_Financials_for_the_Quarter_ended_on_31st_March_2026.pdf,PDF p4; NHAI_standalone_cash_flow; 54ec_bonds_net_cash_inr_crore; 2026-03-31 column,official_measured,True,f5ec8c532d75ee286d62ec1663e25258f11eac3e6023b27094818081e81b9804,"Original INR lakh×0.01; unaudited limited-review authority filing, not CAG-audited. Publication day unknown. Financial periods retain their own observation cutoff, including reprinted comparatives. Cash-flow bond interest differs from establishment finance charges. Adjusted toll ploughback cash is neither gross toll collection nor gross CFI deposit. Negative repayments retain their printed sign.",NHAI,2026,54ec_bonds_net_cash_inr_crore,-3427.306,official_measured,official,,,,,,,,NHAI_standalone_cash_flow|National Highway,,nhai,,,nhai,,2026-03-31,,2025-04-01 to 2026-03-31,reported,limited_review_unaudited,f5ec8c532d75ee286d62ec1663e25258f11eac3e6023b27094818081e81b9804,,
nhai,NHAI,agency,NHAI,All India,National Highway,accumulated_depreciation_inr_crore,232.04,INR crore,23204.0,INR lakh,,2025-09-30,balance_sheet_snapshot,actual,NHAI_standalone_balance_sheet,2025-09-30,,nhai_financial_results_2025_26_to_2026_06,https://nhai.gov.in/nhai/sites/default/files/mix_file/Quarterly_Financials_for_the_Quarter_ended_on_30th_September_2025.pdf,PDF p2; NHAI_standalone_balance_sheet; accumulated_depreciation_inr_crore; 2025-09-30 column,official_measured,True,175094a77bd0bfe7b9022afd00b0c9959692bb10a55e571949276b141a765f07,"Original INR lakh×0.01; unaudited limited-review authority filing, not CAG-audited. Publication day unknown. Financial periods retain their own observation cutoff, including reprinted comparatives. Classic sources/applications statement; reported capital-road-work includes net fixed block. This original balance sheet is not silently restated using the separate SEBI Working table.",NHAI,2025,accumulated_depreciation_inr_crore,232.04,official_measured,official,,,,,,,,NHAI_standalone_balance_sheet|National Highway,,nhai,,,nhai,,2025-09-30,,2025-09-30,reported,limited_review_unaudited,175094a77bd0bfe7b9022afd00b0c9959692bb10a55e571949276b141a765f07,,
nhai,NHAI,agency,NHAI,All India,National Highway,accumulated_depreciation_inr_crore,257.942,INR crore,25794.2,INR lakh,,2026-03-31,balance_sheet_snapshot,actual,NHAI_standalone_balance_sheet,2026-03-31,,nhai_financial_results_2025_26_to_2026_06,https://nhai.gov.in/nhai/sites/default/files/mix_file/Quarterly_Financials_for_the_Quarter_ended_on_31st_March_2026.pdf,PDF p2; NHAI_standalone_balance_sheet; accumulated_depreciation_inr_crore; 2026-03-31 column,official_measured,True,f5ec8c532d75ee286d62ec1663e25258f11eac3e6023b27094818081e81b9804,"Original INR lakh×0.01; unaudited limited-review authority filing, not CAG-audited. Publication day unknown. Financial periods retain their own observation cutoff, including reprinted comparatives. Classic sources/applications statement; reported capital-road-work includes net fixed block. This original balance sheet is not silently restated using the separate SEBI Working table.",NHAI,2026,accumulated_depreciation_inr_crore,257.942,official_measured,official,,,,,,,,NHAI_standalone_balance_sheet|National Highway,,nhai,,,nhai,,2026-03-31,,2026-03-31,reported,limited_review_unaudited,f5ec8c532d75ee286d62ec1663e25258f11eac3e6023b27094818081e81b9804,,
nhai,NHAI,agency,NHAI,All India,National Highway,adb_loan_repayment_cash_inr_crore,-71.41890000000001,INR crore,-7141.89,INR lakh,2025-04-01,2026-03-31,fiscal_year,actual,NHAI_standalone_cash_flow,2026-03-31,,nhai_financial_results_2025_26_to_2026_06,https://nhai.gov.in/nhai/sites/default/files/mix_file/Quarterly_Financials_for_the_Quarter_ended_on_31st_March_2026.pdf,PDF p4; NHAI_standalone_cash_flow; adb_loan_repayment_cash_inr_crore; 2026-03-31 column,official_measured,True,f5ec8c532d75ee286d62ec1663e25258f11eac3e6023b27094818081e81b9804,"Original INR lakh×0.01; unaudited limited-review authority filing, not CAG-audited. Publication day unknown. Financial periods retain their own observation cutoff, including reprinted comparatives. Cash-flow bond interest differs from establishment finance charges. Adjusted toll ploughback cash is neither gross toll collection nor gross CFI deposit. Negative repayments retain their printed sign.",NHAI,2026,adb_loan_repayment_cash_inr_crore,-71.41890000000001,official_measured,official,,,,,,,,NHAI_standalone_cash_flow|National Highway,,nhai,,,nhai,,2026-03-31,,2025-04-01 to 2026-03-31,reported,limited_review_unaudited,f5ec8c532d75ee286d62ec1663e25258f11eac3e6023b27094818081e81b9804,,
nhai,NHAI,agency,NHAI,All India,National Highway,additional_budget_cash_receipts_inr_crore,50027.3479,INR crore,5002734.79,INR lakh,2025-04-01,2026-03-31,fiscal_year,actual,NHAI_standalone_cash_flow,2026-03-31,,nhai_financial_results_2025_26_to_2026_06,https://nhai.gov.in/nhai/sites/default/files/mix_file/Quarterly_Financials_for_the_Quarter_ended_on_31st_March_2026.pdf,PDF p4; NHAI_standalone_cash_flow; additional_budget_cash_receipts_inr_crore; 2026-03-31 column,official_measured,True,f5ec8c532d75ee286d62ec1663e25258f11eac3e6023b27094818081e81b9804,"Original INR lakh×0.01; unaudited limited-review authority filing, not CAG-audited. Publication day unknown. Financial periods retain their own observation cutoff, including reprinted comparatives. Cash-flow bond interest differs from establishment finance charges. Adjusted toll ploughback cash is neither gross toll collection nor gross CFI deposit. Negative repayments retain their printed sign.",NHAI,2026,additional_budget_cash_receipts_inr_crore,50027.3479,official_measured,official,,,,,,,,NHAI_standalone_cash_flow|National Highway,,nhai,,,nhai,,2026-03-31,,2025-04-01 to 2026-03-31,reported,limited_review_unaudited,f5ec8c532d75ee286d62ec1663e25258f11eac3e6023b27094818081e81b9804,,
nhai,NHAI,agency,NHAI,All India,National Highway,arbitration_contingent_claims_inr_crore,119748.0,INR crore,11974800.0,INR lakh,,2025-03-31,balance_sheet_snapshot,actual,NHAI_contingent_claims,2025-03-31,,nhai_financial_results_2025_26_to_2026_06,https://nhai.gov.in/nhai/sites/default/files/mix_file/Quarterly_Financials_for_the_Quarter_ended_on_30th_September_2025.pdf,PDF p7; NHAI_contingent_claims; arbitration_contingent_claims_inr_crore; 2025-03-31 column,official_measured,True,175094a77bd0bfe7b9022afd00b0c9959692bb10a55e571949276b141a765f07,"Original INR lakh×0.01; unaudited limited-review authority filing, not CAG-audited. Publication day unknown. Financial periods retain their own observation cutoff, including reprinted comparatives. Gross collections, CFI deposits, cash ploughback and contingent claims are separate metrics, not additive revenue. Claims in June2026 filing refer to31March2026; June-quarter claims were not compiled. Clipped December CFI deposit and March ambiguous comparative quarter label are omitted. September notes(g) explicitly recast June2025 comparative toll/claim figures.",NHAI,2025,arbitration_contingent_claims_inr_crore,119748.0,official_measured,official,,,,,,,,NHAI_contingent_claims|National Highway,,nhai,,,nhai,,2025-09-30,,2025-03-31,revised,limited_review_unaudited,175094a77bd0bfe7b9022afd00b0c9959692bb10a55e571949276b141a765f07,,
nhai,NHAI,agency,NHAI,All India,National Highway,arbitration_contingent_claims_inr_crore,123567.77500000001,INR crore,12356777.5,INR lakh,,2026-03-31,balance_sheet_snapshot,actual,NHAI_contingent_claims,2026-03-31,,nhai_financial_results_2025_26_to_2026_06,https://nhai.gov.in/nhai/sites/default/files/mix_file/Quarterly_Financials_for_the_Quarter_ended_on_30th_June_2026.pdf,PDF p5; NHAI_contingent_claims; arbitration_contingent_claims_inr_crore; 2026-03-31 column,official_measured,True,d3eb43cde399c827cfc0d7f12384559ec76120450bef526cfc75f3c1d7b799d0,"Original INR lakh×0.01; unaudited limited-review authority filing, not CAG-audited. Publication day unknown. Financial periods retain their own observation cutoff, including reprinted comparatives. Gross collections, CFI deposits, cash ploughback and contingent claims are separate metrics, not additive revenue. Claims in June2026 filing refer to31March2026; June-quarter claims were not compiled. Clipped December CFI deposit and March ambiguous comparative quarter label are omitted. September notes(g) explicitly recast June2025 comparative toll/claim figures.",NHAI,2026,arbitration_contingent_claims_inr_crore,123567.77500000001,official_measured,official,,,,,,,,NHAI_contingent_claims|National Highway,,nhai,,,nhai,,2026-06-30,,2026-03-31,reported,limited_review_unaudited,d3eb43cde399c827cfc0d7f12384559ec76120450bef526cfc75f3c1d7b799d0,,
nhai,NHAI,agency,NHAI,All India,National Highway,balance_sheet_applications_total_inr_crore,1354579.092,INR crore,135457909.2,INR lakh,,2025-09-30,balance_sheet_snapshot,actual,NHAI_standalone_balance_sheet,2025-09-30,,nhai_financial_results_2025_26_to_2026_06,https://nhai.gov.in/nhai/sites/default/files/mix_file/Quarterly_Financials_for_the_Quarter_ended_on_30th_September_2025.pdf,PDF p2; NHAI_standalone_balance_sheet; balance_sheet_applications_total_inr_crore; 2025-09-30 column,official_measured,True,175094a77bd0bfe7b9022afd00b0c9959692bb10a55e571949276b141a765f07,"Original INR lakh×0.01; unaudited limited-review authority filing, not CAG-audited. Publication day unknown. Financial periods retain their own observation cutoff, including reprinted comparatives. Classic sources/applications statement; reported capital-road-work includes net fixed block. This original balance sheet is not silently restated using the separate SEBI Working table.",NHAI,2025,balance_sheet_applications_total_inr_crore,1354579.092,official_measured,official,,,,,,,,NHAI_standalone_balance_sheet|National Highway,,nhai,,,nhai,,2025-09-30,,2025-09-30,reported,limited_review_unaudited,175094a77bd0bfe7b9022afd00b0c9959692bb10a55e571949276b141a765f07,,
nhai,NHAI,agency,NHAI,All India,National Highway,balance_sheet_applications_total_inr_crore,1390994.4630000002,INR crore,139099446.3,INR lakh,,2026-03-31,balance_sheet_snapshot,actual,NHAI_standalone_balance_sheet,2026-03-31,,nhai_financial_results_2025_26_to_2026_06,https://nhai.gov.in/nhai/sites/default/files/mix_file/Quarterly_Financials_for_the_Quarter_ended_on_31st_March_2026.pdf,PDF p2; NHAI_standalone_balance_sheet; balance_sheet_applications_total_inr_crore; 2026-03-31 column,official_measured,True,f5ec8c532d75ee286d62ec1663e25258f11eac3e6023b27094818081e81b9804,"Original INR lakh×0.01; unaudited limited-review authority filing, not CAG-audited. Publication day unknown. Financial periods retain their own observation cutoff, including reprinted comparatives. Classic sources/applications statement; reported capital-road-work includes net fixed block. This original balance sheet is not silently restated using the separate SEBI Working table.",NHAI,2026,balance_sheet_applications_total_inr_crore,1390994.4630000002,official_measured,official,,,,,,,,NHAI_standalone_balance_sheet|National Highway,,nhai,,,nhai,,2026-03-31,,2026-03-31,reported,limited_review_unaudited,f5ec8c532d75ee286d62ec1663e25258f11eac3e6023b27094818081e81b9804,,
nhai,NHAI,agency,NHAI,All India,National Highway,balance_sheet_sources_total_inr_crore,1354579.092,INR crore,135457909.2,INR lakh,,2025-09-30,balance_sheet_snapshot,actual,NHAI_standalone_balance_sheet,2025-09-30,,nhai_financial_results_2025_26_to_2026_06,https://nhai.gov.in/nhai/sites/default/files/mix_file/Quarterly_Financials_for_the_Quarter_ended_on_30th_September_2025.pdf,PDF p2; NHAI_standalone_balance_sheet; balance_sheet_sources_total_inr_crore; 2025-09-30 column,official_measured,True,175094a77bd0bfe7b9022afd00b0c9959692bb10a55e571949276b141a765f07,"Original INR lakh×0.01; unaudited limited-review authority filing, not CAG-audited. Publication day unknown. Financial periods retain their own observation cutoff, including reprinted comparatives. Classic sources/applications statement; reported capital-road-work includes net fixed block. This original balance sheet is not silently restated using the separate SEBI Working table.",NHAI,2025,balance_sheet_sources_total_inr_crore,1354579.092,official_measured,official,,,,,,,,NHAI_standalone_balance_sheet|National Highway,,nhai,,,nhai,,2025-09-30,,2025-09-30,reported,limited_review_unaudited,175094a77bd0bfe7b9022afd00b0c9959692bb10a55e571949276b141a765f07,,
nhai,NHAI,agency,NHAI,All India,National Highway,balance_sheet_sources_total_inr_crore,1390994.4630000002,INR crore,139099446.3,INR lakh,,2026-03-31,balance_sheet_snapshot,actual,NHAI_standalone_balance_sheet,2026-03-31,,nhai_financial_results_2025_26_to_2026_06,https://nhai.gov.in/nhai/sites/default/files/mix_file/Quarterly_Financials_for_the_Quarter_ended_on_31st_March_2026.pdf,PDF p2; NHAI_standalone_balance_sheet; balance_sheet_sources_total_inr_crore; 2026-03-31 column,official_measured,True,f5ec8c532d75ee286d62ec1663e25258f11eac3e6023b27094818081e81b9804,"Original INR lakh×0.01; unaudited limited-review authority filing, not CAG-audited. Publication day unknown. Financial periods retain their own observation cutoff, including reprinted comparatives. Classic sources/applications statement; reported capital-road-work includes net fixed block. This original balance sheet is not silently restated using the separate SEBI Working table.",NHAI,2026,balance_sheet_sources_total_inr_crore,1390994.4630000002,official_measured,official,,,,,,,,NHAI_standalone_balance_sheet|National Highway,,nhai,,,nhai,,2026-03-31,,2026-03-31,reported,limited_review_unaudited,f5ec8c532d75ee286d62ec1663e25258f11eac3e6023b27094818081e81b9804,,
nhai,NHAI,agency,NHAI,All India,National Highway,bond_interest_other_expenditure_cash_inr_crore,-18516.05,INR crore,-1851605.0,INR lakh,2025-04-01,2026-03-31,fiscal_year,actual,NHAI_standalone_cash_flow,2026-03-31,,nhai_financial_results_2025_26_to_2026_06,https://nhai.gov.in/nhai/sites/default/files/mix_file/Quarterly_Financials_for_the_Quarter_ended_on_31st_March_2026.pdf,PDF p4; NHAI_standalone_cash_flow; bond_interest_other_expenditure_cash_inr_crore; 2026-03-31 column,official_measured,True,f5ec8c532d75ee286d62ec1663e25258f11eac3e6023b27094818081e81b9804,"Original INR lakh×0.01; unaudited limited-review authority filing, not CAG-audited. Publication day unknown. Financial periods retain their own observation cutoff, including reprinted comparatives. Cash-flow bond interest differs from establishment finance charges. Adjusted toll ploughback cash is neither gross toll collection nor gross CFI deposit. Negative repayments retain their printed sign.",NHAI,2026,bond_interest_other_expenditure_cash_inr_crore,-18516.05,official_measured,official,,,,,,,,NHAI_standalone_cash_flow|National Highway,,nhai,,,nhai,,2026-03-31,,2025-04-01 to 2026-03-31,reported,limited_review_unaudited,f5ec8c532d75ee286d62ec1663e25258f11eac3e6023b27094818081e81b9804,,
nhai,NHAI,agency,NHAI,All India,National Highway,capital_inr_crore,1106475.2885,INR crore,110647528.85,INR lakh,,2025-09-30,balance_sheet_snapshot,actual,NHAI_standalone_balance_sheet,2025-09-30,,nhai_financial_results_2025_26_to_2026_06,https://nhai.gov.in/nhai/sites/default/files/mix_file/Quarterly_Financials_for_the_Quarter_ended_on_30th_September_2025.pdf,PDF p2; NHAI_standalone_balance_sheet; capital_inr_crore; 2025-09-30 column,official_measured,True,175094a77bd0bfe7b9022afd00b0c9959692bb10a55e571949276b141a765f07,"Original INR lakh×0.01; unaudited limited-review authority filing, not CAG-audited. Publication day unknown. Financial periods retain their own observation cutoff, including reprinted comparatives. Classic sources/applications statement; reported capital-road-work includes net fixed block. This original balance sheet is not silently restated using the separate SEBI Working table.",NHAI,2025,capital_inr_crore,1106475.2885,official_measured,official,,,,,,,,NHAI_standalone_balance_sheet|National Highway,,nhai,,,nhai,,2025-09-30,,2025-09-30,reported,limited_review_unaudited,175094a77bd0bfe7b9022afd00b0c9959692bb10a55e571949276b141a765f07,,
nhai,NHAI,agency,NHAI,All India,National Highway,capital_inr_crore,1180965.2981,INR crore,118096529.81,INR lakh,,2026-03-31,balance_sheet_snapshot,actual,NHAI_standalone_balance_sheet,2026-03-31,,nhai_financial_results_2025_26_to_2026_06,https://nhai.gov.in/nhai/sites/default/files/mix_file/Quarterly_Financials_for_the_Quarter_ended_on_31st_March_2026.pdf,PDF p2; NHAI_standalone_balance_sheet; capital_inr_crore; 2026-03-31 column,official_measured,True,f5ec8c532d75ee286d62ec1663e25258f11eac3e6023b27094818081e81b9804,"Original INR lakh×0.01; unaudited limited-review authority filing, not CAG-audited. Publication day unknown. Financial periods retain their own observation cutoff, including reprinted comparatives. Classic sources/applications statement; reported capital-road-work includes net fixed block. This original balance sheet is not silently restated using the separate SEBI Working table.",NHAI,2026,capital_inr_crore,1180965.2981,official_measured,official,,,,,,,,NHAI_standalone_balance_sheet|National Highway,,nhai,,,nhai,,2026-03-31,,2026-03-31,reported,limited_review_unaudited,f5ec8c532d75ee286d62ec1663e25258f11eac3e6023b27094818081e81b9804,,
nhai,NHAI,agency,NHAI,All India,National Highway,capital_road_work_cash_inr_crore,-164579.0073,INR crore,-16457900.73,INR lakh,2025-04-01,2026-03-31,fiscal_year,actual,NHAI_standalone_cash_flow,2026-03-31,,nhai_financial_results_2025_26_to_2026_06,https://nhai.gov.in/nhai/sites/default/files/mix_file/Quarterly_Financials_for_the_Quarter_ended_on_31st_March_2026.pdf,PDF p4; NHAI_standalone_cash_flow; capital_road_work_cash_inr_crore; 2026-03-31 column,official_measured,True,f5ec8c532d75ee286d62ec1663e25258f11eac3e6023b27094818081e81b9804,"Original INR lakh×0.01; unaudited limited-review authority filing, not CAG-audited. Publication day unknown. Financial periods retain their own observation cutoff, including reprinted comparatives. Cash-flow bond interest differs from establishment finance charges. Adjusted toll ploughback cash is neither gross toll collection nor gross CFI deposit. Negative repayments retain their printed sign.",NHAI,2026,capital_road_work_cash_inr_crore,-164579.0073,official_measured,official,,,,,,,,NHAI_standalone_cash_flow|National Highway,,nhai,,,nhai,,2026-03-31,,2025-04-01 to 2026-03-31,reported,limited_review_unaudited,f5ec8c532d75ee286d62ec1663e25258f11eac3e6023b27094818081e81b9804,,
nhai,NHAI,agency,NHAI,All India,National Highway,cash_bank_balance_inr_crore,71093.046,INR crore,7109304.6,INR lakh,,2025-09-30,balance_sheet_snapshot,actual,NHAI_standalone_balance_sheet,2025-09-30,,nhai_financial_results_2025_26_to_2026_06,https://nhai.gov.in/nhai/sites/default/files/mix_file/Quarterly_Financials_for_the_Quarter_ended_on_30th_September_2025.pdf,PDF p2; NHAI_standalone_balance_sheet; cash_bank_balance_inr_crore; 2025-09-30 column,official_measured,True,175094a77bd0bfe7b9022afd00b0c9959692bb10a55e571949276b141a765f07,"Original INR lakh×0.01; unaudited limited-review authority filing, not CAG-audited. Publication day unknown. Financial periods retain their own observation cutoff, including reprinted comparatives. Classic sources/applications statement; reported capital-road-work includes net fixed block. This original balance sheet is not silently restated using the separate SEBI Working table.",NHAI,2025,cash_bank_balance_inr_crore,71093.046,official_measured,official,,,,,,,,NHAI_standalone_balance_sheet|National Highway,,nhai,,,nhai,,2025-09-30,,2025-09-30,reported,limited_review_unaudited,175094a77bd0bfe7b9022afd00b0c9959692bb10a55e571949276b141a765f07,,
nhai,NHAI,agency,NHAI,All India,National Highway,cash_bank_balance_inr_crore,40546.3721,INR crore,4054637.21,INR lakh,,2026-03-31,balance_sheet_snapshot,actual,NHAI_standalone_balance_sheet,2026-03-31,,nhai_financial_results_2025_26_to_2026_06,https://nhai.gov.in/nhai/sites/default/files/mix_file/Quarterly_Financials_for_the_Quarter_ended_on_31st_March_2026.pdf,PDF p2; NHAI_standalone_balance_sheet; cash_bank_balance_inr_crore; 2026-03-31 column,official_measured,True,f5ec8c532d75ee286d62ec1663e25258f11eac3e6023b27094818081e81b9804,"Original INR lakh×0.01; unaudited limited-review authority filing, not CAG-audited. Publication day unknown. Financial periods retain their own observation cutoff, including reprinted comparatives. Classic sources/applications statement; reported capital-road-work includes net fixed block. This original balance sheet is not silently restated using the separate SEBI Working table.",NHAI,2026,cash_bank_balance_inr_crore,40546.3721,official_measured,official,,,,,,,,NHAI_standalone_balance_sheet|National Highway,,nhai,,,nhai,,2026-03-31,,2026-03-31,reported,limited_review_unaudited,f5ec8c532d75ee286d62ec1663e25258f11eac3e6023b27094818081e81b9804,,
nhai,NHAI,agency,NHAI,All India,National Highway,cash_flow_closing_balance_inr_crore,40546.3721,INR crore,4054637.21,INR lakh,2025-04-01,2026-03-31,fiscal_year,actual,NHAI_standalone_cash_flow,2026-03-31,,nhai_financial_results_2025_26_to_2026_06,https://nhai.gov.in/nhai/sites/default/files/mix_file/Quarterly_Financials_for_the_Quarter_ended_on_31st_March_2026.pdf,PDF p4; NHAI_standalone_cash_flow; cash_flow_closing_balance_inr_crore; 2026-03-31 column,official_measured,True,f5ec8c532d75ee286d62ec1663e25258f11eac3e6023b27094818081e81b9804,"Original INR lakh×0.01; unaudited limited-review authority filing, not CAG-audited. Publication day unknown. Financial periods retain their own observation cutoff, including reprinted comparatives. Cash-flow bond interest differs from establishment finance charges. Adjusted toll ploughback cash is neither gross toll collection nor gross CFI deposit. Negative repayments retain their printed sign.",NHAI,2026,cash_flow_closing_balance_inr_crore,40546.3721,official_measured,official,,,,,,,,NHAI_standalone_cash_flow|National Highway,,nhai,,,nhai,,2026-03-31,,2025-04-01 to 2026-03-31,reported,limited_review_unaudited,f5ec8c532d75ee286d62ec1663e25258f11eac3e6023b27094818081e81b9804,,
nhai,NHAI,agency,NHAI,All India,National Highway,cash_flow_financing_net_inr_crore,155518.1218,INR crore,15551812.18,INR lakh,2025-04-01,2026-03-31,fiscal_year,actual,NHAI_standalone_cash_flow,2026-03-31,,nhai_financial_results_2025_26_to_2026_06,https://nhai.gov.in/nhai/sites/default/files/mix_file/Quarterly_Financials_for_the_Quarter_ended_on_31st_March_2026.pdf,PDF p4; NHAI_standalone_cash_flow; cash_flow_financing_net_inr_crore; 2026-03-31 column,official_measured,True,f5ec8c532d75ee286d62ec1663e25258f11eac3e6023b27094818081e81b9804,"Original INR lakh×0.01; unaudited limited-review authority filing, not CAG-audited. Publication day unknown. Financial periods retain their own observation cutoff, including reprinted comparatives. Cash-flow bond interest differs from establishment finance charges. Adjusted toll ploughback cash is neither gross toll collection nor gross CFI deposit. Negative repayments retain their printed sign.",NHAI,2026,cash_flow_financing_net_inr_crore,155518.1218,official_measured,official,,,,,,,,NHAI_standalone_cash_flow|National Highway,,nhai,,,nhai,,2026-03-31,,2025-04-01 to 2026-03-31,reported,limited_review_unaudited,f5ec8c532d75ee286d62ec1663e25258f11eac3e6023b27094818081e81b9804,,
nhai,NHAI,agency,NHAI,All India,National Highway,cash_flow_investing_net_inr_crore,-160899.5098,INR crore,-16089950.98,INR lakh,2025-04-01,2026-03-31,fiscal_year,actual,NHAI_standalone_cash_flow,2026-03-31,,nhai_financial_results_2025_26_to_2026_06,https://nhai.gov.in/nhai/sites/default/files/mix_file/Quarterly_Financials_for_the_Quarter_ended_on_31st_March_2026.pdf,PDF p4; NHAI_standalone_cash_flow; cash_flow_investing_net_inr_crore; 2026-03-31 column,official_measured,True,f5ec8c532d75ee286d62ec1663e25258f11eac3e6023b27094818081e81b9804,"Original INR lakh×0.01; unaudited limited-review authority filing, not CAG-audited. Publication day unknown. Financial periods retain their own observation cutoff, including reprinted comparatives. Cash-flow bond interest differs from establishment finance charges. Adjusted toll ploughback cash is neither gross toll collection nor gross CFI deposit. Negative repayments retain their printed sign.",NHAI,2026,cash_flow_investing_net_inr_crore,-160899.5098,official_measured,official,,,,,,,,NHAI_standalone_cash_flow|National Highway,,nhai,,,nhai,,2026-03-31,,2025-04-01 to 2026-03-31,reported,limited_review_unaudited,f5ec8c532d75ee286d62ec1663e25258f11eac3e6023b27094818081e81b9804,,
nhai,NHAI,agency,NHAI,All India,National Highway,cash_flow_net_change_inr_crore,-4648.1799,INR crore,-464817.99,INR lakh,2025-04-01,2026-03-31,fiscal_year,actual,NHAI_standalone_cash_flow,2026-03-31,,nhai_financial_results_2025_26_to_2026_06,https://nhai.gov.in/nhai/sites/default/files/mix_file/Quarterly_Financials_for_the_Quarter_ended_on_31st_March_2026.pdf,PDF p4; NHAI_standalone_cash_flow; cash_flow_net_change_inr_crore; 2026-03-31 column,official_measured,True,f5ec8c532d75ee286d62ec1663e25258f11eac3e6023b27094818081e81b9804,"Original INR lakh×0.01; unaudited limited-review authority filing, not CAG-audited. Publication day unknown. Financial periods retain their own observation cutoff, including reprinted comparatives. Cash-flow bond interest differs from establishment finance charges. Adjusted toll ploughback cash is neither gross toll collection nor gross CFI deposit. Negative repayments retain their printed sign.",NHAI,2026,cash_flow_net_change_inr_crore,-4648.1799,official_measured,official,,,,,,,,NHAI_standalone_cash_flow|National Highway,,nhai,,,nhai,,2026-03-31,,2025-04-01 to 2026-03-31,reported,limited_review_unaudited,f5ec8c532d75ee286d62ec1663e25258f11eac3e6023b27094818081e81b9804,,
nhai,NHAI,agency,NHAI,All India,National Highway,cash_flow_opening_balance_inr_crore,45194.552,INR crore,4519455.2,INR lakh,2025-04-01,2026-03-31,fiscal_year,actual,NHAI_standalone_cash_flow,2026-03-31,,nhai_financial_results_2025_26_to_2026_06,https://nhai.gov.in/nhai/sites/default/files/mix_file/Quarterly_Financials_for_the_Quarter_ended_on_31st_March_2026.pdf,PDF p4; NHAI_standalone_cash_flow; cash_flow_opening_balance_inr_crore; 2026-03-31 column,official_measured,True,f5ec8c532d75ee286d62ec1663e25258f11eac3e6023b27094818081e81b9804,"Original INR lakh×0.01; unaudited limited-review authority filing, not CAG-audited. Publication day unknown. Financial periods retain their own observation cutoff, including reprinted comparatives. Cash-flow bond interest differs from establishment finance charges. Adjusted toll ploughback cash is neither gross toll collection nor gross CFI deposit. Negative repayments retain their printed sign.",NHAI,2026,cash_flow_opening_balance_inr_crore,45194.552,official_measured,official,,,,,,,,NHAI_standalone_cash_flow|National Highway,,nhai,,,nhai,,2026-03-31,,2025-04-01 to 2026-03-31,reported,limited_review_unaudited,f5ec8c532d75ee286d62ec1663e25258f11eac3e6023b27094818081e81b9804,,
nhai,NHAI,agency,NHAI,All India,National Highway,cash_flow_operating_net_inr_crore,733.2081,INR crore,73320.81,INR lakh,2025-04-01,2026-03-31,fiscal_year,actual,NHAI_standalone_cash_flow,2026-03-31,,nhai_financial_results_2025_26_to_2026_06,https://nhai.gov.in/nhai/sites/default/files/mix_file/Quarterly_Financials_for_the_Quarter_ended_on_31st_March_2026.pdf,PDF p4; NHAI_standalone_cash_flow; cash_flow_operating_net_inr_crore; 2026-03-31 column,official_measured,True,f5ec8c532d75ee286d62ec1663e25258f11eac3e6023b27094818081e81b9804,"Original INR lakh×0.01; unaudited limited-review authority filing, not CAG-audited. Publication day unknown. Financial periods retain their own observation cutoff, including reprinted comparatives. Cash-flow bond interest differs from establishment finance charges. Adjusted toll ploughback cash is neither gross toll collection nor gross CFI deposit. Negative repayments retain their printed sign.",NHAI,2026,cash_flow_operating_net_inr_crore,733.2081,official_measured,official,,,,,,,,NHAI_standalone_cash_flow|National Highway,,nhai,,,nhai,,2026-03-31,,2025-04-01 to 2026-03-31,reported,limited_review_unaudited,f5ec8c532d75ee286d62ec1663e25258f11eac3e6023b27094818081e81b9804,,
nhai,NHAI,agency,NHAI,All India,National Highway,cess_funds_cash_received_inr_crore,119716.52500000001,INR crore,11971652.5,INR lakh,2025-04-01,2026-03-31,fiscal_year,actual,NHAI_standalone_cash_flow,2026-03-31,,nhai_financial_results_2025_26_to_2026_06,https://nhai.gov.in/nhai/sites/default/files/mix_file/Quarterly_Financials_for_the_Quarter_ended_on_31st_March_2026.pdf,PDF p4; NHAI_standalone_cash_flow; cess_funds_cash_received_inr_crore; 2026-03-31 column,official_measured,True,f5ec8c532d75ee286d62ec1663e25258f11eac3e6023b27094818081e81b9804,"Original INR lakh×0.01; unaudited limited-review authority filing, not CAG-audited. Publication day unknown. Financial periods retain their own observation cutoff, including reprinted comparatives. Cash-flow bond interest differs from establishment finance charges. Adjusted toll ploughback cash is neither gross toll collection nor gross CFI deposit. Negative repayments retain their printed sign.",NHAI,2026,cess_funds_cash_received_inr_crore,119716.52500000001,official_measured,official,,,,,,,,NHAI_standalone_cash_flow|National Highway,,nhai,,,nhai,,2026-03-31,,2025-04-01 to 2026-03-31,reported,limited_review_unaudited,f5ec8c532d75ee286d62ec1663e25258f11eac3e6023b27094818081e81b9804,,
nhai,NHAI,agency,NHAI,All India,National Highway,completed_road_capital_inr_crore,586484.2705,INR crore,58648427.05,INR lakh,,2025-09-30,balance_sheet_snapshot,actual,NHAI_standalone_balance_sheet,2025-09-30,,nhai_financial_results_2025_26_to_2026_06,https://nhai.gov.in/nhai/sites/default/files/mix_file/Quarterly_Financials_for_the_Quarter_ended_on_30th_September_2025.pdf,PDF p2; NHAI_standalone_balance_sheet; completed_road_capital_inr_crore; 2025-09-30 column,official_measured,True,175094a77bd0bfe7b9022afd00b0c9959692bb10a55e571949276b141a765f07,"Original INR lakh×0.01; unaudited limited-review authority filing, not CAG-audited. Publication day unknown. Financial periods retain their own observation cutoff, including reprinted comparatives. Classic sources/applications statement; reported capital-road-work includes net fixed block. This original balance sheet is not silently restated using the separate SEBI Working table.",NHAI,2025,completed_road_capital_inr_crore,586484.2705,official_measured,official,,,,,,,,NHAI_standalone_balance_sheet|National Highway,,nhai,,,nhai,,2025-09-30,,2025-09-30,reported,limited_review_unaudited,175094a77bd0bfe7b9022afd00b0c9959692bb10a55e571949276b141a765f07,,
nhai,NHAI,agency,NHAI,All India,National Highway,completed_road_capital_inr_crore,784988.0555,INR crore,78498805.55,INR lakh,,2026-03-31,balance_sheet_snapshot,actual,NHAI_standalone_balance_sheet,2026-03-31,,nhai_financial_results_2025_26_to_2026_06,https://nhai.gov.in/nhai/sites/default/files/mix_file/Quarterly_Financials_for_the_Quarter_ended_on_31st_March_2026.pdf,PDF p2; NHAI_standalone_balance_sheet; completed_road_capital_inr_crore; 2026-03-31 column,official_measured,True,f5ec8c532d75ee286d62ec1663e25258f11eac3e6023b27094818081e81b9804,"Original INR lakh×0.01; unaudited limited-review authority filing, not CAG-audited. Publication day unknown. Financial periods retain their own observation cutoff, including reprinted comparatives. Classic sources/applications statement; reported capital-road-work includes net fixed block. This original balance sheet is not silently restated using the separate SEBI Working table.",NHAI,2026,completed_road_capital_inr_crore,784988.0555,official_measured,official,,,,,,,,NHAI_standalone_balance_sheet|National Highway,,nhai,,,nhai,,2026-03-31,,2026-03-31,reported,limited_review_unaudited,f5ec8c532d75ee286d62ec1663e25258f11eac3e6023b27094818081e81b9804,,
nhai,NHAI,agency,NHAI,All India,National Highway,court_contingent_claims_inr_crore,14138.081000000002,INR crore,1413808.1,INR lakh,,2025-03-31,balance_sheet_snapshot,actual,NHAI_contingent_claims,2025-03-31,,nhai_financial_results_2025_26_to_2026_06,https://nhai.gov.in/nhai/sites/default/files/mix_file/Quarterly_Financials_for_the_Quarter_ended_on_30th_September_2025.pdf,PDF p7; NHAI_contingent_claims; court_contingent_claims_inr_crore; 2025-03-31 column,official_measured,True,175094a77bd0bfe7b9022afd00b0c9959692bb10a55e571949276b141a765f07,"Original INR lakh×0.01; unaudited limited-review authority filing, not CAG-audited. Publication day unknown. Financial periods retain their own observation cutoff, including reprinted comparatives. Gross collections, CFI deposits, cash ploughback and contingent claims are separate metrics, not additive revenue. Claims in June2026 filing refer to31March2026; June-quarter claims were not compiled. Clipped December CFI deposit and March ambiguous comparative quarter label are omitted. September notes(g) explicitly recast June2025 comparative toll/claim figures.",NHAI,2025,court_contingent_claims_inr_crore,14138.081000000002,official_measured,official,,,,,,,,NHAI_contingent_claims|National Highway,,nhai,,,nhai,,2025-09-30,,2025-03-31,revised,limited_review_unaudited,175094a77bd0bfe7b9022afd00b0c9959692bb10a55e571949276b141a765f07,,
nhai,NHAI,agency,NHAI,All India,National Highway,court_contingent_claims_inr_crore,12320.001000000002,INR crore,1232000.1,INR lakh,,2026-03-31,balance_sheet_snapshot,actual,NHAI_contingent_claims,2026-03-31,,nhai_financial_results_2025_26_to_2026_06,https://nhai.gov.in/nhai/sites/default/files/mix_file/Quarterly_Financials_for_the_Quarter_ended_on_30th_June_2026.pdf,PDF p5; NHAI_contingent_claims; court_contingent_claims_inr_crore; 2026-03-31 column,official_measured,True,d3eb43cde399c827cfc0d7f12384559ec76120450bef526cfc75f3c1d7b799d0,"Original INR lakh×0.01; unaudited limited-review authority filing, not CAG-audited. Publication day unknown. Financial periods retain their own observation cutoff, including reprinted comparatives. Gross collections, CFI deposits, cash ploughback and contingent claims are separate metrics, not additive revenue. Claims in June2026 filing refer to31March2026; June-quarter claims were not compiled. Clipped December CFI deposit and March ambiguous comparative quarter label are omitted. September notes(g) explicitly recast June2025 comparative toll/claim figures.",NHAI,2026,court_contingent_claims_inr_crore,12320.001000000002,official_measured,official,,,,,,,,NHAI_contingent_claims|National Highway,,nhai,,,nhai,,2026-06-30,,2026-03-31,reported,limited_review_unaudited,d3eb43cde399c827cfc0d7f12384559ec76120450bef526cfc75f3c1d7b799d0,,
nhai,NHAI,agency,NHAI,All India,National Highway,current_assets_inr_crore,86554.1823,INR crore,8655418.23,INR lakh,,2025-06-30,balance_sheet_snapshot,actual,NHAI_standalone_debt_working,2025-06-30,,nhai_financial_results_2025_26_to_2026_06,https://nhai.gov.in/nhai/sites/default/files/mix_file/Quarterly_Financials_for_the_Quarter_ended-on_30_June_2025.pdf,PDF p4; NHAI_standalone_debt_working; current_assets_inr_crore; 2025-06-30 column,official_measured,True,ceec789c08d5a5e81cac05776bbd82030c1f9d9765798fc7133080387efdfe85,"Original INR lakh×0.01; unaudited limited-review authority filing, not CAG-audited. Publication day unknown. Financial periods retain their own observation cutoff, including reprinted comparatives. SEBI Working stock table; no sums of missing lease/short-term borrowing cells. September2025 uses the same-end-date YTD stock column consistent with its balance sheet. June2026 March2026 comparatives explicitly recast; original filing remains archived.",NHAI,2025,current_assets_inr_crore,86554.1823,official_measured,official,,,,,,,,NHAI_standalone_debt_working|National Highway,,nhai,,,nhai,,2025-06-30,,2025-06-30,reported,limited_review_unaudited,ceec789c08d5a5e81cac05776bbd82030c1f9d9765798fc7133080387efdfe85,,
nhai,NHAI,agency,NHAI,All India,National Highway,current_assets_inr_crore,145091.7502,INR crore,14509175.02,INR lakh,,2025-09-30,balance_sheet_snapshot,actual,NHAI_standalone_balance_sheet,2025-09-30,,nhai_financial_results_2025_26_to_2026_06,https://nhai.gov.in/nhai/sites/default/files/mix_file/Quarterly_Financials_for_the_Quarter_ended_on_30th_September_2025.pdf,PDF p2; NHAI_standalone_balance_sheet; current_assets_inr_crore; 2025-09-30 column,official_measured,True,175094a77bd0bfe7b9022afd00b0c9959692bb10a55e571949276b141a765f07,"Original INR lakh×0.01; unaudited limited-review authority filing, not CAG-audited. Publication day unknown. Financial periods retain their own observation cutoff, including reprinted comparatives. Classic sources/applications statement; reported capital-road-work includes net fixed block. This original balance sheet is not silently restated using the separate SEBI Working table.",NHAI,2025,current_assets_inr_crore,145091.7502,official_measured,official,,,,,,,,NHAI_standalone_balance_sheet|National Highway,,nhai,,,nhai,,2025-09-30,,2025-09-30,reported,limited_review_unaudited,175094a77bd0bfe7b9022afd00b0c9959692bb10a55e571949276b141a765f07,,
nhai,NHAI,agency,NHAI,All India,National Highway,current_assets_inr_crore,145091.7502,INR crore,14509175.02,INR lakh,,2025-09-30,balance_sheet_snapshot,actual,NHAI_standalone_debt_working,2025-09-30,,nhai_financial_results_2025_26_to_2026_06,https://nhai.gov.in/nhai/sites/default/files/mix_file/Quarterly_Financials_for_the_Quarter_ended_on_30th_September_2025.pdf,PDF p6; NHAI_standalone_debt_working; current_assets_inr_crore; 2025-09-30 column,official_measured,True,175094a77bd0bfe7b9022afd00b0c9959692bb10a55e571949276b141a765f07,"Original INR lakh×0.01; unaudited limited-review authority filing, not CAG-audited. Publication day unknown. Financial periods retain their own observation cutoff, including reprinted comparatives. SEBI Working stock table; no sums of missing lease/short-term borrowing cells. September2025 uses the same-end-date YTD stock column consistent with its balance sheet. June2026 March2026 comparatives explicitly recast; original filing remains archived.",NHAI,2025,current_assets_inr_crore,145091.7502,official_measured,official,,,,,,,,NHAI_standalone_debt_working|National Highway,,nhai,,,nhai,,2025-09-30,,2025-09-30,reported,limited_review_unaudited,175094a77bd0bfe7b9022afd00b0c9959692bb10a55e571949276b141a765f07,,
nhai,NHAI,agency,NHAI,All India,National Highway,current_assets_inr_crore,158137.2935,INR crore,15813729.35,INR lakh,,2025-12-31,balance_sheet_snapshot,actual,NHAI_standalone_debt_working,2025-12-31,,nhai_financial_results_2025_26_to_2026_06,https://nhai.gov.in/nhai/sites/default/files/mix_file/Quarterly_Financials_for_the_Quarter_ended_on_31st_December_2025.pdf,PDF p4; NHAI_standalone_debt_working; current_assets_inr_crore; 2025-12-31 column,official_measured,True,84d6384e7ab6c246d80df7732ad640053c999a9339d16757f64a91185506a443,"Original INR lakh×0.01; unaudited limited-review authority filing, not CAG-audited. Publication day unknown. Financial periods retain their own observation cutoff, including reprinted comparatives. SEBI Working stock table; no sums of missing lease/short-term borrowing cells. September2025 uses the same-end-date YTD stock column consistent with its balance sheet. June2026 March2026 comparatives explicitly recast; original filing remains archived.",NHAI,2025,current_assets_inr_crore,158137.2935,official_measured,official,,,,,,,,NHAI_standalone_debt_working|National Highway,,nhai,,,nhai,,2025-12-31,,2025-12-31,reported,limited_review_unaudited,84d6384e7ab6c246d80df7732ad640053c999a9339d16757f64a91185506a443,,
nhai,NHAI,agency,NHAI,All India,National Highway,current_assets_inr_crore,87943.4692,INR crore,8794346.92,INR lakh,,2026-03-31,balance_sheet_snapshot,actual,NHAI_standalone_balance_sheet,2026-03-31,,nhai_financial_results_2025_26_to_2026_06,https://nhai.gov.in/nhai/sites/default/files/mix_file/Quarterly_Financials_for_the_Quarter_ended_on_31st_March_2026.pdf,PDF p2; NHAI_standalone_balance_sheet; current_assets_inr_crore; 2026-03-31 column,official_measured,True,f5ec8c532d75ee286d62ec1663e25258f11eac3e6023b27094818081e81b9804,"Original INR lakh×0.01; unaudited limited-review authority filing, not CAG-audited. Publication day unknown. Financial periods retain their own observation cutoff, including reprinted comparatives. Classic sources/applications statement; reported capital-road-work includes net fixed block. This original balance sheet is not silently restated using the separate SEBI Working table.",NHAI,2026,current_assets_inr_crore,87943.4692,official_measured,official,,,,,,,,NHAI_standalone_balance_sheet|National Highway,,nhai,,,nhai,,2026-03-31,,2026-03-31,reported,limited_review_unaudited,f5ec8c532d75ee286d62ec1663e25258f11eac3e6023b27094818081e81b9804,,
nhai,NHAI,agency,NHAI,All India,National Highway,current_assets_inr_crore,86853.89300000001,INR crore,8685389.3,INR lakh,,2026-03-31,balance_sheet_snapshot,actual,NHAI_standalone_debt_working,2026-03-31,,nhai_financial_results_2025_26_to_2026_06,https://nhai.gov.in/nhai/sites/default/files/mix_file/Quarterly_Financials_for_the_Quarter_ended_on_30th_June_2026.pdf,PDF p4; NHAI_standalone_debt_working; current_assets_inr_crore; 2026-03-31 column,official_measured,True,d3eb43cde399c827cfc0d7f12384559ec76120450bef526cfc75f3c1d7b799d0,"Original INR lakh×0.01; unaudited limited-review authority filing, not CAG-audited. Publication day unknown. Financial periods retain their own observation cutoff, including reprinted comparatives. SEBI Working stock table; no sums of missing lease/short-term borrowing cells. September2025 uses the same-end-date YTD stock column consistent with its balance sheet. June2026 March2026 comparatives explicitly recast; original filing remains archived.",NHAI,2026,current_assets_inr_crore,86853.89300000001,official_measured,official,,,,,,,,NHAI_standalone_debt_working|National Highway,,nhai,,,nhai,,2026-06-30,,2026-03-31,revised,limited_review_unaudited,d3eb43cde399c827cfc0d7f12384559ec76120450bef526cfc75f3c1d7b799d0,,
nhai,NHAI,agency,NHAI,All India,National Highway,current_assets_inr_crore,87164.0742,INR crore,8716407.42,INR lakh,,2026-06-30,balance_sheet_snapshot,actual,NHAI_standalone_debt_working,2026-06-30,,nhai_financial_results_2025_26_to_2026_06,https://nhai.gov.in/nhai/sites/default/files/mix_file/Quarterly_Financials_for_the_Quarter_ended_on_30th_June_2026.pdf,PDF p4; NHAI_standalone_debt_working; current_assets_inr_crore; 2026-06-30 column,official_measured,True,d3eb43cde399c827cfc0d7f12384559ec76120450bef526cfc75f3c1d7b799d0,"Original INR lakh×0.01; unaudited limited-review authority filing, not CAG-audited. Publication day unknown. Financial periods retain their own observation cutoff, including reprinted comparatives. SEBI Working stock table; no sums of missing lease/short-term borrowing cells. September2025 uses the same-end-date YTD stock column consistent with its balance sheet. June2026 March2026 comparatives explicitly recast; original filing remains archived.",NHAI,2026,current_assets_inr_crore,87164.0742,official_measured,official,,,,,,,,NHAI_standalone_debt_working|National Highway,,nhai,,,nhai,,2026-06-30,,2026-06-30,reported,limited_review_unaudited,d3eb43cde399c827cfc0d7f12384559ec76120450bef526cfc75f3c1d7b799d0,,
nhai,NHAI,agency,NHAI,All India,National Highway,current_liabilities_inr_crore,39988.1125,INR crore,3998811.25,INR lakh,,2025-09-30,balance_sheet_snapshot,actual,NHAI_standalone_balance_sheet,2025-09-30,,nhai_financial_results_2025_26_to_2026_06,https://nhai.gov.in/nhai/sites/default/files/mix_file/Quarterly_Financials_for_the_Quarter_ended_on_30th_September_2025.pdf,PDF p2; NHAI_standalone_balance_sheet; current_liabilities_inr_crore; 2025-09-30 column,official_measured,True,175094a77bd0bfe7b9022afd00b0c9959692bb10a55e571949276b141a765f07,"Original INR lakh×0.01; unaudited limited-review authority filing, not CAG-audited. Publication day unknown. Financial periods retain their own observation cutoff, including reprinted comparatives. Classic sources/applications statement; reported capital-road-work includes net fixed block. This original balance sheet is not silently restated using the separate SEBI Working table.",NHAI,2025,current_liabilities_inr_crore,39988.1125,official_measured,official,,,,,,,,NHAI_standalone_balance_sheet|National Highway,,nhai,,,nhai,,2025-09-30,,2025-09-30,reported,limited_review_unaudited,175094a77bd0bfe7b9022afd00b0c9959692bb10a55e571949276b141a765f07,,
nhai,NHAI,agency,NHAI,All India,National Highway,current_liabilities_inr_crore,46356.030300000006,INR crore,4635603.03,INR lakh,,2026-03-31,balance_sheet_snapshot,actual,NHAI_standalone_balance_sheet,2026-03-31,,nhai_financial_results_2025_26_to_2026_06,https://nhai.gov.in/nhai/sites/default/files/mix_file/Quarterly_Financials_for_the_Quarter_ended_on_31st_March_2026.pdf,PDF p2; NHAI_standalone_balance_sheet; current_liabilities_inr_crore; 2026-03-31 column,official_measured,True,f5ec8c532d75ee286d62ec1663e25258f11eac3e6023b27094818081e81b9804,"Original INR lakh×0.01; unaudited limited-review authority filing, not CAG-audited. Publication day unknown. Financial periods retain their own observation cutoff, including reprinted comparatives. Classic sources/applications statement; reported capital-road-work includes net fixed block. This original balance sheet is not silently restated using the separate SEBI Working table.",NHAI,2026,current_liabilities_inr_crore,46356.030300000006,official_measured,official,,,,,,,,NHAI_standalone_balance_sheet|National Highway,,nhai,,,nhai,,2026-03-31,,2026-03-31,reported,limited_review_unaudited,f5ec8c532d75ee286d62ec1663e25258f11eac3e6023b27094818081e81b9804,,
nhai,NHAI,agency,NHAI,All India,National Highway,current_liabilities_provisions_inr_crore,45519.6891,INR crore,4551968.91,INR lakh,,2025-06-30,balance_sheet_snapshot,actual,NHAI_standalone_debt_working,2025-06-30,,nhai_financial_results_2025_26_to_2026_06,https://nhai.gov.in/nhai/sites/default/files/mix_file/Quarterly_Financials_for_the_Quarter_ended-on_30_June_2025.pdf,PDF p4; NHAI_standalone_debt_working; current_liabilities_provisions_inr_crore; 2025-06-30 column,official_measured,True,ceec789c08d5a5e81cac05776bbd82030c1f9d9765798fc7133080387efdfe85,"Original INR lakh×0.01; unaudited limited-review authority filing, not CAG-audited. Publication day unknown. Financial periods retain their own observation cutoff, including reprinted comparatives. SEBI Working stock table; no sums of missing lease/short-term borrowing cells. September2025 uses the same-end-date YTD stock column consistent with its balance sheet. June2026 March2026 comparatives explicitly recast; original filing remains archived.",NHAI,2025,current_liabilities_provisions_inr_crore,45519.6891,official_measured,official,,,,,,,,NHAI_standalone_debt_working|National Highway,,nhai,,,nhai,,2025-06-30,,2025-06-30,reported,limited_review_unaudited,ceec789c08d5a5e81cac05776bbd82030c1f9d9765798fc7133080387efdfe85,,
nhai,NHAI,agency,NHAI,All India,National Highway,current_liabilities_provisions_inr_crore,45956.499299999996,INR crore,4595649.93,INR lakh,,2025-09-30,balance_sheet_snapshot,actual,NHAI_standalone_balance_sheet,2025-09-30,,nhai_financial_results_2025_26_to_2026_06,https://nhai.gov.in/nhai/sites/default/files/mix_file/Quarterly_Financials_for_the_Quarter_ended_on_30th_September_2025.pdf,PDF p2; NHAI_standalone_balance_sheet; current_liabilities_provisions_inr_crore; 2025-09-30 column,official_measured,True,175094a77bd0bfe7b9022afd00b0c9959692bb10a55e571949276b141a765f07,"Original INR lakh×0.01; unaudited limited-review authority filing, not CAG-audited. Publication day unknown. Financial periods retain their own observation cutoff, including reprinted comparatives. Classic sources/applications statement; reported capital-road-work includes net fixed block. This original balance sheet is not silently restated using the separate SEBI Working table.",NHAI,2025,current_liabilities_provisions_inr_crore,45956.499299999996,official_measured,official,,,,,,,,NHAI_standalone_balance_sheet|National Highway,,nhai,,,nhai,,2025-09-30,,2025-09-30,reported,limited_review_unaudited,175094a77bd0bfe7b9022afd00b0c9959692bb10a55e571949276b141a765f07,,
nhai,NHAI,agency,NHAI,All India,National Highway,current_liabilities_provisions_inr_crore,45956.499299999996,INR crore,4595649.93,INR lakh,,2025-09-30,balance_sheet_snapshot,actual,NHAI_standalone_debt_working,2025-09-30,,nhai_financial_results_2025_26_to_2026_06,https://nhai.gov.in/nhai/sites/default/files/mix_file/Quarterly_Financials_for_the_Quarter_ended_on_30th_September_2025.pdf,PDF p6; NHAI_standalone_debt_working; current_liabilities_provisions_inr_crore; 2025-09-30 column,official_measured,True,175094a77bd0bfe7b9022afd00b0c9959692bb10a55e571949276b141a765f07,"Original INR lakh×0.01; unaudited limited-review authority filing, not CAG-audited. Publication day unknown. Financial periods retain their own observation cutoff, including reprinted comparatives. SEBI Working stock table; no sums of missing lease/short-term borrowing cells. September2025 uses the same-end-date YTD stock column consistent with its balance sheet. June2026 March2026 comparatives explicitly recast; original filing remains archived.",NHAI,2025,current_liabilities_provisions_inr_crore,45956.499299999996,official_measured,official,,,,,,,,NHAI_standalone_debt_working|National Highway,,nhai,,,nhai,,2025-09-30,,2025-09-30,reported,limited_review_unaudited,175094a77bd0bfe7b9022afd00b0c9959692bb10a55e571949276b141a765f07,,
nhai,NHAI,agency,NHAI,All India,National Highway,current_liabilities_provisions_inr_crore,46365.361600000004,INR crore,4636536.16,INR lakh,,2025-12-31,balance_sheet_snapshot,actual,NHAI_standalone_debt_working,2025-12-31,,nhai_financial_results_2025_26_to_2026_06,https://nhai.gov.in/nhai/sites/default/files/mix_file/Quarterly_Financials_for_the_Quarter_ended_on_31st_December_2025.pdf,PDF p4; NHAI_standalone_debt_working; current_liabilities_provisions_inr_crore; 2025-12-31 column,official_measured,True,84d6384e7ab6c246d80df7732ad640053c999a9339d16757f64a91185506a443,"Original INR lakh×0.01; unaudited limited-review authority filing, not CAG-audited. Publication day unknown. Financial periods retain their own observation cutoff, including reprinted comparatives. SEBI Working stock table; no sums of missing lease/short-term borrowing cells. September2025 uses the same-end-date YTD stock column consistent with its balance sheet. June2026 March2026 comparatives explicitly recast; original filing remains archived.",NHAI,2025,current_liabilities_provisions_inr_crore,46365.361600000004,official_measured,official,,,,,,,,NHAI_standalone_debt_working|National Highway,,nhai,,,nhai,,2025-12-31,,2025-12-31,reported,limited_review_unaudited,84d6384e7ab6c246d80df7732ad640053c999a9339d16757f64a91185506a443,,
nhai,NHAI,agency,NHAI,All India,National Highway,current_liabilities_provisions_inr_crore,61690.8713,INR crore,6169087.13,INR lakh,,2026-03-31,balance_sheet_snapshot,actual,NHAI_standalone_balance_sheet,2026-03-31,,nhai_financial_results_2025_26_to_2026_06,https://nhai.gov.in/nhai/sites/default/files/mix_file/Quarterly_Financials_for_the_Quarter_ended_on_31st_March_2026.pdf,PDF p2; NHAI_standalone_balance_sheet; current_liabilities_provisions_inr_crore; 2026-03-31 column,official_measured,True,f5ec8c532d75ee286d62ec1663e25258f11eac3e6023b27094818081e81b9804,"Original INR lakh×0.01; unaudited limited-review authority filing, not CAG-audited. Publication day unknown. Financial periods retain their own observation cutoff, including reprinted comparatives. Classic sources/applications statement; reported capital-road-work includes net fixed block. This original balance sheet is not silently restated using the separate SEBI Working table.",NHAI,2026,current_liabilities_provisions_inr_crore,61690.8713,official_measured,official,,,,,,,,NHAI_standalone_balance_sheet|National Highway,,nhai,,,nhai,,2026-03-31,,2026-03-31,reported,limited_review_unaudited,f5ec8c532d75ee286d62ec1663e25258f11eac3e6023b27094818081e81b9804,,
nhai,NHAI,agency,NHAI,All India,National Highway,current_liabilities_provisions_inr_crore,61710.8281,INR crore,6171082.81,INR lakh,,2026-03-31,balance_sheet_snapshot,actual,NHAI_standalone_debt_working,2026-03-31,,nhai_financial_results_2025_26_to_2026_06,https://nhai.gov.in/nhai/sites/default/files/mix_file/Quarterly_Financials_for_the_Quarter_ended_on_30th_June_2026.pdf,PDF p4; NHAI_standalone_debt_working; current_liabilities_provisions_inr_crore; 2026-03-31 column,official_measured,True,d3eb43cde399c827cfc0d7f12384559ec76120450bef526cfc75f3c1d7b799d0,"Original INR lakh×0.01; unaudited limited-review authority filing, not CAG-audited. Publication day unknown. Financial periods retain their own observation cutoff, including reprinted comparatives. SEBI Working stock table; no sums of missing lease/short-term borrowing cells. September2025 uses the same-end-date YTD stock column consistent with its balance sheet. June2026 March2026 comparatives explicitly recast; original filing remains archived.",NHAI,2026,current_liabilities_provisions_inr_crore,61710.8281,official_measured,official,,,,,,,,NHAI_standalone_debt_working|National Highway,,nhai,,,nhai,,2026-06-30,,2026-03-31,revised,limited_review_unaudited,d3eb43cde399c827cfc0d7f12384559ec76120450bef526cfc75f3c1d7b799d0,,
nhai,NHAI,agency,NHAI,All India,National Highway,current_liabilities_provisions_inr_crore,48418.8421,INR crore,4841884.21,INR lakh,,2026-06-30,balance_sheet_snapshot,actual,NHAI_standalone_debt_working,2026-06-30,,nhai_financial_results_2025_26_to_2026_06,https://nhai.gov.in/nhai/sites/default/files/mix_file/Quarterly_Financials_for_the_Quarter_ended_on_30th_June_2026.pdf,PDF p4; NHAI_standalone_debt_working; current_liabilities_provisions_inr_crore; 2026-06-30 column,official_measured,True,d3eb43cde399c827cfc0d7f12384559ec76120450bef526cfc75f3c1d7b799d0,"Original INR lakh×0.01; unaudited limited-review authority filing, not CAG-audited. Publication day unknown. Financial periods retain their own observation cutoff, including reprinted comparatives. SEBI Working stock table; no sums of missing lease/short-term borrowing cells. September2025 uses the same-end-date YTD stock column consistent with its balance sheet. June2026 March2026 comparatives explicitly recast; original filing remains archived.",NHAI,2026,current_liabilities_provisions_inr_crore,48418.8421,official_measured,official,,,,,,,,NHAI_standalone_debt_working|National Highway,,nhai,,,nhai,,2026-06-30,,2026-06-30,reported,limited_review_unaudited,d3eb43cde399c827cfc0d7f12384559ec76120450bef526cfc75f3c1d7b799d0,,
nhai,NHAI,agency,NHAI,All India,National Highway,debt_total_inr_crore,241612.2204,INR crore,24161222.04,INR lakh,,2025-06-30,balance_sheet_snapshot,actual,NHAI_standalone_debt_working,2025-06-30,,nhai_financial_results_2025_26_to_2026_06,https://nhai.gov.in/nhai/sites/default/files/mix_file/Quarterly_Financials_for_the_Quarter_ended-on_30_June_2025.pdf,PDF p4; NHAI_standalone_debt_working; debt_total_inr_crore; 2025-06-30 column,official_measured,True,ceec789c08d5a5e81cac05776bbd82030c1f9d9765798fc7133080387efdfe85,"Original INR lakh×0.01; unaudited limited-review authority filing, not CAG-audited. Publication day unknown. Financial periods retain their own observation cutoff, including reprinted comparatives. SEBI Working stock table; no sums of missing lease/short-term borrowing cells. September2025 uses the same-end-date YTD stock column consistent with its balance sheet. June2026 March2026 comparatives explicitly recast; original filing remains archived.",NHAI,2025,debt_total_inr_crore,241612.2204,official_measured,official,,,,,,,,NHAI_standalone_debt_working|National Highway,,nhai,,,nhai,,2025-06-30,,2025-06-30,reported,limited_review_unaudited,ceec789c08d5a5e81cac05776bbd82030c1f9d9765798fc7133080387efdfe85,,
nhai,NHAI,agency,NHAI,All India,National Highway,debt_total_inr_crore,240450.5994,INR crore,24045059.94,INR lakh,,2025-09-30,balance_sheet_snapshot,actual,NHAI_standalone_debt_working,2025-09-30,,nhai_financial_results_2025_26_to_2026_06,https://nhai.gov.in/nhai/sites/default/files/mix_file/Quarterly_Financials_for_the_Quarter_ended_on_30th_September_2025.pdf,PDF p6; NHAI_standalone_debt_working; debt_total_inr_crore; 2025-09-30 column,official_measured,True,175094a77bd0bfe7b9022afd00b0c9959692bb10a55e571949276b141a765f07,"Original INR lakh×0.01; unaudited limited-review authority filing, not CAG-audited. Publication day unknown. Financial periods retain their own observation cutoff, including reprinted comparatives. SEBI Working stock table; no sums of missing lease/short-term borrowing cells. September2025 uses the same-end-date YTD stock column consistent with its balance sheet. June2026 March2026 comparatives explicitly recast; original filing remains archived.",NHAI,2025,debt_total_inr_crore,240450.5994,official_measured,official,,,,,,,,NHAI_standalone_debt_working|National Highway,,nhai,,,nhai,,2025-09-30,,2025-09-30,reported,limited_review_unaudited,175094a77bd0bfe7b9022afd00b0c9959692bb10a55e571949276b141a765f07,,
nhai,NHAI,agency,NHAI,All India,National Highway,debt_total_inr_crore,237315.8304,INR crore,23731583.04,INR lakh,,2025-12-31,balance_sheet_snapshot,actual,NHAI_standalone_debt_working,2025-12-31,,nhai_financial_results_2025_26_to_2026_06,https://nhai.gov.in/nhai/sites/default/files/mix_file/Quarterly_Financials_for_the_Quarter_ended_on_31st_December_2025.pdf,PDF p4; NHAI_standalone_debt_working; debt_total_inr_crore; 2025-12-31 column,official_measured,True,84d6384e7ab6c246d80df7732ad640053c999a9339d16757f64a91185506a443,"Original INR lakh×0.01; unaudited limited-review authority filing, not CAG-audited. Publication day unknown. Financial periods retain their own observation cutoff, including reprinted comparatives. SEBI Working stock table; no sums of missing lease/short-term borrowing cells. September2025 uses the same-end-date YTD stock column consistent with its balance sheet. June2026 March2026 comparatives explicitly recast; original filing remains archived.",NHAI,2025,debt_total_inr_crore,237315.8304,official_measured,official,,,,,,,,NHAI_standalone_debt_working|National Highway,,nhai,,,nhai,,2025-12-31,,2025-12-31,reported,limited_review_unaudited,84d6384e7ab6c246d80df7732ad640053c999a9339d16757f64a91185506a443,,
nhai,NHAI,agency,NHAI,All India,National Highway,debt_total_inr_crore,202275.71730000002,INR crore,20227571.73,INR lakh,,2026-03-31,balance_sheet_snapshot,actual,NHAI_standalone_debt_working,2026-03-31,,nhai_financial_results_2025_26_to_2026_06,https://nhai.gov.in/nhai/sites/default/files/mix_file/Quarterly_Financials_for_the_Quarter_ended_on_30th_June_2026.pdf,PDF p4; NHAI_standalone_debt_working; debt_total_inr_crore; 2026-03-31 column,official_measured,True,d3eb43cde399c827cfc0d7f12384559ec76120450bef526cfc75f3c1d7b799d0,"Original INR lakh×0.01; unaudited limited-review authority filing, not CAG-audited. Publication day unknown. Financial periods retain their own observation cutoff, including reprinted comparatives. SEBI Working stock table; no sums of missing lease/short-term borrowing cells. September2025 uses the same-end-date YTD stock column consistent with its balance sheet. June2026 March2026 comparatives explicitly recast; original filing remains archived.",NHAI,2026,debt_total_inr_crore,202275.71730000002,official_measured,official,,,,,,,,NHAI_standalone_debt_working|National Highway,,nhai,,,nhai,,2026-06-30,,2026-03-31,revised,limited_review_unaudited,d3eb43cde399c827cfc0d7f12384559ec76120450bef526cfc75f3c1d7b799d0,,
nhai,NHAI,agency,NHAI,All India,National Highway,debt_total_inr_crore,195303.7117,INR crore,19530371.17,INR lakh,,2026-06-30,balance_sheet_snapshot,actual,NHAI_standalone_debt_working,2026-06-30,,nhai_financial_results_2025_26_to_2026_06,https://nhai.gov.in/nhai/sites/default/files/mix_file/Quarterly_Financials_for_the_Quarter_ended_on_30th_June_2026.pdf,PDF p4; NHAI_standalone_debt_working; debt_total_inr_crore; 2026-06-30 column,official_measured,True,d3eb43cde399c827cfc0d7f12384559ec76120450bef526cfc75f3c1d7b799d0,"Original INR lakh×0.01; unaudited limited-review authority filing, not CAG-audited. Publication day unknown. Financial periods retain their own observation cutoff, including reprinted comparatives. SEBI Working stock table; no sums of missing lease/short-term borrowing cells. September2025 uses the same-end-date YTD stock column consistent with its balance sheet. June2026 March2026 comparatives explicitly recast; original filing remains archived.",NHAI,2026,debt_total_inr_crore,195303.7117,official_measured,official,,,,,,,,NHAI_standalone_debt_working|National Highway,,nhai,,,nhai,,2026-06-30,,2026-06-30,reported,limited_review_unaudited,d3eb43cde399c827cfc0d7f12384559ec76120450bef526cfc75f3c1d7b799d0,,
nhai,NHAI,agency,NHAI,All India,National Highway,deposits_loans_advances_inr_crore,73998.70420000001,INR crore,7399870.42,INR lakh,,2025-09-30,balance_sheet_snapshot,actual,NHAI_standalone_balance_sheet,2025-09-30,,nhai_financial_results_2025_26_to_2026_06,https://nhai.gov.in/nhai/sites/default/files/mix_file/Quarterly_Financials_for_the_Quarter_ended_on_30th_September_2025.pdf,PDF p2; NHAI_standalone_balance_sheet; deposits_loans_advances_inr_crore; 2025-09-30 column,official_measured,True,175094a77bd0bfe7b9022afd00b0c9959692bb10a55e571949276b141a765f07,"Original INR lakh×0.01; unaudited limited-review authority filing, not CAG-audited. Publication day unknown. Financial periods retain their own observation cutoff, including reprinted comparatives. Classic sources/applications statement; reported capital-road-work includes net fixed block. This original balance sheet is not silently restated using the separate SEBI Working table.",NHAI,2025,deposits_loans_advances_inr_crore,73998.70420000001,official_measured,official,,,,,,,,NHAI_standalone_balance_sheet|National Highway,,nhai,,,nhai,,2025-09-30,,2025-09-30,reported,limited_review_unaudited,175094a77bd0bfe7b9022afd00b0c9959692bb10a55e571949276b141a765f07,,
nhai,NHAI,agency,NHAI,All India,National Highway,deposits_loans_advances_inr_crore,47397.0971,INR crore,4739709.71,INR lakh,,2026-03-31,balance_sheet_snapshot,actual,NHAI_standalone_balance_sheet,2026-03-31,,nhai_financial_results_2025_26_to_2026_06,https://nhai.gov.in/nhai/sites/default/files/mix_file/Quarterly_Financials_for_the_Quarter_ended_on_31st_March_2026.pdf,PDF p2; NHAI_standalone_balance_sheet; deposits_loans_advances_inr_crore; 2026-03-31 column,official_measured,True,f5ec8c532d75ee286d62ec1663e25258f11eac3e6023b27094818081e81b9804,"Original INR lakh×0.01; unaudited limited-review authority filing, not CAG-audited. Publication day unknown. Financial periods retain their own observation cutoff, including reprinted comparatives. Classic sources/applications statement; reported capital-road-work includes net fixed block. This original balance sheet is not silently restated using the separate SEBI Working table.",NHAI,2026,deposits_loans_advances_inr_crore,47397.0971,official_measured,official,,,,,,,,NHAI_standalone_balance_sheet|National Highway,,nhai,,,nhai,,2026-03-31,,2026-03-31,reported,limited_review_unaudited,f5ec8c532d75ee286d62ec1663e25258f11eac3e6023b27094818081e81b9804,,
nhai,NHAI,agency,NHAI,All India,National Highway,depreciation_inr_crore,0.020499999999999997,INR crore,2.05,INR lakh,2025-04-01,2025-06-30,fiscal_quarter,actual,NHAI_standalone_income_expenditure,2025-06-30,,nhai_financial_results_2025_26_to_2026_06,https://nhai.gov.in/nhai/sites/default/files/mix_file/Quarterly_Financials_for_the_Quarter_ended-on_30_June_2025.pdf,PDF p2; NHAI_standalone_income_expenditure; depreciation_inr_crore; 2025-06-30 column,official_measured,True,ceec789c08d5a5e81cac05776bbd82030c1f9d9765798fc7133080387efdfe85,"Original INR lakh×0.01; unaudited limited-review authority filing, not CAG-audited. Publication day unknown. Financial periods retain their own observation cutoff, including reprinted comparatives. NHAI acts as implementing agency for Government assets; deficit is not a commercial operating margin. Quarter and fiscal YTD/annual are separate scopes. June2026 notes(g),(i) explicitly recast March2026 quarter/year comparatives.",NHAI,2025,depreciation_inr_crore,0.020499999999999997,official_measured,official,,,,,,,,NHAI_standalone_income_expenditure|National Highway,,nhai,,,nhai,,2025-06-30,,2025-04-01 to 2025-06-30,reported,limited_review_unaudited,ceec789c08d5a5e81cac05776bbd82030c1f9d9765798fc7133080387efdfe85,,
nhai,NHAI,agency,NHAI,All India,National Highway,depreciation_inr_crore,0.0675,INR crore,6.75,INR lakh,2025-04-01,2025-09-30,fiscal_year_ytd,actual,NHAI_standalone_income_expenditure,2025-09-30,,nhai_financial_results_2025_26_to_2026_06,https://nhai.gov.in/nhai/sites/default/files/mix_file/Quarterly_Financials_for_the_Quarter_ended_on_30th_September_2025.pdf,PDF p3; NHAI_standalone_income_expenditure; depreciation_inr_crore; 2025-09-30 column,official_measured,True,175094a77bd0bfe7b9022afd00b0c9959692bb10a55e571949276b141a765f07,"Original INR lakh×0.01; unaudited limited-review authority filing, not CAG-audited. Publication day unknown. Financial periods retain their own observation cutoff, including reprinted comparatives. NHAI acts as implementing agency for Government assets; deficit is not a commercial operating margin. Quarter and fiscal YTD/annual are separate scopes. June2026 notes(g),(i) explicitly recast March2026 quarter/year comparatives.",NHAI,2025,depreciation_inr_crore,0.0675,official_measured,official,,,,,,,,NHAI_standalone_income_expenditure|National Highway,,nhai,,,nhai,,2025-09-30,,2025-04-01 to 2025-09-30,reported,limited_review_unaudited,175094a77bd0bfe7b9022afd00b0c9959692bb10a55e571949276b141a765f07,,
nhai,NHAI,agency,NHAI,All India,National Highway,depreciation_inr_crore,0.1394,INR crore,13.94,INR lakh,2025-04-01,2025-12-31,fiscal_year_ytd,actual,NHAI_standalone_income_expenditure,2025-12-31,,nhai_financial_results_2025_26_to_2026_06,https://nhai.gov.in/nhai/sites/default/files/mix_file/Quarterly_Financials_for_the_Quarter_ended_on_31st_December_2025.pdf,PDF p2; NHAI_standalone_income_expenditure; depreciation_inr_crore; 2025-12-31 column,official_measured,True,84d6384e7ab6c246d80df7732ad640053c999a9339d16757f64a91185506a443,"Original INR lakh×0.01; unaudited limited-review authority filing, not CAG-audited. Publication day unknown. Financial periods retain their own observation cutoff, including reprinted comparatives. NHAI acts as implementing agency for Government assets; deficit is not a commercial operating margin. Quarter and fiscal YTD/annual are separate scopes. June2026 notes(g),(i) explicitly recast March2026 quarter/year comparatives.",NHAI,2025,depreciation_inr_crore,0.1394,official_measured,official,,,,,,,,NHAI_standalone_income_expenditure|National Highway,,nhai,,,nhai,,2025-12-31,,2025-04-01 to 2025-12-31,reported,limited_review_unaudited,84d6384e7ab6c246d80df7732ad640053c999a9339d16757f64a91185506a443,,
nhai,NHAI,agency,NHAI,All India,National Highway,depreciation_inr_crore,26.609099999999998,INR crore,2660.91,INR lakh,2025-04-01,2026-03-31,fiscal_year,actual,NHAI_standalone_income_expenditure,2026-03-31,,nhai_financial_results_2025_26_to_2026_06,https://nhai.gov.in/nhai/sites/default/files/mix_file/Quarterly_Financials_for_the_Quarter_ended_on_30th_June_2026.pdf,PDF p2; NHAI_standalone_income_expenditure; depreciation_inr_crore; 2026-03-31 column,official_measured,True,d3eb43cde399c827cfc0d7f12384559ec76120450bef526cfc75f3c1d7b799d0,"Original INR lakh×0.01; unaudited limited-review authority filing, not CAG-audited. Publication day unknown. Financial periods retain their own observation cutoff, including reprinted comparatives. NHAI acts as implementing agency for Government assets; deficit is not a commercial operating margin. Quarter and fiscal YTD/annual are separate scopes. June2026 notes(g),(i) explicitly recast March2026 quarter/year comparatives.",NHAI,2026,depreciation_inr_crore,26.609099999999998,official_measured,official,,,,,,,,NHAI_standalone_income_expenditure|National Highway,,nhai,,,nhai,,2026-06-30,,2025-04-01 to 2026-03-31,revised,limited_review_unaudited,d3eb43cde399c827cfc0d7f12384559ec76120450bef526cfc75f3c1d7b799d0,,
nhai,NHAI,agency,NHAI,All India,National Highway,depreciation_inr_crore,0.047,INR crore,4.7,INR lakh,2025-07-01,2025-09-30,fiscal_quarter,actual,NHAI_standalone_income_expenditure,2025-09-30,,nhai_financial_results_2025_26_to_2026_06,https://nhai.gov.in/nhai/sites/default/files/mix_file/Quarterly_Financials_for_the_Quarter_ended_on_30th_September_2025.pdf,PDF p3; NHAI_standalone_income_expenditure; depreciation_inr_crore; 2025-09-30 column,official_measured,True,175094a77bd0bfe7b9022afd00b0c9959692bb10a55e571949276b141a765f07,"Original INR lakh×0.01; unaudited limited-review authority filing, not CAG-audited. Publication day unknown. Financial periods retain their own observation cutoff, including reprinted comparatives. NHAI acts as implementing agency for Government assets; deficit is not a commercial operating margin. Quarter and fiscal YTD/annual are separate scopes. June2026 notes(g),(i) explicitly recast March2026 quarter/year comparatives.",NHAI,2025,depreciation_inr_crore,0.047,official_measured,official,,,,,,,,NHAI_standalone_income_expenditure|National Highway,,nhai,,,nhai,,2025-09-30,,2025-07-01 to 2025-09-30,reported,limited_review_unaudited,175094a77bd0bfe7b9022afd00b0c9959692bb10a55e571949276b141a765f07,,
nhai,NHAI,agency,NHAI,All India,National Highway,depreciation_inr_crore,0.0719,INR crore,7.19,INR lakh,2025-10-01,2025-12-31,fiscal_quarter,actual,NHAI_standalone_income_expenditure,2025-12-31,,nhai_financial_results_2025_26_to_2026_06,https://nhai.gov.in/nhai/sites/default/files/mix_file/Quarterly_Financials_for_the_Quarter_ended_on_31st_December_2025.pdf,PDF p2; NHAI_standalone_income_expenditure; depreciation_inr_crore; 2025-12-31 column,official_measured,True,84d6384e7ab6c246d80df7732ad640053c999a9339d16757f64a91185506a443,"Original INR lakh×0.01; unaudited limited-review authority filing, not CAG-audited. Publication day unknown. Financial periods retain their own observation cutoff, including reprinted comparatives. NHAI acts as implementing agency for Government assets; deficit is not a commercial operating margin. Quarter and fiscal YTD/annual are separate scopes. June2026 notes(g),(i) explicitly recast March2026 quarter/year comparatives.",NHAI,2025,depreciation_inr_crore,0.0719,official_measured,official,,,,,,,,NHAI_standalone_income_expenditure|National Highway,,nhai,,,nhai,,2025-12-31,,2025-10-01 to 2025-12-31,reported,limited_review_unaudited,84d6384e7ab6c246d80df7732ad640053c999a9339d16757f64a91185506a443,,
nhai,NHAI,agency,NHAI,All India,National Highway,depreciation_inr_crore,26.4697,INR crore,2646.97,INR lakh,2026-01-01,2026-03-31,fiscal_quarter,actual,NHAI_standalone_income_expenditure,2026-03-31,,nhai_financial_results_2025_26_to_2026_06,https://nhai.gov.in/nhai/sites/default/files/mix_file/Quarterly_Financials_for_the_Quarter_ended_on_30th_June_2026.pdf,PDF p2; NHAI_standalone_income_expenditure; depreciation_inr_crore; 2026-03-31 column,official_measured,True,d3eb43cde399c827cfc0d7f12384559ec76120450bef526cfc75f3c1d7b799d0,"Original INR lakh×0.01; unaudited limited-review authority filing, not CAG-audited. Publication day unknown. Financial periods retain their own observation cutoff, including reprinted comparatives. NHAI acts as implementing agency for Government assets; deficit is not a commercial operating margin. Quarter and fiscal YTD/annual are separate scopes. June2026 notes(g),(i) explicitly recast March2026 quarter/year comparatives.",NHAI,2026,depreciation_inr_crore,26.4697,official_measured,official,,,,,,,,NHAI_standalone_income_expenditure|National Highway,,nhai,,,nhai,,2026-06-30,,2026-01-01 to 2026-03-31,revised,limited_review_unaudited,d3eb43cde399c827cfc0d7f12384559ec76120450bef526cfc75f3c1d7b799d0,,
nhai,NHAI,agency,NHAI,All India,National Highway,depreciation_inr_crore,0.0123,INR crore,1.23,INR lakh,2026-04-01,2026-06-30,fiscal_quarter,actual,NHAI_standalone_income_expenditure,2026-06-30,,nhai_financial_results_2025_26_to_2026_06,https://nhai.gov.in/nhai/sites/default/files/mix_file/Quarterly_Financials_for_the_Quarter_ended_on_30th_June_2026.pdf,PDF p2; NHAI_standalone_income_expenditure; depreciation_inr_crore; 2026-06-30 column,official_measured,True,d3eb43cde399c827cfc0d7f12384559ec76120450bef526cfc75f3c1d7b799d0,"Original INR lakh×0.01; unaudited limited-review authority filing, not CAG-audited. Publication day unknown. Financial periods retain their own observation cutoff, including reprinted comparatives. NHAI acts as implementing agency for Government assets; deficit is not a commercial operating margin. Quarter and fiscal YTD/annual are separate scopes. June2026 notes(g),(i) explicitly recast March2026 quarter/year comparatives.",NHAI,2026,depreciation_inr_crore,0.0123,official_measured,official,,,,,,,,NHAI_standalone_income_expenditure|National Highway,,nhai,,,nhai,,2026-06-30,,2026-04-01 to 2026-06-30,reported,limited_review_unaudited,d3eb43cde399c827cfc0d7f12384559ec76120450bef526cfc75f3c1d7b799d0,,
nhai,NHAI,agency,NHAI,All India,National Highway,eap_grant_cash_inr_crore,165.0,INR crore,16500.0,INR lakh,2025-04-01,2026-03-31,fiscal_year,actual,NHAI_standalone_cash_flow,2026-03-31,,nhai_financial_results_2025_26_to_2026_06,https://nhai.gov.in/nhai/sites/default/files/mix_file/Quarterly_Financials_for_the_Quarter_ended_on_31st_March_2026.pdf,PDF p4; NHAI_standalone_cash_flow; eap_grant_cash_inr_crore; 2026-03-31 column,official_measured,True,f5ec8c532d75ee286d62ec1663e25258f11eac3e6023b27094818081e81b9804,"Original INR lakh×0.01; unaudited limited-review authority filing, not CAG-audited. Publication day unknown. Financial periods retain their own observation cutoff, including reprinted comparatives. Cash-flow bond interest differs from establishment finance charges. Adjusted toll ploughback cash is neither gross toll collection nor gross CFI deposit. Negative repayments retain their printed sign.",NHAI,2026,eap_grant_cash_inr_crore,165.0,official_measured,official,,,,,,,,NHAI_standalone_cash_flow|National Highway,,nhai,,,nhai,,2026-03-31,,2025-04-01 to 2026-03-31,reported,limited_review_unaudited,f5ec8c532d75ee286d62ec1663e25258f11eac3e6023b27094818081e81b9804,,
nhai,NHAI,agency,NHAI,All India,National Highway,finance_charges_inr_crore,6.417000000000001,INR crore,641.7,INR lakh,2025-04-01,2025-06-30,fiscal_quarter,actual,NHAI_standalone_income_expenditure,2025-06-30,,nhai_financial_results_2025_26_to_2026_06,https://nhai.gov.in/nhai/sites/default/files/mix_file/Quarterly_Financials_for_the_Quarter_ended-on_30_June_2025.pdf,PDF p2; NHAI_standalone_income_expenditure; finance_charges_inr_crore; 2025-06-30 column,official_measured,True,ceec789c08d5a5e81cac05776bbd82030c1f9d9765798fc7133080387efdfe85,"Original INR lakh×0.01; unaudited limited-review authority filing, not CAG-audited. Publication day unknown. Financial periods retain their own observation cutoff, including reprinted comparatives. NHAI acts as implementing agency for Government assets; deficit is not a commercial operating margin. Quarter and fiscal YTD/annual are separate scopes. June2026 notes(g),(i) explicitly recast March2026 quarter/year comparatives.",NHAI,2025,finance_charges_inr_crore,6.417000000000001,official_measured,official,,,,,,,,NHAI_standalone_income_expenditure|National Highway,,nhai,,,nhai,,2025-06-30,,2025-04-01 to 2025-06-30,reported,limited_review_unaudited,ceec789c08d5a5e81cac05776bbd82030c1f9d9765798fc7133080387efdfe85,,
nhai,NHAI,agency,NHAI,All India,National Highway,finance_charges_inr_crore,19.9948,INR crore,1999.48,INR lakh,2025-04-01,2025-09-30,fiscal_year_ytd,actual,NHAI_standalone_income_expenditure,2025-09-30,,nhai_financial_results_2025_26_to_2026_06,https://nhai.gov.in/nhai/sites/default/files/mix_file/Quarterly_Financials_for_the_Quarter_ended_on_30th_September_2025.pdf,PDF p3; NHAI_standalone_income_expenditure; finance_charges_inr_crore; 2025-09-30 column,official_measured,True,175094a77bd0bfe7b9022afd00b0c9959692bb10a55e571949276b141a765f07,"Original INR lakh×0.01; unaudited limited-review authority filing, not CAG-audited. Publication day unknown. Financial periods retain their own observation cutoff, including reprinted comparatives. NHAI acts as implementing agency for Government assets; deficit is not a commercial operating margin. Quarter and fiscal YTD/annual are separate scopes. June2026 notes(g),(i) explicitly recast March2026 quarter/year comparatives.",NHAI,2025,finance_charges_inr_crore,19.9948,official_measured,official,,,,,,,,NHAI_standalone_income_expenditure|National Highway,,nhai,,,nhai,,2025-09-30,,2025-04-01 to 2025-09-30,reported,limited_review_unaudited,175094a77bd0bfe7b9022afd00b0c9959692bb10a55e571949276b141a765f07,,
nhai,NHAI,agency,NHAI,All India,National Highway,finance_charges_inr_crore,1.4677000000000002,INR crore,146.77,INR lakh,2025-04-01,2025-12-31,fiscal_year_ytd,actual,NHAI_standalone_income_expenditure,2025-12-31,,nhai_financial_results_2025_26_to_2026_06,https://nhai.gov.in/nhai/sites/default/files/mix_file/Quarterly_Financials_for_the_Quarter_ended_on_31st_December_2025.pdf,PDF p2; NHAI_standalone_income_expenditure; finance_charges_inr_crore; 2025-12-31 column,official_measured,True,84d6384e7ab6c246d80df7732ad640053c999a9339d16757f64a91185506a443,"Original INR lakh×0.01; unaudited limited-review authority filing, not CAG-audited. Publication day unknown. Financial periods retain their own observation cutoff, including reprinted comparatives. NHAI acts as implementing agency for Government assets; deficit is not a commercial operating margin. Quarter and fiscal YTD/annual are separate scopes. June2026 notes(g),(i) explicitly recast March2026 quarter/year comparatives.",NHAI,2025,finance_charges_inr_crore,1.4677000000000002,official_measured,official,,,,,,,,NHAI_standalone_income_expenditure|National Highway,,nhai,,,nhai,,2025-12-31,,2025-04-01 to 2025-12-31,reported,limited_review_unaudited,84d6384e7ab6c246d80df7732ad640053c999a9339d16757f64a91185506a443,,
nhai,NHAI,agency,NHAI,All India,National Highway,finance_charges_inr_crore,1.7631999999999999,INR crore,176.32,INR lakh,2025-04-01,2026-03-31,fiscal_year,actual,NHAI_standalone_income_expenditure,2026-03-31,,nhai_financial_results_2025_26_to_2026_06,https://nhai.gov.in/nhai/sites/default/files/mix_file/Quarterly_Financials_for_the_Quarter_ended_on_30th_June_2026.pdf,PDF p2; NHAI_standalone_income_expenditure; finance_charges_inr_crore; 2026-03-31 column,official_measured,True,d3eb43cde399c827cfc0d7f12384559ec76120450bef526cfc75f3c1d7b799d0,"Original INR lakh×0.01; unaudited limited-review authority filing, not CAG-audited. Publication day unknown. Financial periods retain their own observation cutoff, including reprinted comparatives. NHAI acts as implementing agency for Government assets; deficit is not a commercial operating margin. Quarter and fiscal YTD/annual are separate scopes. June2026 notes(g),(i) explicitly recast March2026 quarter/year comparatives.",NHAI,2026,finance_charges_inr_crore,1.7631999999999999,official_measured,official,,,,,,,,NHAI_standalone_income_expenditure|National Highway,,nhai,,,nhai,,2026-06-30,,2025-04-01 to 2026-03-31,revised,limited_review_unaudited,d3eb43cde399c827cfc0d7f12384559ec76120450bef526cfc75f3c1d7b799d0,,
nhai,NHAI,agency,NHAI,All India,National Highway,finance_charges_inr_crore,13.5778,INR crore,1357.78,INR lakh,2025-07-01,2025-09-30,fiscal_quarter,actual,NHAI_standalone_income_expenditure,2025-09-30,,nhai_financial_results_2025_26_to_2026_06,https://nhai.gov.in/nhai/sites/default/files/mix_file/Quarterly_Financials_for_the_Quarter_ended_on_30th_September_2025.pdf,PDF p3; NHAI_standalone_income_expenditure; finance_charges_inr_crore; 2025-09-30 column,official_measured,True,175094a77bd0bfe7b9022afd00b0c9959692bb10a55e571949276b141a765f07,"Original INR lakh×0.01; unaudited limited-review authority filing, not CAG-audited. Publication day unknown. Financial periods retain their own observation cutoff, including reprinted comparatives. NHAI acts as implementing agency for Government assets; deficit is not a commercial operating margin. Quarter and fiscal YTD/annual are separate scopes. June2026 notes(g),(i) explicitly recast March2026 quarter/year comparatives.",NHAI,2025,finance_charges_inr_crore,13.5778,official_measured,official,,,,,,,,NHAI_standalone_income_expenditure|National Highway,,nhai,,,nhai,,2025-09-30,,2025-07-01 to 2025-09-30,reported,limited_review_unaudited,175094a77bd0bfe7b9022afd00b0c9959692bb10a55e571949276b141a765f07,,
nhai,NHAI,agency,NHAI,All India,National Highway,finance_charges_inr_crore,-18.5271,INR crore,-1852.71,INR lakh,2025-10-01,2025-12-31,fiscal_quarter,actual,NHAI_standalone_income_expenditure,2025-12-31,,nhai_financial_results_2025_26_to_2026_06,https://nhai.gov.in/nhai/sites/default/files/mix_file/Quarterly_Financials_for_the_Quarter_ended_on_31st_December_2025.pdf,PDF p2; NHAI_standalone_income_expenditure; finance_charges_inr_crore; 2025-12-31 column,official_measured,True,84d6384e7ab6c246d80df7732ad640053c999a9339d16757f64a91185506a443,"Original INR lakh×0.01; unaudited limited-review authority filing, not CAG-audited. Publication day unknown. Financial periods retain their own observation cutoff, including reprinted comparatives. NHAI acts as implementing agency for Government assets; deficit is not a commercial operating margin. Quarter and fiscal YTD/annual are separate scopes. June2026 notes(g),(i) explicitly recast March2026 quarter/year comparatives.",NHAI,2025,finance_charges_inr_crore,-18.5271,official_measured,official,,,,,,,,NHAI_standalone_income_expenditure|National Highway,,nhai,,,nhai,,2025-12-31,,2025-10-01 to 2025-12-31,reported,limited_review_unaudited,84d6384e7ab6c246d80df7732ad640053c999a9339d16757f64a91185506a443,,
nhai,NHAI,agency,NHAI,All India,National Highway,finance_charges_inr_crore,0.29550000000000004,INR crore,29.55,INR lakh,2026-01-01,2026-03-31,fiscal_quarter,actual,NHAI_standalone_income_expenditure,2026-03-31,,nhai_financial_results_2025_26_to_2026_06,https://nhai.gov.in/nhai/sites/default/files/mix_file/Quarterly_Financials_for_the_Quarter_ended_on_30th_June_2026.pdf,PDF p2; NHAI_standalone_income_expenditure; finance_charges_inr_crore; 2026-03-31 column,official_measured,True,d3eb43cde399c827cfc0d7f12384559ec76120450bef526cfc75f3c1d7b799d0,"Original INR lakh×0.01; unaudited limited-review authority filing, not CAG-audited. Publication day unknown. Financial periods retain their own observation cutoff, including reprinted comparatives. NHAI acts as implementing agency for Government assets; deficit is not a commercial operating margin. Quarter and fiscal YTD/annual are separate scopes. June2026 notes(g),(i) explicitly recast March2026 quarter/year comparatives.",NHAI,2026,finance_charges_inr_crore,0.29550000000000004,official_measured,official,,,,,,,,NHAI_standalone_income_expenditure|National Highway,,nhai,,,nhai,,2026-06-30,,2026-01-01 to 2026-03-31,revised,limited_review_unaudited,d3eb43cde399c827cfc0d7f12384559ec76120450bef526cfc75f3c1d7b799d0,,
nhai,NHAI,agency,NHAI,All India,National Highway,finance_charges_inr_crore,0.0086,INR crore,0.86,INR lakh,2026-04-01,2026-06-30,fiscal_quarter,actual,NHAI_standalone_income_expenditure,2026-06-30,,nhai_financial_results_2025_26_to_2026_06,https://nhai.gov.in/nhai/sites/default/files/mix_file/Quarterly_Financials_for_the_Quarter_ended_on_30th_June_2026.pdf,PDF p2; NHAI_standalone_income_expenditure; finance_charges_inr_crore; 2026-06-30 column,official_measured,True,d3eb43cde399c827cfc0d7f12384559ec76120450bef526cfc75f3c1d7b799d0,"Original INR lakh×0.01; unaudited limited-review authority filing, not CAG-audited. Publication day unknown. Financial periods retain their own observation cutoff, including reprinted comparatives. NHAI acts as implementing agency for Government assets; deficit is not a commercial operating margin. Quarter and fiscal YTD/annual are separate scopes. June2026 notes(g),(i) explicitly recast March2026 quarter/year comparatives.",NHAI,2026,finance_charges_inr_crore,0.0086,official_measured,official,,,,,,,,NHAI_standalone_income_expenditure|National Highway,,nhai,,,nhai,,2026-06-30,,2026-04-01 to 2026-06-30,reported,limited_review_unaudited,d3eb43cde399c827cfc0d7f12384559ec76120450bef526cfc75f3c1d7b799d0,,
nhai,NHAI,agency,NHAI,All India,National Highway,fixed_assets_gross_block_inr_crore,468.35,INR crore,46835.0,INR lakh,,2025-09-30,balance_sheet_snapshot,actual,NHAI_standalone_balance_sheet,2025-09-30,,nhai_financial_results_2025_26_to_2026_06,https://nhai.gov.in/nhai/sites/default/files/mix_file/Quarterly_Financials_for_the_Quarter_ended_on_30th_September_2025.pdf,PDF p2; NHAI_standalone_balance_sheet; fixed_assets_gross_block_inr_crore; 2025-09-30 column,official_measured,True,175094a77bd0bfe7b9022afd00b0c9959692bb10a55e571949276b141a765f07,"Original INR lakh×0.01; unaudited limited-review authority filing, not CAG-audited. Publication day unknown. Financial periods retain their own observation cutoff, including reprinted comparatives. Classic sources/applications statement; reported capital-road-work includes net fixed block. This original balance sheet is not silently restated using the separate SEBI Working table.",NHAI,2025,fixed_assets_gross_block_inr_crore,468.35,official_measured,official,,,,,,,,NHAI_standalone_balance_sheet|National Highway,,nhai,,,nhai,,2025-09-30,,2025-09-30,reported,limited_review_unaudited,175094a77bd0bfe7b9022afd00b0c9959692bb10a55e571949276b141a765f07,,
nhai,NHAI,agency,NHAI,All India,National Highway,fixed_assets_gross_block_inr_crore,482.2596,INR crore,48225.96,INR lakh,,2026-03-31,balance_sheet_snapshot,actual,NHAI_standalone_balance_sheet,2026-03-31,,nhai_financial_results_2025_26_to_2026_06,https://nhai.gov.in/nhai/sites/default/files/mix_file/Quarterly_Financials_for_the_Quarter_ended_on_31st_March_2026.pdf,PDF p2; NHAI_standalone_balance_sheet; fixed_assets_gross_block_inr_crore; 2026-03-31 column,official_measured,True,f5ec8c532d75ee286d62ec1663e25258f11eac3e6023b27094818081e81b9804,"Original INR lakh×0.01; unaudited limited-review authority filing, not CAG-audited. Publication day unknown. Financial periods retain their own observation cutoff, including reprinted comparatives. Classic sources/applications statement; reported capital-road-work includes net fixed block. This original balance sheet is not silently restated using the separate SEBI Working table.",NHAI,2026,fixed_assets_gross_block_inr_crore,482.2596,official_measured,official,,,,,,,,NHAI_standalone_balance_sheet|National Highway,,nhai,,,nhai,,2026-03-31,,2026-03-31,reported,limited_review_unaudited,f5ec8c532d75ee286d62ec1663e25258f11eac3e6023b27094818081e81b9804,,
nhai,NHAI,agency,NHAI,All India,National Highway,fixed_assets_net_block_inr_crore,236.31,INR crore,23631.0,INR lakh,,2025-09-30,balance_sheet_snapshot,actual,NHAI_standalone_balance_sheet,2025-09-30,,nhai_financial_results_2025_26_to_2026_06,https://nhai.gov.in/nhai/sites/default/files/mix_file/Quarterly_Financials_for_the_Quarter_ended_on_30th_September_2025.pdf,PDF p2; NHAI_standalone_balance_sheet; fixed_assets_net_block_inr_crore; 2025-09-30 column,official_measured,True,175094a77bd0bfe7b9022afd00b0c9959692bb10a55e571949276b141a765f07,"Original INR lakh×0.01; unaudited limited-review authority filing, not CAG-audited. Publication day unknown. Financial periods retain their own observation cutoff, including reprinted comparatives. Classic sources/applications statement; reported capital-road-work includes net fixed block. This original balance sheet is not silently restated using the separate SEBI Working table.",NHAI,2025,fixed_assets_net_block_inr_crore,236.31,official_measured,official,,,,,,,,NHAI_standalone_balance_sheet|National Highway,,nhai,,,nhai,,2025-09-30,,2025-09-30,reported,limited_review_unaudited,175094a77bd0bfe7b9022afd00b0c9959692bb10a55e571949276b141a765f07,,
nhai,NHAI,agency,NHAI,All India,National Highway,fixed_assets_net_block_inr_crore,224.3176,INR crore,22431.76,INR lakh,,2026-03-31,balance_sheet_snapshot,actual,NHAI_standalone_balance_sheet,2026-03-31,,nhai_financial_results_2025_26_to_2026_06,https://nhai.gov.in/nhai/sites/default/files/mix_file/Quarterly_Financials_for_the_Quarter_ended_on_31st_March_2026.pdf,PDF p2; NHAI_standalone_balance_sheet; fixed_assets_net_block_inr_crore; 2026-03-31 column,official_measured,True,f5ec8c532d75ee286d62ec1663e25258f11eac3e6023b27094818081e81b9804,"Original INR lakh×0.01; unaudited limited-review authority filing, not CAG-audited. Publication day unknown. Financial periods retain their own observation cutoff, including reprinted comparatives. Classic sources/applications statement; reported capital-road-work includes net fixed block. This original balance sheet is not silently restated using the separate SEBI Working table.",NHAI,2026,fixed_assets_net_block_inr_crore,224.3176,official_measured,official,,,,,,,,NHAI_standalone_balance_sheet|National Highway,,nhai,,,nhai,,2026-03-31,,2026-03-31,reported,limited_review_unaudited,f5ec8c532d75ee286d62ec1663e25258f11eac3e6023b27094818081e81b9804,,
nhai,NHAI,agency,NHAI,All India,National Highway,interest_gross_inr_crore,0.0405,INR crore,4.05,INR lakh,2025-04-01,2025-09-30,fiscal_year_ytd,actual,NHAI_standalone_income_expenditure,2025-09-30,,nhai_financial_results_2025_26_to_2026_06,https://nhai.gov.in/nhai/sites/default/files/mix_file/Quarterly_Financials_for_the_Quarter_ended_on_30th_September_2025.pdf,PDF p3; NHAI_standalone_income_expenditure; interest_gross_inr_crore; 2025-09-30 column,official_measured,True,175094a77bd0bfe7b9022afd00b0c9959692bb10a55e571949276b141a765f07,"Original INR lakh×0.01; unaudited limited-review authority filing, not CAG-audited. Publication day unknown. Financial periods retain their own observation cutoff, including reprinted comparatives. NHAI acts as implementing agency for Government assets; deficit is not a commercial operating margin. Quarter and fiscal YTD/annual are separate scopes. June2026 notes(g),(i) explicitly recast March2026 quarter/year comparatives.",NHAI,2025,interest_gross_inr_crore,0.0405,official_measured,official,,,,,,,,NHAI_standalone_income_expenditure|National Highway,,nhai,,,nhai,,2025-09-30,,2025-04-01 to 2025-09-30,reported,limited_review_unaudited,175094a77bd0bfe7b9022afd00b0c9959692bb10a55e571949276b141a765f07,,
nhai,NHAI,agency,NHAI,All India,National Highway,interest_gross_inr_crore,292.2503,INR crore,29225.03,INR lakh,2025-04-01,2025-12-31,fiscal_year_ytd,actual,NHAI_standalone_income_expenditure,2025-12-31,,nhai_financial_results_2025_26_to_2026_06,https://nhai.gov.in/nhai/sites/default/files/mix_file/Quarterly_Financials_for_the_Quarter_ended_on_31st_December_2025.pdf,PDF p2; NHAI_standalone_income_expenditure; interest_gross_inr_crore; 2025-12-31 column,official_measured,True,84d6384e7ab6c246d80df7732ad640053c999a9339d16757f64a91185506a443,"Original INR lakh×0.01; unaudited limited-review authority filing, not CAG-audited. Publication day unknown. Financial periods retain their own observation cutoff, including reprinted comparatives. NHAI acts as implementing agency for Government assets; deficit is not a commercial operating margin. Quarter and fiscal YTD/annual are separate scopes. June2026 notes(g),(i) explicitly recast March2026 quarter/year comparatives.",NHAI,2025,interest_gross_inr_crore,292.2503,official_measured,official,,,,,,,,NHAI_standalone_income_expenditure|National Highway,,nhai,,,nhai,,2025-12-31,,2025-04-01 to 2025-12-31,reported,limited_review_unaudited,84d6384e7ab6c246d80df7732ad640053c999a9339d16757f64a91185506a443,,
nhai,NHAI,agency,NHAI,All India,National Highway,interest_gross_inr_crore,0.0070999999999999995,INR crore,0.71,INR lakh,2025-04-01,2026-03-31,fiscal_year,actual,NHAI_standalone_income_expenditure,2026-03-31,,nhai_financial_results_2025_26_to_2026_06,https://nhai.gov.in/nhai/sites/default/files/mix_file/Quarterly_Financials_for_the_Quarter_ended_on_30th_June_2026.pdf,PDF p2; NHAI_standalone_income_expenditure; interest_gross_inr_crore; 2026-03-31 column,official_measured,True,d3eb43cde399c827cfc0d7f12384559ec76120450bef526cfc75f3c1d7b799d0,"Original INR lakh×0.01; unaudited limited-review authority filing, not CAG-audited. Publication day unknown. Financial periods retain their own observation cutoff, including reprinted comparatives. NHAI acts as implementing agency for Government assets; deficit is not a commercial operating margin. Quarter and fiscal YTD/annual are separate scopes. June2026 notes(g),(i) explicitly recast March2026 quarter/year comparatives.",NHAI,2026,interest_gross_inr_crore,0.0070999999999999995,official_measured,official,,,,,,,,NHAI_standalone_income_expenditure|National Highway,,nhai,,,nhai,,2026-06-30,,2025-04-01 to 2026-03-31,revised,limited_review_unaudited,d3eb43cde399c827cfc0d7f12384559ec76120450bef526cfc75f3c1d7b799d0,,
nhai,NHAI,agency,NHAI,All India,National Highway,interest_gross_inr_crore,0.0405,INR crore,4.05,INR lakh,2025-07-01,2025-09-30,fiscal_quarter,actual,NHAI_standalone_income_expenditure,2025-09-30,,nhai_financial_results_2025_26_to_2026_06,https://nhai.gov.in/nhai/sites/default/files/mix_file/Quarterly_Financials_for_the_Quarter_ended_on_30th_September_2025.pdf,PDF p3; NHAI_standalone_income_expenditure; interest_gross_inr_crore; 2025-09-30 column,official_measured,True,175094a77bd0bfe7b9022afd00b0c9959692bb10a55e571949276b141a765f07,"Original INR lakh×0.01; unaudited limited-review authority filing, not CAG-audited. Publication day unknown. Financial periods retain their own observation cutoff, including reprinted comparatives. NHAI acts as implementing agency for Government assets; deficit is not a commercial operating margin. Quarter and fiscal YTD/annual are separate scopes. June2026 notes(g),(i) explicitly recast March2026 quarter/year comparatives.",NHAI,2025,interest_gross_inr_crore,0.0405,official_measured,official,,,,,,,,NHAI_standalone_income_expenditure|National Highway,,nhai,,,nhai,,2025-09-30,,2025-07-01 to 2025-09-30,reported,limited_review_unaudited,175094a77bd0bfe7b9022afd00b0c9959692bb10a55e571949276b141a765f07,,
nhai,NHAI,agency,NHAI,All India,National Highway,interest_gross_inr_crore,292.20980000000003,INR crore,29220.98,INR lakh,2025-10-01,2025-12-31,fiscal_quarter,actual,NHAI_standalone_income_expenditure,2025-12-31,,nhai_financial_results_2025_26_to_2026_06,https://nhai.gov.in/nhai/sites/default/files/mix_file/Quarterly_Financials_for_the_Quarter_ended_on_31st_December_2025.pdf,PDF p2; NHAI_standalone_income_expenditure; interest_gross_inr_crore; 2025-12-31 column,official_measured,True,84d6384e7ab6c246d80df7732ad640053c999a9339d16757f64a91185506a443,"Original INR lakh×0.01; unaudited limited-review authority filing, not CAG-audited. Publication day unknown. Financial periods retain their own observation cutoff, including reprinted comparatives. NHAI acts as implementing agency for Government assets; deficit is not a commercial operating margin. Quarter and fiscal YTD/annual are separate scopes. June2026 notes(g),(i) explicitly recast March2026 quarter/year comparatives.",NHAI,2025,interest_gross_inr_crore,292.20980000000003,official_measured,official,,,,,,,,NHAI_standalone_income_expenditure|National Highway,,nhai,,,nhai,,2025-12-31,,2025-10-01 to 2025-12-31,reported,limited_review_unaudited,84d6384e7ab6c246d80df7732ad640053c999a9339d16757f64a91185506a443,,
nhai,NHAI,agency,NHAI,All India,National Highway,interest_gross_inr_crore,-292.2432,INR crore,-29224.32,INR lakh,2026-01-01,2026-03-31,fiscal_quarter,actual,NHAI_standalone_income_expenditure,2026-03-31,,nhai_financial_results_2025_26_to_2026_06,https://nhai.gov.in/nhai/sites/default/files/mix_file/Quarterly_Financials_for_the_Quarter_ended_on_30th_June_2026.pdf,PDF p2; NHAI_standalone_income_expenditure; interest_gross_inr_crore; 2026-03-31 column,official_measured,True,d3eb43cde399c827cfc0d7f12384559ec76120450bef526cfc75f3c1d7b799d0,"Original INR lakh×0.01; unaudited limited-review authority filing, not CAG-audited. Publication day unknown. Financial periods retain their own observation cutoff, including reprinted comparatives. NHAI acts as implementing agency for Government assets; deficit is not a commercial operating margin. Quarter and fiscal YTD/annual are separate scopes. June2026 notes(g),(i) explicitly recast March2026 quarter/year comparatives.",NHAI,2026,interest_gross_inr_crore,-292.2432,official_measured,official,,,,,,,,NHAI_standalone_income_expenditure|National Highway,,nhai,,,nhai,,2026-06-30,,2026-01-01 to 2026-03-31,revised,limited_review_unaudited,d3eb43cde399c827cfc0d7f12384559ec76120450bef526cfc75f3c1d7b799d0,,
nhai,NHAI,agency,NHAI,All India,National Highway,interest_gross_inr_crore,0.0158,INR crore,1.58,INR lakh,2026-04-01,2026-06-30,fiscal_quarter,actual,NHAI_standalone_income_expenditure,2026-06-30,,nhai_financial_results_2025_26_to_2026_06,https://nhai.gov.in/nhai/sites/default/files/mix_file/Quarterly_Financials_for_the_Quarter_ended_on_30th_June_2026.pdf,PDF p2; NHAI_standalone_income_expenditure; interest_gross_inr_crore; 2026-06-30 column,official_measured,True,d3eb43cde399c827cfc0d7f12384559ec76120450bef526cfc75f3c1d7b799d0,"Original INR lakh×0.01; unaudited limited-review authority filing, not CAG-audited. Publication day unknown. Financial periods retain their own observation cutoff, including reprinted comparatives. NHAI acts as implementing agency for Government assets; deficit is not a commercial operating margin. Quarter and fiscal YTD/annual are separate scopes. June2026 notes(g),(i) explicitly recast March2026 quarter/year comparatives.",NHAI,2026,interest_gross_inr_crore,0.0158,official_measured,official,,,,,,,,NHAI_standalone_income_expenditure|National Highway,,nhai,,,nhai,,2026-06-30,,2026-04-01 to 2026-06-30,reported,limited_review_unaudited,d3eb43cde399c827cfc0d7f12384559ec76120450bef526cfc75f3c1d7b799d0,,
nhai,NHAI,agency,NHAI,All India,National Highway,investments_inr_crore,8959.6124,INR crore,895961.24,INR lakh,,2025-09-30,balance_sheet_snapshot,actual,NHAI_standalone_balance_sheet,2025-09-30,,nhai_financial_results_2025_26_to_2026_06,https://nhai.gov.in/nhai/sites/default/files/mix_file/Quarterly_Financials_for_the_Quarter_ended_on_30th_September_2025.pdf,PDF p2; NHAI_standalone_balance_sheet; investments_inr_crore; 2025-09-30 column,official_measured,True,175094a77bd0bfe7b9022afd00b0c9959692bb10a55e571949276b141a765f07,"Original INR lakh×0.01; unaudited limited-review authority filing, not CAG-audited. Publication day unknown. Financial periods retain their own observation cutoff, including reprinted comparatives. Classic sources/applications statement; reported capital-road-work includes net fixed block. This original balance sheet is not silently restated using the separate SEBI Working table.",NHAI,2025,investments_inr_crore,8959.6124,official_measured,official,,,,,,,,NHAI_standalone_balance_sheet|National Highway,,nhai,,,nhai,,2025-09-30,,2025-09-30,reported,limited_review_unaudited,175094a77bd0bfe7b9022afd00b0c9959692bb10a55e571949276b141a765f07,,
nhai,NHAI,agency,NHAI,All India,National Highway,investments_inr_crore,10013.912900000001,INR crore,1001391.29,INR lakh,,2026-03-31,balance_sheet_snapshot,actual,NHAI_standalone_balance_sheet,2026-03-31,,nhai_financial_results_2025_26_to_2026_06,https://nhai.gov.in/nhai/sites/default/files/mix_file/Quarterly_Financials_for_the_Quarter_ended_on_31st_March_2026.pdf,PDF p2; NHAI_standalone_balance_sheet; investments_inr_crore; 2026-03-31 column,official_measured,True,f5ec8c532d75ee286d62ec1663e25258f11eac3e6023b27094818081e81b9804,"Original INR lakh×0.01; unaudited limited-review authority filing, not CAG-audited. Publication day unknown. Financial periods retain their own observation cutoff, including reprinted comparatives. Classic sources/applications statement; reported capital-road-work includes net fixed block. This original balance sheet is not silently restated using the separate SEBI Working table.",NHAI,2026,investments_inr_crore,10013.912900000001,official_measured,official,,,,,,,,NHAI_standalone_balance_sheet|National Highway,,nhai,,,nhai,,2026-03-31,,2026-03-31,reported,limited_review_unaudited,f5ec8c532d75ee286d62ec1663e25258f11eac3e6023b27094818081e81b9804,,
nhai,NHAI,agency,NHAI,All India,National Highway,invit_proceeds_cash_inr_crore,1099.0546000000002,INR crore,109905.46,INR lakh,2025-04-01,2026-03-31,fiscal_year,actual,NHAI_standalone_cash_flow,2026-03-31,,nhai_financial_results_2025_26_to_2026_06,https://nhai.gov.in/nhai/sites/default/files/mix_file/Quarterly_Financials_for_the_Quarter_ended_on_31st_March_2026.pdf,PDF p4; NHAI_standalone_cash_flow; invit_proceeds_cash_inr_crore; 2026-03-31 column,official_measured,True,f5ec8c532d75ee286d62ec1663e25258f11eac3e6023b27094818081e81b9804,"Original INR lakh×0.01; unaudited limited-review authority filing, not CAG-audited. Publication day unknown. Financial periods retain their own observation cutoff, including reprinted comparatives. Cash-flow bond interest differs from establishment finance charges. Adjusted toll ploughback cash is neither gross toll collection nor gross CFI deposit. Negative repayments retain their printed sign.",NHAI,2026,invit_proceeds_cash_inr_crore,1099.0546000000002,official_measured,official,,,,,,,,NHAI_standalone_cash_flow|National Highway,,nhai,,,nhai,,2026-03-31,,2025-04-01 to 2026-03-31,reported,limited_review_unaudited,f5ec8c532d75ee286d62ec1663e25258f11eac3e6023b27094818081e81b9804,,
nhai,NHAI,agency,NHAI,All India,National Highway,ncd_redemption_cash_inr_crore,-2636.3774,INR crore,-263637.74,INR lakh,2025-04-01,2026-03-31,fiscal_year,actual,NHAI_standalone_cash_flow,2026-03-31,,nhai_financial_results_2025_26_to_2026_06,https://nhai.gov.in/nhai/sites/default/files/mix_file/Quarterly_Financials_for_the_Quarter_ended_on_31st_March_2026.pdf,PDF p4; NHAI_standalone_cash_flow; ncd_redemption_cash_inr_crore; 2026-03-31 column,official_measured,True,f5ec8c532d75ee286d62ec1663e25258f11eac3e6023b27094818081e81b9804,"Original INR lakh×0.01; unaudited limited-review authority filing, not CAG-audited. Publication day unknown. Financial periods retain their own observation cutoff, including reprinted comparatives. Cash-flow bond interest differs from establishment finance charges. Adjusted toll ploughback cash is neither gross toll collection nor gross CFI deposit. Negative repayments retain their printed sign.",NHAI,2026,ncd_redemption_cash_inr_crore,-2636.3774,official_measured,official,,,,,,,,NHAI_standalone_cash_flow|National Highway,,nhai,,,nhai,,2026-03-31,,2025-04-01 to 2026-03-31,reported,limited_review_unaudited,f5ec8c532d75ee286d62ec1663e25258f11eac3e6023b27094818081e81b9804,,
nhai,NHAI,agency,NHAI,All India,National Highway,net_current_assets_inr_crore,99135.2509,INR crore,9913525.09,INR lakh,,2025-09-30,balance_sheet_snapshot,actual,NHAI_standalone_balance_sheet,2025-09-30,,nhai_financial_results_2025_26_to_2026_06,https://nhai.gov.in/nhai/sites/default/files/mix_file/Quarterly_Financials_for_the_Quarter_ended_on_30th_September_2025.pdf,PDF p2; NHAI_standalone_balance_sheet; net_current_assets_inr_crore; 2025-09-30 column,official_measured,True,175094a77bd0bfe7b9022afd00b0c9959692bb10a55e571949276b141a765f07,"Original INR lakh×0.01; unaudited limited-review authority filing, not CAG-audited. Publication day unknown. Financial periods retain their own observation cutoff, including reprinted comparatives. Classic sources/applications statement; reported capital-road-work includes net fixed block. This original balance sheet is not silently restated using the separate SEBI Working table.",NHAI,2025,net_current_assets_inr_crore,99135.2509,official_measured,official,,,,,,,,NHAI_standalone_balance_sheet|National Highway,,nhai,,,nhai,,2025-09-30,,2025-09-30,reported,limited_review_unaudited,175094a77bd0bfe7b9022afd00b0c9959692bb10a55e571949276b141a765f07,,
nhai,NHAI,agency,NHAI,All India,National Highway,net_current_assets_inr_crore,26252.5979,INR crore,2625259.79,INR lakh,,2026-03-31,balance_sheet_snapshot,actual,NHAI_standalone_balance_sheet,2026-03-31,,nhai_financial_results_2025_26_to_2026_06,https://nhai.gov.in/nhai/sites/default/files/mix_file/Quarterly_Financials_for_the_Quarter_ended_on_31st_March_2026.pdf,PDF p2; NHAI_standalone_balance_sheet; net_current_assets_inr_crore; 2026-03-31 column,official_measured,True,f5ec8c532d75ee286d62ec1663e25258f11eac3e6023b27094818081e81b9804,"Original INR lakh×0.01; unaudited limited-review authority filing, not CAG-audited. Publication day unknown. Financial periods retain their own observation cutoff, including reprinted comparatives. Classic sources/applications statement; reported capital-road-work includes net fixed block. This original balance sheet is not silently restated using the separate SEBI Working table.",NHAI,2026,net_current_assets_inr_crore,26252.5979,official_measured,official,,,,,,,,NHAI_standalone_balance_sheet|National Highway,,nhai,,,nhai,,2026-03-31,,2026-03-31,reported,limited_review_unaudited,f5ec8c532d75ee286d62ec1663e25258f11eac3e6023b27094818081e81b9804,,
nhai,NHAI,agency,NHAI,All India,National Highway,net_profit_loss_inr_crore,-591.5598,INR crore,-59155.98,INR lakh,2025-04-01,2025-06-30,fiscal_quarter,actual,NHAI_standalone_income_expenditure,2025-06-30,,nhai_financial_results_2025_26_to_2026_06,https://nhai.gov.in/nhai/sites/default/files/mix_file/Quarterly_Financials_for_the_Quarter_ended-on_30_June_2025.pdf,PDF p2; NHAI_standalone_income_expenditure; net_profit_loss_inr_crore; 2025-06-30 column,official_measured,True,ceec789c08d5a5e81cac05776bbd82030c1f9d9765798fc7133080387efdfe85,"Original INR lakh×0.01; unaudited limited-review authority filing, not CAG-audited. Publication day unknown. Financial periods retain their own observation cutoff, including reprinted comparatives. NHAI acts as implementing agency for Government assets; deficit is not a commercial operating margin. Quarter and fiscal YTD/annual are separate scopes. June2026 notes(g),(i) explicitly recast March2026 quarter/year comparatives.",NHAI,2025,net_profit_loss_inr_crore,-591.5598,official_measured,official,,,,,,,,NHAI_standalone_income_expenditure|National Highway,,nhai,,,nhai,,2025-06-30,,2025-04-01 to 2025-06-30,reported,limited_review_unaudited,ceec789c08d5a5e81cac05776bbd82030c1f9d9765798fc7133080387efdfe85,,
nhai,NHAI,agency,NHAI,All India,National Highway,net_profit_loss_inr_crore,-1831.9886,INR crore,-183198.86,INR lakh,2025-04-01,2025-09-30,fiscal_year_ytd,actual,NHAI_standalone_income_expenditure,2025-09-30,,nhai_financial_results_2025_26_to_2026_06,https://nhai.gov.in/nhai/sites/default/files/mix_file/Quarterly_Financials_for_the_Quarter_ended_on_30th_September_2025.pdf,PDF p3; NHAI_standalone_income_expenditure; net_profit_loss_inr_crore; 2025-09-30 column,official_measured,True,175094a77bd0bfe7b9022afd00b0c9959692bb10a55e571949276b141a765f07,"Original INR lakh×0.01; unaudited limited-review authority filing, not CAG-audited. Publication day unknown. Financial periods retain their own observation cutoff, including reprinted comparatives. NHAI acts as implementing agency for Government assets; deficit is not a commercial operating margin. Quarter and fiscal YTD/annual are separate scopes. June2026 notes(g),(i) explicitly recast March2026 quarter/year comparatives.",NHAI,2025,net_profit_loss_inr_crore,-1831.9886,official_measured,official,,,,,,,,NHAI_standalone_income_expenditure|National Highway,,nhai,,,nhai,,2025-09-30,,2025-04-01 to 2025-09-30,reported,limited_review_unaudited,175094a77bd0bfe7b9022afd00b0c9959692bb10a55e571949276b141a765f07,,
nhai,NHAI,agency,NHAI,All India,National Highway,net_profit_loss_inr_crore,-2967.1385999999998,INR crore,-296713.86,INR lakh,2025-04-01,2025-12-31,fiscal_year_ytd,actual,NHAI_standalone_income_expenditure,2025-12-31,,nhai_financial_results_2025_26_to_2026_06,https://nhai.gov.in/nhai/sites/default/files/mix_file/Quarterly_Financials_for_the_Quarter_ended_on_31st_December_2025.pdf,PDF p2; NHAI_standalone_income_expenditure; net_profit_loss_inr_crore; 2025-12-31 column,official_measured,True,84d6384e7ab6c246d80df7732ad640053c999a9339d16757f64a91185506a443,"Original INR lakh×0.01; unaudited limited-review authority filing, not CAG-audited. Publication day unknown. Financial periods retain their own observation cutoff, including reprinted comparatives. NHAI acts as implementing agency for Government assets; deficit is not a commercial operating margin. Quarter and fiscal YTD/annual are separate scopes. June2026 notes(g),(i) explicitly recast March2026 quarter/year comparatives.",NHAI,2025,net_profit_loss_inr_crore,-2967.1385999999998,official_measured,official,,,,,,,,NHAI_standalone_income_expenditure|National Highway,,nhai,,,nhai,,2025-12-31,,2025-04-01 to 2025-12-31,reported,limited_review_unaudited,84d6384e7ab6c246d80df7732ad640053c999a9339d16757f64a91185506a443,,
nhai,NHAI,agency,NHAI,All India,National Highway,net_profit_loss_inr_crore,-6392.096500000001,INR crore,-639209.65,INR lakh,2025-04-01,2026-03-31,fiscal_year,actual,NHAI_standalone_income_expenditure,2026-03-31,,nhai_financial_results_2025_26_to_2026_06,https://nhai.gov.in/nhai/sites/default/files/mix_file/Quarterly_Financials_for_the_Quarter_ended_on_30th_June_2026.pdf,PDF p2; NHAI_standalone_income_expenditure; net_profit_loss_inr_crore; 2026-03-31 column,official_measured,True,d3eb43cde399c827cfc0d7f12384559ec76120450bef526cfc75f3c1d7b799d0,"Original INR lakh×0.01; unaudited limited-review authority filing, not CAG-audited. Publication day unknown. Financial periods retain their own observation cutoff, including reprinted comparatives. NHAI acts as implementing agency for Government assets; deficit is not a commercial operating margin. Quarter and fiscal YTD/annual are separate scopes. June2026 notes(g),(i) explicitly recast March2026 quarter/year comparatives.",NHAI,2026,net_profit_loss_inr_crore,-6392.096500000001,official_measured,official,,,,,,,,NHAI_standalone_income_expenditure|National Highway,,nhai,,,nhai,,2026-06-30,,2025-04-01 to 2026-03-31,revised,limited_review_unaudited,d3eb43cde399c827cfc0d7f12384559ec76120450bef526cfc75f3c1d7b799d0,,
nhai,NHAI,agency,NHAI,All India,National Highway,net_profit_loss_inr_crore,-1240.4288000000001,INR crore,-124042.88,INR lakh,2025-07-01,2025-09-30,fiscal_quarter,actual,NHAI_standalone_income_expenditure,2025-09-30,,nhai_financial_results_2025_26_to_2026_06,https://nhai.gov.in/nhai/sites/default/files/mix_file/Quarterly_Financials_for_the_Quarter_ended_on_30th_September_2025.pdf,PDF p3; NHAI_standalone_income_expenditure; net_profit_loss_inr_crore; 2025-09-30 column,official_measured,True,175094a77bd0bfe7b9022afd00b0c9959692bb10a55e571949276b141a765f07,"Original INR lakh×0.01; unaudited limited-review authority filing, not CAG-audited. Publication day unknown. Financial periods retain their own observation cutoff, including reprinted comparatives. NHAI acts as implementing agency for Government assets; deficit is not a commercial operating margin. Quarter and fiscal YTD/annual are separate scopes. June2026 notes(g),(i) explicitly recast March2026 quarter/year comparatives.",NHAI,2025,net_profit_loss_inr_crore,-1240.4288000000001,official_measured,official,,,,,,,,NHAI_standalone_income_expenditure|National Highway,,nhai,,,nhai,,2025-09-30,,2025-07-01 to 2025-09-30,reported,limited_review_unaudited,175094a77bd0bfe7b9022afd00b0c9959692bb10a55e571949276b141a765f07,,
nhai,NHAI,agency,NHAI,All India,National Highway,net_profit_loss_inr_crore,-1135.15,INR crore,-113515.0,INR lakh,2025-10-01,2025-12-31,fiscal_quarter,actual,NHAI_standalone_income_expenditure,2025-12-31,,nhai_financial_results_2025_26_to_2026_06,https://nhai.gov.in/nhai/sites/default/files/mix_file/Quarterly_Financials_for_the_Quarter_ended_on_31st_December_2025.pdf,PDF p2; NHAI_standalone_income_expenditure; net_profit_loss_inr_crore; 2025-12-31 column,official_measured,True,84d6384e7ab6c246d80df7732ad640053c999a9339d16757f64a91185506a443,"Original INR lakh×0.01; unaudited limited-review authority filing, not CAG-audited. Publication day unknown. Financial periods retain their own observation cutoff, including reprinted comparatives. NHAI acts as implementing agency for Government assets; deficit is not a commercial operating margin. Quarter and fiscal YTD/annual are separate scopes. June2026 notes(g),(i) explicitly recast March2026 quarter/year comparatives.",NHAI,2025,net_profit_loss_inr_crore,-1135.15,official_measured,official,,,,,,,,NHAI_standalone_income_expenditure|National Highway,,nhai,,,nhai,,2025-12-31,,2025-10-01 to 2025-12-31,reported,limited_review_unaudited,84d6384e7ab6c246d80df7732ad640053c999a9339d16757f64a91185506a443,,
nhai,NHAI,agency,NHAI,All India,National Highway,net_profit_loss_inr_crore,-3424.9579,INR crore,-342495.79,INR lakh,2026-01-01,2026-03-31,fiscal_quarter,actual,NHAI_standalone_income_expenditure,2026-03-31,,nhai_financial_results_2025_26_to_2026_06,https://nhai.gov.in/nhai/sites/default/files/mix_file/Quarterly_Financials_for_the_Quarter_ended_on_30th_June_2026.pdf,PDF p2; NHAI_standalone_income_expenditure; net_profit_loss_inr_crore; 2026-03-31 column,official_measured,True,d3eb43cde399c827cfc0d7f12384559ec76120450bef526cfc75f3c1d7b799d0,"Original INR lakh×0.01; unaudited limited-review authority filing, not CAG-audited. Publication day unknown. Financial periods retain their own observation cutoff, including reprinted comparatives. NHAI acts as implementing agency for Government assets; deficit is not a commercial operating margin. Quarter and fiscal YTD/annual are separate scopes. June2026 notes(g),(i) explicitly recast March2026 quarter/year comparatives.",NHAI,2026,net_profit_loss_inr_crore,-3424.9579,official_measured,official,,,,,,,,NHAI_standalone_income_expenditure|National Highway,,nhai,,,nhai,,2026-06-30,,2026-01-01 to 2026-03-31,revised,limited_review_unaudited,d3eb43cde399c827cfc0d7f12384559ec76120450bef526cfc75f3c1d7b799d0,,
nhai,NHAI,agency,NHAI,All India,National Highway,net_profit_loss_inr_crore,-1397.4354999999998,INR crore,-139743.55,INR lakh,2026-04-01,2026-06-30,fiscal_quarter,actual,NHAI_standalone_income_expenditure,2026-06-30,,nhai_financial_results_2025_26_to_2026_06,https://nhai.gov.in/nhai/sites/default/files/mix_file/Quarterly_Financials_for_the_Quarter_ended_on_30th_June_2026.pdf,PDF p2; NHAI_standalone_income_expenditure; net_profit_loss_inr_crore; 2026-06-30 column,official_measured,True,d3eb43cde399c827cfc0d7f12384559ec76120450bef526cfc75f3c1d7b799d0,"Original INR lakh×0.01; unaudited limited-review authority filing, not CAG-audited. Publication day unknown. Financial periods retain their own observation cutoff, including reprinted comparatives. NHAI acts as implementing agency for Government assets; deficit is not a commercial operating margin. Quarter and fiscal YTD/annual are separate scopes. June2026 notes(g),(i) explicitly recast March2026 quarter/year comparatives.",NHAI,2026,net_profit_loss_inr_crore,-1397.4354999999998,official_measured,official,,,,,,,,NHAI_standalone_income_expenditure|National Highway,,nhai,,,nhai,,2026-06-30,,2026-04-01 to 2026-06-30,reported,limited_review_unaudited,d3eb43cde399c827cfc0d7f12384559ec76120450bef526cfc75f3c1d7b799d0,,
nhai,NHAI,agency,NHAI,All India,National Highway,net_worth_inr_crore,1005411.4652,INR crore,100541146.52,INR lakh,,2025-06-30,balance_sheet_snapshot,actual,NHAI_standalone_debt_working,2025-06-30,,nhai_financial_results_2025_26_to_2026_06,https://nhai.gov.in/nhai/sites/default/files/mix_file/Quarterly_Financials_for_the_Quarter_ended-on_30_June_2025.pdf,PDF p4; NHAI_standalone_debt_working; net_worth_inr_crore; 2025-06-30 column,official_measured,True,ceec789c08d5a5e81cac05776bbd82030c1f9d9765798fc7133080387efdfe85,"Original INR lakh×0.01; unaudited limited-review authority filing, not CAG-audited. Publication day unknown. Financial periods retain their own observation cutoff, including reprinted comparatives. SEBI Working stock table; no sums of missing lease/short-term borrowing cells. September2025 uses the same-end-date YTD stock column consistent with its balance sheet. June2026 March2026 comparatives explicitly recast; original filing remains archived.",NHAI,2025,net_worth_inr_crore,1005411.4652,official_measured,official,,,,,,,,NHAI_standalone_debt_working|National Highway,,nhai,,,nhai,,2025-06-30,,2025-06-30,reported,limited_review_unaudited,ceec789c08d5a5e81cac05776bbd82030c1f9d9765798fc7133080387efdfe85,,
nhai,NHAI,agency,NHAI,All India,National Highway,net_worth_inr_crore,1114128.4926,INR crore,111412849.26,INR lakh,,2025-09-30,balance_sheet_snapshot,actual,NHAI_standalone_debt_working,2025-09-30,,nhai_financial_results_2025_26_to_2026_06,https://nhai.gov.in/nhai/sites/default/files/mix_file/Quarterly_Financials_for_the_Quarter_ended_on_30th_September_2025.pdf,PDF p6; NHAI_standalone_debt_working; net_worth_inr_crore; 2025-09-30 column,official_measured,True,175094a77bd0bfe7b9022afd00b0c9959692bb10a55e571949276b141a765f07,"Original INR lakh×0.01; unaudited limited-review authority filing, not CAG-audited. Publication day unknown. Financial periods retain their own observation cutoff, including reprinted comparatives. SEBI Working stock table; no sums of missing lease/short-term borrowing cells. September2025 uses the same-end-date YTD stock column consistent with its balance sheet. June2026 March2026 comparatives explicitly recast; original filing remains archived.",NHAI,2025,net_worth_inr_crore,1114128.4926,official_measured,official,,,,,,,,NHAI_standalone_debt_working|National Highway,,nhai,,,nhai,,2025-09-30,,2025-09-30,reported,limited_review_unaudited,175094a77bd0bfe7b9022afd00b0c9959692bb10a55e571949276b141a765f07,,
nhai,NHAI,agency,NHAI,All India,National Highway,net_worth_inr_crore,1129527.2053,INR crore,112952720.53,INR lakh,,2025-12-31,balance_sheet_snapshot,actual,NHAI_standalone_debt_working,2025-12-31,,nhai_financial_results_2025_26_to_2026_06,https://nhai.gov.in/nhai/sites/default/files/mix_file/Quarterly_Financials_for_the_Quarter_ended_on_31st_December_2025.pdf,PDF p4; NHAI_standalone_debt_working; net_worth_inr_crore; 2025-12-31 column,official_measured,True,84d6384e7ab6c246d80df7732ad640053c999a9339d16757f64a91185506a443,"Original INR lakh×0.01; unaudited limited-review authority filing, not CAG-audited. Publication day unknown. Financial periods retain their own observation cutoff, including reprinted comparatives. SEBI Working stock table; no sums of missing lease/short-term borrowing cells. September2025 uses the same-end-date YTD stock column consistent with its balance sheet. June2026 March2026 comparatives explicitly recast; original filing remains archived.",NHAI,2025,net_worth_inr_crore,1129527.2053,official_measured,official,,,,,,,,NHAI_standalone_debt_working|National Highway,,nhai,,,nhai,,2025-12-31,,2025-12-31,reported,limited_review_unaudited,84d6384e7ab6c246d80df7732ad640053c999a9339d16757f64a91185506a443,,
nhai,NHAI,agency,NHAI,All India,National Highway,net_worth_inr_crore,1173875.7935,INR crore,117387579.35,INR lakh,,2026-03-31,balance_sheet_snapshot,actual,NHAI_standalone_debt_working,2026-03-31,,nhai_financial_results_2025_26_to_2026_06,https://nhai.gov.in/nhai/sites/default/files/mix_file/Quarterly_Financials_for_the_Quarter_ended_on_30th_June_2026.pdf,PDF p4; NHAI_standalone_debt_working; net_worth_inr_crore; 2026-03-31 column,official_measured,True,d3eb43cde399c827cfc0d7f12384559ec76120450bef526cfc75f3c1d7b799d0,"Original INR lakh×0.01; unaudited limited-review authority filing, not CAG-audited. Publication day unknown. Financial periods retain their own observation cutoff, including reprinted comparatives. SEBI Working stock table; no sums of missing lease/short-term borrowing cells. September2025 uses the same-end-date YTD stock column consistent with its balance sheet. June2026 March2026 comparatives explicitly recast; original filing remains archived.",NHAI,2026,net_worth_inr_crore,1173875.7935,official_measured,official,,,,,,,,NHAI_standalone_debt_working|National Highway,,nhai,,,nhai,,2026-06-30,,2026-03-31,revised,limited_review_unaudited,d3eb43cde399c827cfc0d7f12384559ec76120450bef526cfc75f3c1d7b799d0,,
nhai,NHAI,agency,NHAI,All India,National Highway,net_worth_inr_crore,1222119.9912,INR crore,122211999.12,INR lakh,,2026-06-30,balance_sheet_snapshot,actual,NHAI_standalone_debt_working,2026-06-30,,nhai_financial_results_2025_26_to_2026_06,https://nhai.gov.in/nhai/sites/default/files/mix_file/Quarterly_Financials_for_the_Quarter_ended_on_30th_June_2026.pdf,PDF p4; NHAI_standalone_debt_working; net_worth_inr_crore; 2026-06-30 column,official_measured,True,d3eb43cde399c827cfc0d7f12384559ec76120450bef526cfc75f3c1d7b799d0,"Original INR lakh×0.01; unaudited limited-review authority filing, not CAG-audited. Publication day unknown. Financial periods retain their own observation cutoff, including reprinted comparatives. SEBI Working stock table; no sums of missing lease/short-term borrowing cells. September2025 uses the same-end-date YTD stock column consistent with its balance sheet. June2026 March2026 comparatives explicitly recast; original filing remains archived.",NHAI,2026,net_worth_inr_crore,1222119.9912,official_measured,official,,,,,,,,NHAI_standalone_debt_working|National Highway,,nhai,,,nhai,,2026-06-30,,2026-06-30,reported,limited_review_unaudited,d3eb43cde399c827cfc0d7f12384559ec76120450bef526cfc75f3c1d7b799d0,,
nhai,NHAI,agency,NHAI,All India,National Highway,nssf_term_loans_net_cash_inr_crore,-36195.6534,INR crore,-3619565.34,INR lakh,2025-04-01,2026-03-31,fiscal_year,actual,NHAI_standalone_cash_flow,2026-03-31,,nhai_financial_results_2025_26_to_2026_06,https://nhai.gov.in/nhai/sites/default/files/mix_file/Quarterly_Financials_for_the_Quarter_ended_on_31st_March_2026.pdf,PDF p4; NHAI_standalone_cash_flow; nssf_term_loans_net_cash_inr_crore; 2026-03-31 column,official_measured,True,f5ec8c532d75ee286d62ec1663e25258f11eac3e6023b27094818081e81b9804,"Original INR lakh×0.01; unaudited limited-review authority filing, not CAG-audited. Publication day unknown. Financial periods retain their own observation cutoff, including reprinted comparatives. Cash-flow bond interest differs from establishment finance charges. Adjusted toll ploughback cash is neither gross toll collection nor gross CFI deposit. Negative repayments retain their printed sign.",NHAI,2026,nssf_term_loans_net_cash_inr_crore,-36195.6534,official_measured,official,,,,,,,,NHAI_standalone_cash_flow|National Highway,,nhai,,,nhai,,2026-03-31,,2025-04-01 to 2026-03-31,reported,limited_review_unaudited,f5ec8c532d75ee286d62ec1663e25258f11eac3e6023b27094818081e81b9804,,
nhai,NHAI,agency,NHAI,All India,National Highway,other_income_inr_crore,722.6231,INR crore,72262.31,INR lakh,2025-04-01,2025-06-30,fiscal_quarter,actual,NHAI_standalone_income_expenditure,2025-06-30,,nhai_financial_results_2025_26_to_2026_06,https://nhai.gov.in/nhai/sites/default/files/mix_file/Quarterly_Financials_for_the_Quarter_ended-on_30_June_2025.pdf,PDF p2; NHAI_standalone_income_expenditure; other_income_inr_crore; 2025-06-30 column,official_measured,True,ceec789c08d5a5e81cac05776bbd82030c1f9d9765798fc7133080387efdfe85,"Original INR lakh×0.01; unaudited limited-review authority filing, not CAG-audited. Publication day unknown. Financial periods retain their own observation cutoff, including reprinted comparatives. NHAI acts as implementing agency for Government assets; deficit is not a commercial operating margin. Quarter and fiscal YTD/annual are separate scopes. June2026 notes(g),(i) explicitly recast March2026 quarter/year comparatives.",NHAI,2025,other_income_inr_crore,722.6231,official_measured,official,,,,,,,,NHAI_standalone_income_expenditure|National Highway,,nhai,,,nhai,,2025-06-30,,2025-04-01 to 2025-06-30,reported,limited_review_unaudited,ceec789c08d5a5e81cac05776bbd82030c1f9d9765798fc7133080387efdfe85,,
nhai,NHAI,agency,NHAI,All India,National Highway,other_income_inr_crore,1459.3882999999998,INR crore,145938.83,INR lakh,2025-04-01,2025-09-30,fiscal_year_ytd,actual,NHAI_standalone_income_expenditure,2025-09-30,,nhai_financial_results_2025_26_to_2026_06,https://nhai.gov.in/nhai/sites/default/files/mix_file/Quarterly_Financials_for_the_Quarter_ended_on_30th_September_2025.pdf,PDF p3; NHAI_standalone_income_expenditure; other_income_inr_crore; 2025-09-30 column,official_measured,True,175094a77bd0bfe7b9022afd00b0c9959692bb10a55e571949276b141a765f07,"Original INR lakh×0.01; unaudited limited-review authority filing, not CAG-audited. Publication day unknown. Financial periods retain their own observation cutoff, including reprinted comparatives. NHAI acts as implementing agency for Government assets; deficit is not a commercial operating margin. Quarter and fiscal YTD/annual are separate scopes. June2026 notes(g),(i) explicitly recast March2026 quarter/year comparatives.",NHAI,2025,other_income_inr_crore,1459.3882999999998,official_measured,official,,,,,,,,NHAI_standalone_income_expenditure|National Highway,,nhai,,,nhai,,2025-09-30,,2025-04-01 to 2025-09-30,reported,limited_review_unaudited,175094a77bd0bfe7b9022afd00b0c9959692bb10a55e571949276b141a765f07,,
nhai,NHAI,agency,NHAI,All India,National Highway,other_income_inr_crore,2607.402,INR crore,260740.2,INR lakh,2025-04-01,2025-12-31,fiscal_year_ytd,actual,NHAI_standalone_income_expenditure,2025-12-31,,nhai_financial_results_2025_26_to_2026_06,https://nhai.gov.in/nhai/sites/default/files/mix_file/Quarterly_Financials_for_the_Quarter_ended_on_31st_December_2025.pdf,PDF p2; NHAI_standalone_income_expenditure; other_income_inr_crore; 2025-12-31 column,official_measured,True,84d6384e7ab6c246d80df7732ad640053c999a9339d16757f64a91185506a443,"Original INR lakh×0.01; unaudited limited-review authority filing, not CAG-audited. Publication day unknown. Financial periods retain their own observation cutoff, including reprinted comparatives. NHAI acts as implementing agency for Government assets; deficit is not a commercial operating margin. Quarter and fiscal YTD/annual are separate scopes. June2026 notes(g),(i) explicitly recast March2026 quarter/year comparatives.",NHAI,2025,other_income_inr_crore,2607.402,official_measured,official,,,,,,,,NHAI_standalone_income_expenditure|National Highway,,nhai,,,nhai,,2025-12-31,,2025-04-01 to 2025-12-31,reported,limited_review_unaudited,84d6384e7ab6c246d80df7732ad640053c999a9339d16757f64a91185506a443,,
nhai,NHAI,agency,NHAI,All India,National Highway,other_income_inr_crore,3714.3151000000003,INR crore,371431.51,INR lakh,2025-04-01,2026-03-31,fiscal_year,actual,NHAI_standalone_income_expenditure,2026-03-31,,nhai_financial_results_2025_26_to_2026_06,https://nhai.gov.in/nhai/sites/default/files/mix_file/Quarterly_Financials_for_the_Quarter_ended_on_30th_June_2026.pdf,PDF p2; NHAI_standalone_income_expenditure; other_income_inr_crore; 2026-03-31 column,official_measured,True,d3eb43cde399c827cfc0d7f12384559ec76120450bef526cfc75f3c1d7b799d0,"Original INR lakh×0.01; unaudited limited-review authority filing, not CAG-audited. Publication day unknown. Financial periods retain their own observation cutoff, including reprinted comparatives. NHAI acts as implementing agency for Government assets; deficit is not a commercial operating margin. Quarter and fiscal YTD/annual are separate scopes. June2026 notes(g),(i) explicitly recast March2026 quarter/year comparatives.",NHAI,2026,other_income_inr_crore,3714.3151000000003,official_measured,official,,,,,,,,NHAI_standalone_income_expenditure|National Highway,,nhai,,,nhai,,2026-06-30,,2025-04-01 to 2026-03-31,revised,limited_review_unaudited,d3eb43cde399c827cfc0d7f12384559ec76120450bef526cfc75f3c1d7b799d0,,
nhai,NHAI,agency,NHAI,All India,National Highway,other_income_inr_crore,736.7652,INR crore,73676.52,INR lakh,2025-07-01,2025-09-30,fiscal_quarter,actual,NHAI_standalone_income_expenditure,2025-09-30,,nhai_financial_results_2025_26_to_2026_06,https://nhai.gov.in/nhai/sites/default/files/mix_file/Quarterly_Financials_for_the_Quarter_ended_on_30th_September_2025.pdf,PDF p3; NHAI_standalone_income_expenditure; other_income_inr_crore; 2025-09-30 column,official_measured,True,175094a77bd0bfe7b9022afd00b0c9959692bb10a55e571949276b141a765f07,"Original INR lakh×0.01; unaudited limited-review authority filing, not CAG-audited. Publication day unknown. Financial periods retain their own observation cutoff, including reprinted comparatives. NHAI acts as implementing agency for Government assets; deficit is not a commercial operating margin. Quarter and fiscal YTD/annual are separate scopes. June2026 notes(g),(i) explicitly recast March2026 quarter/year comparatives.",NHAI,2025,other_income_inr_crore,736.7652,official_measured,official,,,,,,,,NHAI_standalone_income_expenditure|National Highway,,nhai,,,nhai,,2025-09-30,,2025-07-01 to 2025-09-30,reported,limited_review_unaudited,175094a77bd0bfe7b9022afd00b0c9959692bb10a55e571949276b141a765f07,,
nhai,NHAI,agency,NHAI,All India,National Highway,other_income_inr_crore,1148.0137,INR crore,114801.37,INR lakh,2025-10-01,2025-12-31,fiscal_quarter,actual,NHAI_standalone_income_expenditure,2025-12-31,,nhai_financial_results_2025_26_to_2026_06,https://nhai.gov.in/nhai/sites/default/files/mix_file/Quarterly_Financials_for_the_Quarter_ended_on_31st_December_2025.pdf,PDF p2; NHAI_standalone_income_expenditure; other_income_inr_crore; 2025-12-31 column,official_measured,True,84d6384e7ab6c246d80df7732ad640053c999a9339d16757f64a91185506a443,"Original INR lakh×0.01; unaudited limited-review authority filing, not CAG-audited. Publication day unknown. Financial periods retain their own observation cutoff, including reprinted comparatives. NHAI acts as implementing agency for Government assets; deficit is not a commercial operating margin. Quarter and fiscal YTD/annual are separate scopes. June2026 notes(g),(i) explicitly recast March2026 quarter/year comparatives.",NHAI,2025,other_income_inr_crore,1148.0137,official_measured,official,,,,,,,,NHAI_standalone_income_expenditure|National Highway,,nhai,,,nhai,,2025-12-31,,2025-10-01 to 2025-12-31,reported,limited_review_unaudited,84d6384e7ab6c246d80df7732ad640053c999a9339d16757f64a91185506a443,,
nhai,NHAI,agency,NHAI,All India,National Highway,other_income_inr_crore,1106.9131,INR crore,110691.31,INR lakh,2026-01-01,2026-03-31,fiscal_quarter,actual,NHAI_standalone_income_expenditure,2026-03-31,,nhai_financial_results_2025_26_to_2026_06,https://nhai.gov.in/nhai/sites/default/files/mix_file/Quarterly_Financials_for_the_Quarter_ended_on_30th_June_2026.pdf,PDF p2; NHAI_standalone_income_expenditure; other_income_inr_crore; 2026-03-31 column,official_measured,True,d3eb43cde399c827cfc0d7f12384559ec76120450bef526cfc75f3c1d7b799d0,"Original INR lakh×0.01; unaudited limited-review authority filing, not CAG-audited. Publication day unknown. Financial periods retain their own observation cutoff, including reprinted comparatives. NHAI acts as implementing agency for Government assets; deficit is not a commercial operating margin. Quarter and fiscal YTD/annual are separate scopes. June2026 notes(g),(i) explicitly recast March2026 quarter/year comparatives.",NHAI,2026,other_income_inr_crore,1106.9131,official_measured,official,,,,,,,,NHAI_standalone_income_expenditure|National Highway,,nhai,,,nhai,,2026-06-30,,2026-01-01 to 2026-03-31,revised,limited_review_unaudited,d3eb43cde399c827cfc0d7f12384559ec76120450bef526cfc75f3c1d7b799d0,,
nhai,NHAI,agency,NHAI,All India,National Highway,other_income_inr_crore,770.6773,INR crore,77067.73,INR lakh,2026-04-01,2026-06-30,fiscal_quarter,actual,NHAI_standalone_income_expenditure,2026-06-30,,nhai_financial_results_2025_26_to_2026_06,https://nhai.gov.in/nhai/sites/default/files/mix_file/Quarterly_Financials_for_the_Quarter_ended_on_30th_June_2026.pdf,PDF p2; NHAI_standalone_income_expenditure; other_income_inr_crore; 2026-06-30 column,official_measured,True,d3eb43cde399c827cfc0d7f12384559ec76120450bef526cfc75f3c1d7b799d0,"Original INR lakh×0.01; unaudited limited-review authority filing, not CAG-audited. Publication day unknown. Financial periods retain their own observation cutoff, including reprinted comparatives. NHAI acts as implementing agency for Government assets; deficit is not a commercial operating margin. Quarter and fiscal YTD/annual are separate scopes. June2026 notes(g),(i) explicitly recast March2026 quarter/year comparatives.",NHAI,2026,other_income_inr_crore,770.6773,official_measured,official,,,,,,,,NHAI_standalone_income_expenditure|National Highway,,nhai,,,nhai,,2026-06-30,,2026-04-01 to 2026-06-30,reported,limited_review_unaudited,d3eb43cde399c827cfc0d7f12384559ec76120450bef526cfc75f3c1d7b799d0,,
nhai,NHAI,agency,NHAI,All India,National Highway,personnel_administrative_expenses_inr_crore,146.1678,INR crore,14616.78,INR lakh,2025-04-01,2025-06-30,fiscal_quarter,actual,NHAI_standalone_income_expenditure,2025-06-30,,nhai_financial_results_2025_26_to_2026_06,https://nhai.gov.in/nhai/sites/default/files/mix_file/Quarterly_Financials_for_the_Quarter_ended-on_30_June_2025.pdf,PDF p2; NHAI_standalone_income_expenditure; personnel_administrative_expenses_inr_crore; 2025-06-30 column,official_measured,True,ceec789c08d5a5e81cac05776bbd82030c1f9d9765798fc7133080387efdfe85,"Original INR lakh×0.01; unaudited limited-review authority filing, not CAG-audited. Publication day unknown. Financial periods retain their own observation cutoff, including reprinted comparatives. NHAI acts as implementing agency for Government assets; deficit is not a commercial operating margin. Quarter and fiscal YTD/annual are separate scopes. June2026 notes(g),(i) explicitly recast March2026 quarter/year comparatives.",NHAI,2025,personnel_administrative_expenses_inr_crore,146.1678,official_measured,official,,,,,,,,NHAI_standalone_income_expenditure|National Highway,,nhai,,,nhai,,2025-06-30,,2025-04-01 to 2025-06-30,reported,limited_review_unaudited,ceec789c08d5a5e81cac05776bbd82030c1f9d9765798fc7133080387efdfe85,,
nhai,NHAI,agency,NHAI,All India,National Highway,personnel_administrative_expenses_inr_crore,396.4281,INR crore,39642.81,INR lakh,2025-04-01,2025-09-30,fiscal_year_ytd,actual,NHAI_standalone_income_expenditure,2025-09-30,,nhai_financial_results_2025_26_to_2026_06,https://nhai.gov.in/nhai/sites/default/files/mix_file/Quarterly_Financials_for_the_Quarter_ended_on_30th_September_2025.pdf,PDF p3; NHAI_standalone_income_expenditure; personnel_administrative_expenses_inr_crore; 2025-09-30 column,official_measured,True,175094a77bd0bfe7b9022afd00b0c9959692bb10a55e571949276b141a765f07,"Original INR lakh×0.01; unaudited limited-review authority filing, not CAG-audited. Publication day unknown. Financial periods retain their own observation cutoff, including reprinted comparatives. NHAI acts as implementing agency for Government assets; deficit is not a commercial operating margin. Quarter and fiscal YTD/annual are separate scopes. June2026 notes(g),(i) explicitly recast March2026 quarter/year comparatives.",NHAI,2025,personnel_administrative_expenses_inr_crore,396.4281,official_measured,official,,,,,,,,NHAI_standalone_income_expenditure|National Highway,,nhai,,,nhai,,2025-09-30,,2025-04-01 to 2025-09-30,reported,limited_review_unaudited,175094a77bd0bfe7b9022afd00b0c9959692bb10a55e571949276b141a765f07,,
nhai,NHAI,agency,NHAI,All India,National Highway,personnel_administrative_expenses_inr_crore,375.8408,INR crore,37584.08,INR lakh,2025-04-01,2025-12-31,fiscal_year_ytd,actual,NHAI_standalone_income_expenditure,2025-12-31,,nhai_financial_results_2025_26_to_2026_06,https://nhai.gov.in/nhai/sites/default/files/mix_file/Quarterly_Financials_for_the_Quarter_ended_on_31st_December_2025.pdf,PDF p2; NHAI_standalone_income_expenditure; personnel_administrative_expenses_inr_crore; 2025-12-31 column,official_measured,True,84d6384e7ab6c246d80df7732ad640053c999a9339d16757f64a91185506a443,"Original INR lakh×0.01; unaudited limited-review authority filing, not CAG-audited. Publication day unknown. Financial periods retain their own observation cutoff, including reprinted comparatives. NHAI acts as implementing agency for Government assets; deficit is not a commercial operating margin. Quarter and fiscal YTD/annual are separate scopes. June2026 notes(g),(i) explicitly recast March2026 quarter/year comparatives.",NHAI,2025,personnel_administrative_expenses_inr_crore,375.8408,official_measured,official,,,,,,,,NHAI_standalone_income_expenditure|National Highway,,nhai,,,nhai,,2025-12-31,,2025-04-01 to 2025-12-31,reported,limited_review_unaudited,84d6384e7ab6c246d80df7732ad640053c999a9339d16757f64a91185506a443,,
nhai,NHAI,agency,NHAI,All India,National Highway,personnel_administrative_expenses_inr_crore,622.5684,INR crore,62256.84,INR lakh,2025-04-01,2026-03-31,fiscal_year,actual,NHAI_standalone_income_expenditure,2026-03-31,,nhai_financial_results_2025_26_to_2026_06,https://nhai.gov.in/nhai/sites/default/files/mix_file/Quarterly_Financials_for_the_Quarter_ended_on_30th_June_2026.pdf,PDF p2; NHAI_standalone_income_expenditure; personnel_administrative_expenses_inr_crore; 2026-03-31 column,official_measured,True,d3eb43cde399c827cfc0d7f12384559ec76120450bef526cfc75f3c1d7b799d0,"Original INR lakh×0.01; unaudited limited-review authority filing, not CAG-audited. Publication day unknown. Financial periods retain their own observation cutoff, including reprinted comparatives. NHAI acts as implementing agency for Government assets; deficit is not a commercial operating margin. Quarter and fiscal YTD/annual are separate scopes. June2026 notes(g),(i) explicitly recast March2026 quarter/year comparatives.",NHAI,2026,personnel_administrative_expenses_inr_crore,622.5684,official_measured,official,,,,,,,,NHAI_standalone_income_expenditure|National Highway,,nhai,,,nhai,,2026-06-30,,2025-04-01 to 2026-03-31,revised,limited_review_unaudited,d3eb43cde399c827cfc0d7f12384559ec76120450bef526cfc75f3c1d7b799d0,,
nhai,NHAI,agency,NHAI,All India,National Highway,personnel_administrative_expenses_inr_crore,250.2603,INR crore,25026.03,INR lakh,2025-07-01,2025-09-30,fiscal_quarter,actual,NHAI_standalone_income_expenditure,2025-09-30,,nhai_financial_results_2025_26_to_2026_06,https://nhai.gov.in/nhai/sites/default/files/mix_file/Quarterly_Financials_for_the_Quarter_ended_on_30th_September_2025.pdf,PDF p3; NHAI_standalone_income_expenditure; personnel_administrative_expenses_inr_crore; 2025-09-30 column,official_measured,True,175094a77bd0bfe7b9022afd00b0c9959692bb10a55e571949276b141a765f07,"Original INR lakh×0.01; unaudited limited-review authority filing, not CAG-audited. Publication day unknown. Financial periods retain their own observation cutoff, including reprinted comparatives. NHAI acts as implementing agency for Government assets; deficit is not a commercial operating margin. Quarter and fiscal YTD/annual are separate scopes. June2026 notes(g),(i) explicitly recast March2026 quarter/year comparatives.",NHAI,2025,personnel_administrative_expenses_inr_crore,250.2603,official_measured,official,,,,,,,,NHAI_standalone_income_expenditure|National Highway,,nhai,,,nhai,,2025-09-30,,2025-07-01 to 2025-09-30,reported,limited_review_unaudited,175094a77bd0bfe7b9022afd00b0c9959692bb10a55e571949276b141a765f07,,
nhai,NHAI,agency,NHAI,All India,National Highway,personnel_administrative_expenses_inr_crore,-20.5873,INR crore,-2058.73,INR lakh,2025-10-01,2025-12-31,fiscal_quarter,actual,NHAI_standalone_income_expenditure,2025-12-31,,nhai_financial_results_2025_26_to_2026_06,https://nhai.gov.in/nhai/sites/default/files/mix_file/Quarterly_Financials_for_the_Quarter_ended_on_31st_December_2025.pdf,PDF p2; NHAI_standalone_income_expenditure; personnel_administrative_expenses_inr_crore; 2025-12-31 column,official_measured,True,84d6384e7ab6c246d80df7732ad640053c999a9339d16757f64a91185506a443,"Original INR lakh×0.01; unaudited limited-review authority filing, not CAG-audited. Publication day unknown. Financial periods retain their own observation cutoff, including reprinted comparatives. NHAI acts as implementing agency for Government assets; deficit is not a commercial operating margin. Quarter and fiscal YTD/annual are separate scopes. June2026 notes(g),(i) explicitly recast March2026 quarter/year comparatives.",NHAI,2025,personnel_administrative_expenses_inr_crore,-20.5873,official_measured,official,,,,,,,,NHAI_standalone_income_expenditure|National Highway,,nhai,,,nhai,,2025-12-31,,2025-10-01 to 2025-12-31,reported,limited_review_unaudited,84d6384e7ab6c246d80df7732ad640053c999a9339d16757f64a91185506a443,,
nhai,NHAI,agency,NHAI,All India,National Highway,personnel_administrative_expenses_inr_crore,246.7276,INR crore,24672.76,INR lakh,2026-01-01,2026-03-31,fiscal_quarter,actual,NHAI_standalone_income_expenditure,2026-03-31,,nhai_financial_results_2025_26_to_2026_06,https://nhai.gov.in/nhai/sites/default/files/mix_file/Quarterly_Financials_for_the_Quarter_ended_on_30th_June_2026.pdf,PDF p2; NHAI_standalone_income_expenditure; personnel_administrative_expenses_inr_crore; 2026-03-31 column,official_measured,True,d3eb43cde399c827cfc0d7f12384559ec76120450bef526cfc75f3c1d7b799d0,"Original INR lakh×0.01; unaudited limited-review authority filing, not CAG-audited. Publication day unknown. Financial periods retain their own observation cutoff, including reprinted comparatives. NHAI acts as implementing agency for Government assets; deficit is not a commercial operating margin. Quarter and fiscal YTD/annual are separate scopes. June2026 notes(g),(i) explicitly recast March2026 quarter/year comparatives.",NHAI,2026,personnel_administrative_expenses_inr_crore,246.7276,official_measured,official,,,,,,,,NHAI_standalone_income_expenditure|National Highway,,nhai,,,nhai,,2026-06-30,,2026-01-01 to 2026-03-31,revised,limited_review_unaudited,d3eb43cde399c827cfc0d7f12384559ec76120450bef526cfc75f3c1d7b799d0,,
nhai,NHAI,agency,NHAI,All India,National Highway,personnel_administrative_expenses_inr_crore,235.593,INR crore,23559.3,INR lakh,2026-04-01,2026-06-30,fiscal_quarter,actual,NHAI_standalone_income_expenditure,2026-06-30,,nhai_financial_results_2025_26_to_2026_06,https://nhai.gov.in/nhai/sites/default/files/mix_file/Quarterly_Financials_for_the_Quarter_ended_on_30th_June_2026.pdf,PDF p2; NHAI_standalone_income_expenditure; personnel_administrative_expenses_inr_crore; 2026-06-30 column,official_measured,True,d3eb43cde399c827cfc0d7f12384559ec76120450bef526cfc75f3c1d7b799d0,"Original INR lakh×0.01; unaudited limited-review authority filing, not CAG-audited. Publication day unknown. Financial periods retain their own observation cutoff, including reprinted comparatives. NHAI acts as implementing agency for Government assets; deficit is not a commercial operating margin. Quarter and fiscal YTD/annual are separate scopes. June2026 notes(g),(i) explicitly recast March2026 quarter/year comparatives.",NHAI,2026,personnel_administrative_expenses_inr_crore,235.593,official_measured,official,,,,,,,,NHAI_standalone_income_expenditure|National Highway,,nhai,,,nhai,,2026-06-30,,2026-04-01 to 2026-06-30,reported,limited_review_unaudited,d3eb43cde399c827cfc0d7f12384559ec76120450bef526cfc75f3c1d7b799d0,,
nhai,NHAI,agency,NHAI,All India,National Highway,prior_period_net_items_inr_crore,-26.335500000000003,INR crore,-2633.55,INR lakh,2025-04-01,2025-06-30,fiscal_quarter,actual,NHAI_standalone_income_expenditure,2025-06-30,,nhai_financial_results_2025_26_to_2026_06,https://nhai.gov.in/nhai/sites/default/files/mix_file/Quarterly_Financials_for_the_Quarter_ended-on_30_June_2025.pdf,PDF p2; NHAI_standalone_income_expenditure; prior_period_net_items_inr_crore; 2025-06-30 column,official_measured,True,ceec789c08d5a5e81cac05776bbd82030c1f9d9765798fc7133080387efdfe85,"Original INR lakh×0.01; unaudited limited-review authority filing, not CAG-audited. Publication day unknown. Financial periods retain their own observation cutoff, including reprinted comparatives. NHAI acts as implementing agency for Government assets; deficit is not a commercial operating margin. Quarter and fiscal YTD/annual are separate scopes. June2026 notes(g),(i) explicitly recast March2026 quarter/year comparatives.",NHAI,2025,prior_period_net_items_inr_crore,-26.335500000000003,official_measured,official,,,,,,,,NHAI_standalone_income_expenditure|National Highway,,nhai,,,nhai,,2025-06-30,,2025-04-01 to 2025-06-30,reported,limited_review_unaudited,ceec789c08d5a5e81cac05776bbd82030c1f9d9765798fc7133080387efdfe85,,
nhai,NHAI,agency,NHAI,All India,National Highway,prior_period_net_items_inr_crore,-38.873000000000005,INR crore,-3887.3,INR lakh,2025-04-01,2025-09-30,fiscal_year_ytd,actual,NHAI_standalone_income_expenditure,2025-09-30,,nhai_financial_results_2025_26_to_2026_06,https://nhai.gov.in/nhai/sites/default/files/mix_file/Quarterly_Financials_for_the_Quarter_ended_on_30th_September_2025.pdf,PDF p3; NHAI_standalone_income_expenditure; prior_period_net_items_inr_crore; 2025-09-30 column,official_measured,True,175094a77bd0bfe7b9022afd00b0c9959692bb10a55e571949276b141a765f07,"Original INR lakh×0.01; unaudited limited-review authority filing, not CAG-audited. Publication day unknown. Financial periods retain their own observation cutoff, including reprinted comparatives. NHAI acts as implementing agency for Government assets; deficit is not a commercial operating margin. Quarter and fiscal YTD/annual are separate scopes. June2026 notes(g),(i) explicitly recast March2026 quarter/year comparatives.",NHAI,2025,prior_period_net_items_inr_crore,-38.873000000000005,official_measured,official,,,,,,,,NHAI_standalone_income_expenditure|National Highway,,nhai,,,nhai,,2025-09-30,,2025-04-01 to 2025-09-30,reported,limited_review_unaudited,175094a77bd0bfe7b9022afd00b0c9959692bb10a55e571949276b141a765f07,,
nhai,NHAI,agency,NHAI,All India,National Highway,prior_period_net_items_inr_crore,-42.872600000000006,INR crore,-4287.26,INR lakh,2025-04-01,2025-12-31,fiscal_year_ytd,actual,NHAI_standalone_income_expenditure,2025-12-31,,nhai_financial_results_2025_26_to_2026_06,https://nhai.gov.in/nhai/sites/default/files/mix_file/Quarterly_Financials_for_the_Quarter_ended_on_31st_December_2025.pdf,PDF p2; NHAI_standalone_income_expenditure; prior_period_net_items_inr_crore; 2025-12-31 column,official_measured,True,84d6384e7ab6c246d80df7732ad640053c999a9339d16757f64a91185506a443,"Original INR lakh×0.01; unaudited limited-review authority filing, not CAG-audited. Publication day unknown. Financial periods retain their own observation cutoff, including reprinted comparatives. NHAI acts as implementing agency for Government assets; deficit is not a commercial operating margin. Quarter and fiscal YTD/annual are separate scopes. June2026 notes(g),(i) explicitly recast March2026 quarter/year comparatives.",NHAI,2025,prior_period_net_items_inr_crore,-42.872600000000006,official_measured,official,,,,,,,,NHAI_standalone_income_expenditure|National Highway,,nhai,,,nhai,,2025-12-31,,2025-04-01 to 2025-12-31,reported,limited_review_unaudited,84d6384e7ab6c246d80df7732ad640053c999a9339d16757f64a91185506a443,,
nhai,NHAI,agency,NHAI,All India,National Highway,prior_period_net_items_inr_crore,-107.39840000000001,INR crore,-10739.84,INR lakh,2025-04-01,2026-03-31,fiscal_year,actual,NHAI_standalone_income_expenditure,2026-03-31,,nhai_financial_results_2025_26_to_2026_06,https://nhai.gov.in/nhai/sites/default/files/mix_file/Quarterly_Financials_for_the_Quarter_ended_on_30th_June_2026.pdf,PDF p2; NHAI_standalone_income_expenditure; prior_period_net_items_inr_crore; 2026-03-31 column,official_measured,True,d3eb43cde399c827cfc0d7f12384559ec76120450bef526cfc75f3c1d7b799d0,"Original INR lakh×0.01; unaudited limited-review authority filing, not CAG-audited. Publication day unknown. Financial periods retain their own observation cutoff, including reprinted comparatives. NHAI acts as implementing agency for Government assets; deficit is not a commercial operating margin. Quarter and fiscal YTD/annual are separate scopes. June2026 notes(g),(i) explicitly recast March2026 quarter/year comparatives.",NHAI,2026,prior_period_net_items_inr_crore,-107.39840000000001,official_measured,official,,,,,,,,NHAI_standalone_income_expenditure|National Highway,,nhai,,,nhai,,2026-06-30,,2025-04-01 to 2026-03-31,revised,limited_review_unaudited,d3eb43cde399c827cfc0d7f12384559ec76120450bef526cfc75f3c1d7b799d0,,
nhai,NHAI,agency,NHAI,All India,National Highway,prior_period_net_items_inr_crore,-12.5375,INR crore,-1253.75,INR lakh,2025-07-01,2025-09-30,fiscal_quarter,actual,NHAI_standalone_income_expenditure,2025-09-30,,nhai_financial_results_2025_26_to_2026_06,https://nhai.gov.in/nhai/sites/default/files/mix_file/Quarterly_Financials_for_the_Quarter_ended_on_30th_September_2025.pdf,PDF p3; NHAI_standalone_income_expenditure; prior_period_net_items_inr_crore; 2025-09-30 column,official_measured,True,175094a77bd0bfe7b9022afd00b0c9959692bb10a55e571949276b141a765f07,"Original INR lakh×0.01; unaudited limited-review authority filing, not CAG-audited. Publication day unknown. Financial periods retain their own observation cutoff, including reprinted comparatives. NHAI acts as implementing agency for Government assets; deficit is not a commercial operating margin. Quarter and fiscal YTD/annual are separate scopes. June2026 notes(g),(i) explicitly recast March2026 quarter/year comparatives.",NHAI,2025,prior_period_net_items_inr_crore,-12.5375,official_measured,official,,,,,,,,NHAI_standalone_income_expenditure|National Highway,,nhai,,,nhai,,2025-09-30,,2025-07-01 to 2025-09-30,reported,limited_review_unaudited,175094a77bd0bfe7b9022afd00b0c9959692bb10a55e571949276b141a765f07,,
nhai,NHAI,agency,NHAI,All India,National Highway,prior_period_net_items_inr_crore,-3.9996,INR crore,-399.96,INR lakh,2025-10-01,2025-12-31,fiscal_quarter,actual,NHAI_standalone_income_expenditure,2025-12-31,,nhai_financial_results_2025_26_to_2026_06,https://nhai.gov.in/nhai/sites/default/files/mix_file/Quarterly_Financials_for_the_Quarter_ended_on_31st_December_2025.pdf,PDF p2; NHAI_standalone_income_expenditure; prior_period_net_items_inr_crore; 2025-12-31 column,official_measured,True,84d6384e7ab6c246d80df7732ad640053c999a9339d16757f64a91185506a443,"Original INR lakh×0.01; unaudited limited-review authority filing, not CAG-audited. Publication day unknown. Financial periods retain their own observation cutoff, including reprinted comparatives. NHAI acts as implementing agency for Government assets; deficit is not a commercial operating margin. Quarter and fiscal YTD/annual are separate scopes. June2026 notes(g),(i) explicitly recast March2026 quarter/year comparatives.",NHAI,2025,prior_period_net_items_inr_crore,-3.9996,official_measured,official,,,,,,,,NHAI_standalone_income_expenditure|National Highway,,nhai,,,nhai,,2025-12-31,,2025-10-01 to 2025-12-31,reported,limited_review_unaudited,84d6384e7ab6c246d80df7732ad640053c999a9339d16757f64a91185506a443,,
nhai,NHAI,agency,NHAI,All India,National Highway,prior_period_net_items_inr_crore,-64.5258,INR crore,-6452.58,INR lakh,2026-01-01,2026-03-31,fiscal_quarter,actual,NHAI_standalone_income_expenditure,2026-03-31,,nhai_financial_results_2025_26_to_2026_06,https://nhai.gov.in/nhai/sites/default/files/mix_file/Quarterly_Financials_for_the_Quarter_ended_on_30th_June_2026.pdf,PDF p2; NHAI_standalone_income_expenditure; prior_period_net_items_inr_crore; 2026-03-31 column,official_measured,True,d3eb43cde399c827cfc0d7f12384559ec76120450bef526cfc75f3c1d7b799d0,"Original INR lakh×0.01; unaudited limited-review authority filing, not CAG-audited. Publication day unknown. Financial periods retain their own observation cutoff, including reprinted comparatives. NHAI acts as implementing agency for Government assets; deficit is not a commercial operating margin. Quarter and fiscal YTD/annual are separate scopes. June2026 notes(g),(i) explicitly recast March2026 quarter/year comparatives.",NHAI,2026,prior_period_net_items_inr_crore,-64.5258,official_measured,official,,,,,,,,NHAI_standalone_income_expenditure|National Highway,,nhai,,,nhai,,2026-06-30,,2026-01-01 to 2026-03-31,revised,limited_review_unaudited,d3eb43cde399c827cfc0d7f12384559ec76120450bef526cfc75f3c1d7b799d0,,
nhai,NHAI,agency,NHAI,All India,National Highway,prior_period_net_items_inr_crore,-31.0397,INR crore,-3103.97,INR lakh,2026-04-01,2026-06-30,fiscal_quarter,actual,NHAI_standalone_income_expenditure,2026-06-30,,nhai_financial_results_2025_26_to_2026_06,https://nhai.gov.in/nhai/sites/default/files/mix_file/Quarterly_Financials_for_the_Quarter_ended_on_30th_June_2026.pdf,PDF p2; NHAI_standalone_income_expenditure; prior_period_net_items_inr_crore; 2026-06-30 column,official_measured,True,d3eb43cde399c827cfc0d7f12384559ec76120450bef526cfc75f3c1d7b799d0,"Original INR lakh×0.01; unaudited limited-review authority filing, not CAG-audited. Publication day unknown. Financial periods retain their own observation cutoff, including reprinted comparatives. NHAI acts as implementing agency for Government assets; deficit is not a commercial operating margin. Quarter and fiscal YTD/annual are separate scopes. June2026 notes(g),(i) explicitly recast March2026 quarter/year comparatives.",NHAI,2026,prior_period_net_items_inr_crore,-31.0397,official_measured,official,,,,,,,,NHAI_standalone_income_expenditure|National Highway,,nhai,,,nhai,,2026-06-30,,2026-04-01 to 2026-06-30,reported,limited_review_unaudited,d3eb43cde399c827cfc0d7f12384559ec76120450bef526cfc75f3c1d7b799d0,,
nhai,NHAI,agency,NHAI,All India,National Highway,profit_loss_before_prior_items_inr_crore,-565.2243,INR crore,-56522.43,INR lakh,2025-04-01,2025-06-30,fiscal_quarter,actual,NHAI_standalone_income_expenditure,2025-06-30,,nhai_financial_results_2025_26_to_2026_06,https://nhai.gov.in/nhai/sites/default/files/mix_file/Quarterly_Financials_for_the_Quarter_ended-on_30_June_2025.pdf,PDF p2; NHAI_standalone_income_expenditure; profit_loss_before_prior_items_inr_crore; 2025-06-30 column,official_measured,True,ceec789c08d5a5e81cac05776bbd82030c1f9d9765798fc7133080387efdfe85,"Original INR lakh×0.01; unaudited limited-review authority filing, not CAG-audited. Publication day unknown. Financial periods retain their own observation cutoff, including reprinted comparatives. NHAI acts as implementing agency for Government assets; deficit is not a commercial operating margin. Quarter and fiscal YTD/annual are separate scopes. June2026 notes(g),(i) explicitly recast March2026 quarter/year comparatives.",NHAI,2025,profit_loss_before_prior_items_inr_crore,-565.2243,official_measured,official,,,,,,,,NHAI_standalone_income_expenditure|National Highway,,nhai,,,nhai,,2025-06-30,,2025-04-01 to 2025-06-30,reported,limited_review_unaudited,ceec789c08d5a5e81cac05776bbd82030c1f9d9765798fc7133080387efdfe85,,
nhai,NHAI,agency,NHAI,All India,National Highway,profit_loss_before_prior_items_inr_crore,-1793.1156,INR crore,-179311.56,INR lakh,2025-04-01,2025-09-30,fiscal_year_ytd,actual,NHAI_standalone_income_expenditure,2025-09-30,,nhai_financial_results_2025_26_to_2026_06,https://nhai.gov.in/nhai/sites/default/files/mix_file/Quarterly_Financials_for_the_Quarter_ended_on_30th_September_2025.pdf,PDF p3; NHAI_standalone_income_expenditure; profit_loss_before_prior_items_inr_crore; 2025-09-30 column,official_measured,True,175094a77bd0bfe7b9022afd00b0c9959692bb10a55e571949276b141a765f07,"Original INR lakh×0.01; unaudited limited-review authority filing, not CAG-audited. Publication day unknown. Financial periods retain their own observation cutoff, including reprinted comparatives. NHAI acts as implementing agency for Government assets; deficit is not a commercial operating margin. Quarter and fiscal YTD/annual are separate scopes. June2026 notes(g),(i) explicitly recast March2026 quarter/year comparatives.",NHAI,2025,profit_loss_before_prior_items_inr_crore,-1793.1156,official_measured,official,,,,,,,,NHAI_standalone_income_expenditure|National Highway,,nhai,,,nhai,,2025-09-30,,2025-04-01 to 2025-09-30,reported,limited_review_unaudited,175094a77bd0bfe7b9022afd00b0c9959692bb10a55e571949276b141a765f07,,
nhai,NHAI,agency,NHAI,All India,National Highway,profit_loss_before_prior_items_inr_crore,-2924.2659999999996,INR crore,-292426.6,INR lakh,2025-04-01,2025-12-31,fiscal_year_ytd,actual,NHAI_standalone_income_expenditure,2025-12-31,,nhai_financial_results_2025_26_to_2026_06,https://nhai.gov.in/nhai/sites/default/files/mix_file/Quarterly_Financials_for_the_Quarter_ended_on_31st_December_2025.pdf,PDF p2; NHAI_standalone_income_expenditure; profit_loss_before_prior_items_inr_crore; 2025-12-31 column,official_measured,True,84d6384e7ab6c246d80df7732ad640053c999a9339d16757f64a91185506a443,"Original INR lakh×0.01; unaudited limited-review authority filing, not CAG-audited. Publication day unknown. Financial periods retain their own observation cutoff, including reprinted comparatives. NHAI acts as implementing agency for Government assets; deficit is not a commercial operating margin. Quarter and fiscal YTD/annual are separate scopes. June2026 notes(g),(i) explicitly recast March2026 quarter/year comparatives.",NHAI,2025,profit_loss_before_prior_items_inr_crore,-2924.2659999999996,official_measured,official,,,,,,,,NHAI_standalone_income_expenditure|National Highway,,nhai,,,nhai,,2025-12-31,,2025-04-01 to 2025-12-31,reported,limited_review_unaudited,84d6384e7ab6c246d80df7732ad640053c999a9339d16757f64a91185506a443,,
nhai,NHAI,agency,NHAI,All India,National Highway,profit_loss_before_prior_items_inr_crore,-6284.6981000000005,INR crore,-628469.81,INR lakh,2025-04-01,2026-03-31,fiscal_year,actual,NHAI_standalone_income_expenditure,2026-03-31,,nhai_financial_results_2025_26_to_2026_06,https://nhai.gov.in/nhai/sites/default/files/mix_file/Quarterly_Financials_for_the_Quarter_ended_on_30th_June_2026.pdf,PDF p2; NHAI_standalone_income_expenditure; profit_loss_before_prior_items_inr_crore; 2026-03-31 column,official_measured,True,d3eb43cde399c827cfc0d7f12384559ec76120450bef526cfc75f3c1d7b799d0,"Original INR lakh×0.01; unaudited limited-review authority filing, not CAG-audited. Publication day unknown. Financial periods retain their own observation cutoff, including reprinted comparatives. NHAI acts as implementing agency for Government assets; deficit is not a commercial operating margin. Quarter and fiscal YTD/annual are separate scopes. June2026 notes(g),(i) explicitly recast March2026 quarter/year comparatives.",NHAI,2026,profit_loss_before_prior_items_inr_crore,-6284.6981000000005,official_measured,official,,,,,,,,NHAI_standalone_income_expenditure|National Highway,,nhai,,,nhai,,2026-06-30,,2025-04-01 to 2026-03-31,revised,limited_review_unaudited,d3eb43cde399c827cfc0d7f12384559ec76120450bef526cfc75f3c1d7b799d0,,
nhai,NHAI,agency,NHAI,All India,National Highway,profit_loss_before_prior_items_inr_crore,-1227.8913,INR crore,-122789.13,INR lakh,2025-07-01,2025-09-30,fiscal_quarter,actual,NHAI_standalone_income_expenditure,2025-09-30,,nhai_financial_results_2025_26_to_2026_06,https://nhai.gov.in/nhai/sites/default/files/mix_file/Quarterly_Financials_for_the_Quarter_ended_on_30th_September_2025.pdf,PDF p3; NHAI_standalone_income_expenditure; profit_loss_before_prior_items_inr_crore; 2025-09-30 column,official_measured,True,175094a77bd0bfe7b9022afd00b0c9959692bb10a55e571949276b141a765f07,"Original INR lakh×0.01; unaudited limited-review authority filing, not CAG-audited. Publication day unknown. Financial periods retain their own observation cutoff, including reprinted comparatives. NHAI acts as implementing agency for Government assets; deficit is not a commercial operating margin. Quarter and fiscal YTD/annual are separate scopes. June2026 notes(g),(i) explicitly recast March2026 quarter/year comparatives.",NHAI,2025,profit_loss_before_prior_items_inr_crore,-1227.8913,official_measured,official,,,,,,,,NHAI_standalone_income_expenditure|National Highway,,nhai,,,nhai,,2025-09-30,,2025-07-01 to 2025-09-30,reported,limited_review_unaudited,175094a77bd0bfe7b9022afd00b0c9959692bb10a55e571949276b141a765f07,,
nhai,NHAI,agency,NHAI,All India,National Highway,profit_loss_before_prior_items_inr_crore,-1131.1504,INR crore,-113115.04,INR lakh,2025-10-01,2025-12-31,fiscal_quarter,actual,NHAI_standalone_income_expenditure,2025-12-31,,nhai_financial_results_2025_26_to_2026_06,https://nhai.gov.in/nhai/sites/default/files/mix_file/Quarterly_Financials_for_the_Quarter_ended_on_31st_December_2025.pdf,PDF p2; NHAI_standalone_income_expenditure; profit_loss_before_prior_items_inr_crore; 2025-12-31 column,official_measured,True,84d6384e7ab6c246d80df7732ad640053c999a9339d16757f64a91185506a443,"Original INR lakh×0.01; unaudited limited-review authority filing, not CAG-audited. Publication day unknown. Financial periods retain their own observation cutoff, including reprinted comparatives. NHAI acts as implementing agency for Government assets; deficit is not a commercial operating margin. Quarter and fiscal YTD/annual are separate scopes. June2026 notes(g),(i) explicitly recast March2026 quarter/year comparatives.",NHAI,2025,profit_loss_before_prior_items_inr_crore,-1131.1504,official_measured,official,,,,,,,,NHAI_standalone_income_expenditure|National Highway,,nhai,,,nhai,,2025-12-31,,2025-10-01 to 2025-12-31,reported,limited_review_unaudited,84d6384e7ab6c246d80df7732ad640053c999a9339d16757f64a91185506a443,,
nhai,NHAI,agency,NHAI,All India,National Highway,profit_loss_before_prior_items_inr_crore,-3360.4321000000004,INR crore,-336043.21,INR lakh,2026-01-01,2026-03-31,fiscal_quarter,actual,NHAI_standalone_income_expenditure,2026-03-31,,nhai_financial_results_2025_26_to_2026_06,https://nhai.gov.in/nhai/sites/default/files/mix_file/Quarterly_Financials_for_the_Quarter_ended_on_30th_June_2026.pdf,PDF p2; NHAI_standalone_income_expenditure; profit_loss_before_prior_items_inr_crore; 2026-03-31 column,official_measured,True,d3eb43cde399c827cfc0d7f12384559ec76120450bef526cfc75f3c1d7b799d0,"Original INR lakh×0.01; unaudited limited-review authority filing, not CAG-audited. Publication day unknown. Financial periods retain their own observation cutoff, including reprinted comparatives. NHAI acts as implementing agency for Government assets; deficit is not a commercial operating margin. Quarter and fiscal YTD/annual are separate scopes. June2026 notes(g),(i) explicitly recast March2026 quarter/year comparatives.",NHAI,2026,profit_loss_before_prior_items_inr_crore,-3360.4321000000004,official_measured,official,,,,,,,,NHAI_standalone_income_expenditure|National Highway,,nhai,,,nhai,,2026-06-30,,2026-01-01 to 2026-03-31,revised,limited_review_unaudited,d3eb43cde399c827cfc0d7f12384559ec76120450bef526cfc75f3c1d7b799d0,,
nhai,NHAI,agency,NHAI,All India,National Highway,profit_loss_before_prior_items_inr_crore,-1366.3958,INR crore,-136639.58,INR lakh,2026-04-01,2026-06-30,fiscal_quarter,actual,NHAI_standalone_income_expenditure,2026-06-30,,nhai_financial_results_2025_26_to_2026_06,https://nhai.gov.in/nhai/sites/default/files/mix_file/Quarterly_Financials_for_the_Quarter_ended_on_30th_June_2026.pdf,PDF p2; NHAI_standalone_income_expenditure; profit_loss_before_prior_items_inr_crore; 2026-06-30 column,official_measured,True,d3eb43cde399c827cfc0d7f12384559ec76120450bef526cfc75f3c1d7b799d0,"Original INR lakh×0.01; unaudited limited-review authority filing, not CAG-audited. Publication day unknown. Financial periods retain their own observation cutoff, including reprinted comparatives. NHAI acts as implementing agency for Government assets; deficit is not a commercial operating margin. Quarter and fiscal YTD/annual are separate scopes. June2026 notes(g),(i) explicitly recast March2026 quarter/year comparatives.",NHAI,2026,profit_loss_before_prior_items_inr_crore,-1366.3958,official_measured,official,,,,,,,,NHAI_standalone_income_expenditure|National Highway,,nhai,,,nhai,,2026-06-30,,2026-04-01 to 2026-06-30,reported,limited_review_unaudited,d3eb43cde399c827cfc0d7f12384559ec76120450bef526cfc75f3c1d7b799d0,,
nhai,NHAI,agency,NHAI,All India,National Highway,profit_loss_debit_balance_inr_crore,15262.4913,INR crore,1526249.13,INR lakh,,2026-03-31,balance_sheet_snapshot,actual,NHAI_standalone_balance_sheet,2026-03-31,,nhai_financial_results_2025_26_to_2026_06,https://nhai.gov.in/nhai/sites/default/files/mix_file/Quarterly_Financials_for_the_Quarter_ended_on_31st_March_2026.pdf,PDF p2; NHAI_standalone_balance_sheet; profit_loss_debit_balance_inr_crore; 2026-03-31 column,official_measured,True,f5ec8c532d75ee286d62ec1663e25258f11eac3e6023b27094818081e81b9804,"Original INR lakh×0.01; unaudited limited-review authority filing, not CAG-audited. Publication day unknown. Financial periods retain their own observation cutoff, including reprinted comparatives. Classic sources/applications statement; reported capital-road-work includes net fixed block. This original balance sheet is not silently restated using the separate SEBI Working table.",NHAI,2026,profit_loss_debit_balance_inr_crore,15262.4913,official_measured,official,,,,,,,,NHAI_standalone_balance_sheet|National Highway,,nhai,,,nhai,,2026-03-31,,2026-03-31,reported,limited_review_unaudited,f5ec8c532d75ee286d62ec1663e25258f11eac3e6023b27094818081e81b9804,,
nhai,NHAI,agency,NHAI,All India,National Highway,provisions_inr_crore,5968.3868,INR crore,596838.68,INR lakh,,2025-09-30,balance_sheet_snapshot,actual,NHAI_standalone_balance_sheet,2025-09-30,,nhai_financial_results_2025_26_to_2026_06,https://nhai.gov.in/nhai/sites/default/files/mix_file/Quarterly_Financials_for_the_Quarter_ended_on_30th_September_2025.pdf,PDF p2; NHAI_standalone_balance_sheet; provisions_inr_crore; 2025-09-30 column,official_measured,True,175094a77bd0bfe7b9022afd00b0c9959692bb10a55e571949276b141a765f07,"Original INR lakh×0.01; unaudited limited-review authority filing, not CAG-audited. Publication day unknown. Financial periods retain their own observation cutoff, including reprinted comparatives. Classic sources/applications statement; reported capital-road-work includes net fixed block. This original balance sheet is not silently restated using the separate SEBI Working table.",NHAI,2025,provisions_inr_crore,5968.3868,official_measured,official,,,,,,,,NHAI_standalone_balance_sheet|National Highway,,nhai,,,nhai,,2025-09-30,,2025-09-30,reported,limited_review_unaudited,175094a77bd0bfe7b9022afd00b0c9959692bb10a55e571949276b141a765f07,,
nhai,NHAI,agency,NHAI,All India,National Highway,provisions_inr_crore,15334.841,INR crore,1533484.1,INR lakh,,2026-03-31,balance_sheet_snapshot,actual,NHAI_standalone_balance_sheet,2026-03-31,,nhai_financial_results_2025_26_to_2026_06,https://nhai.gov.in/nhai/sites/default/files/mix_file/Quarterly_Financials_for_the_Quarter_ended_on_31st_March_2026.pdf,PDF p2; NHAI_standalone_balance_sheet; provisions_inr_crore; 2026-03-31 column,official_measured,True,f5ec8c532d75ee286d62ec1663e25258f11eac3e6023b27094818081e81b9804,"Original INR lakh×0.01; unaudited limited-review authority filing, not CAG-audited. Publication day unknown. Financial periods retain their own observation cutoff, including reprinted comparatives. Classic sources/applications statement; reported capital-road-work includes net fixed block. This original balance sheet is not silently restated using the separate SEBI Working table.",NHAI,2026,provisions_inr_crore,15334.841,official_measured,official,,,,,,,,NHAI_standalone_balance_sheet|National Highway,,nhai,,,nhai,,2026-03-31,,2026-03-31,reported,limited_review_unaudited,f5ec8c532d75ee286d62ec1663e25258f11eac3e6023b27094818081e81b9804,,
nhai,NHAI,agency,NHAI,All India,National Highway,reported_capital_road_work_total_inr_crore,1246484.2287,INR crore,124648422.87,INR lakh,,2025-09-30,balance_sheet_snapshot,actual,NHAI_standalone_balance_sheet,2025-09-30,,nhai_financial_results_2025_26_to_2026_06,https://nhai.gov.in/nhai/sites/default/files/mix_file/Quarterly_Financials_for_the_Quarter_ended_on_30th_September_2025.pdf,PDF p2; NHAI_standalone_balance_sheet; reported_capital_road_work_total_inr_crore; 2025-09-30 column,official_measured,True,175094a77bd0bfe7b9022afd00b0c9959692bb10a55e571949276b141a765f07,"Original INR lakh×0.01; unaudited limited-review authority filing, not CAG-audited. Publication day unknown. Financial periods retain their own observation cutoff, including reprinted comparatives. Classic sources/applications statement; reported capital-road-work includes net fixed block. This original balance sheet is not silently restated using the separate SEBI Working table.",NHAI,2025,reported_capital_road_work_total_inr_crore,1246484.2287,official_measured,official,,,,,,,,NHAI_standalone_balance_sheet|National Highway,,nhai,,,nhai,,2025-09-30,,2025-09-30,reported,limited_review_unaudited,175094a77bd0bfe7b9022afd00b0c9959692bb10a55e571949276b141a765f07,,
nhai,NHAI,agency,NHAI,All India,National Highway,reported_capital_road_work_total_inr_crore,1339465.4609,INR crore,133946546.09,INR lakh,,2026-03-31,balance_sheet_snapshot,actual,NHAI_standalone_balance_sheet,2026-03-31,,nhai_financial_results_2025_26_to_2026_06,https://nhai.gov.in/nhai/sites/default/files/mix_file/Quarterly_Financials_for_the_Quarter_ended_on_31st_March_2026.pdf,PDF p2; NHAI_standalone_balance_sheet; reported_capital_road_work_total_inr_crore; 2026-03-31 column,official_measured,True,f5ec8c532d75ee286d62ec1663e25258f11eac3e6023b27094818081e81b9804,"Original INR lakh×0.01; unaudited limited-review authority filing, not CAG-audited. Publication day unknown. Financial periods retain their own observation cutoff, including reprinted comparatives. Classic sources/applications statement; reported capital-road-work includes net fixed block. This original balance sheet is not silently restated using the separate SEBI Working table.",NHAI,2026,reported_capital_road_work_total_inr_crore,1339465.4609,official_measured,official,,,,,,,,NHAI_standalone_balance_sheet|National Highway,,nhai,,,nhai,,2026-03-31,,2026-03-31,reported,limited_review_unaudited,f5ec8c532d75ee286d62ec1663e25258f11eac3e6023b27094818081e81b9804,,
nhai,NHAI,agency,NHAI,All India,National Highway,reserves_surplus_inr_crore,7653.204100000001,INR crore,765320.41,INR lakh,,2025-09-30,balance_sheet_snapshot,actual,NHAI_standalone_balance_sheet,2025-09-30,,nhai_financial_results_2025_26_to_2026_06,https://nhai.gov.in/nhai/sites/default/files/mix_file/Quarterly_Financials_for_the_Quarter_ended_on_30th_September_2025.pdf,PDF p2; NHAI_standalone_balance_sheet; reserves_surplus_inr_crore; 2025-09-30 column,official_measured,True,175094a77bd0bfe7b9022afd00b0c9959692bb10a55e571949276b141a765f07,"Original INR lakh×0.01; unaudited limited-review authority filing, not CAG-audited. Publication day unknown. Financial periods retain their own observation cutoff, including reprinted comparatives. Classic sources/applications statement; reported capital-road-work includes net fixed block. This original balance sheet is not silently restated using the separate SEBI Working table.",NHAI,2025,reserves_surplus_inr_crore,7653.204100000001,official_measured,official,,,,,,,,NHAI_standalone_balance_sheet|National Highway,,nhai,,,nhai,,2025-09-30,,2025-09-30,reported,limited_review_unaudited,175094a77bd0bfe7b9022afd00b0c9959692bb10a55e571949276b141a765f07,,
nhai,NHAI,agency,NHAI,All India,National Highway,reserves_surplus_inr_crore,7753.4476,INR crore,775344.76,INR lakh,,2026-03-31,balance_sheet_snapshot,actual,NHAI_standalone_balance_sheet,2026-03-31,,nhai_financial_results_2025_26_to_2026_06,https://nhai.gov.in/nhai/sites/default/files/mix_file/Quarterly_Financials_for_the_Quarter_ended_on_31st_March_2026.pdf,PDF p2; NHAI_standalone_balance_sheet; reserves_surplus_inr_crore; 2026-03-31 column,official_measured,True,f5ec8c532d75ee286d62ec1663e25258f11eac3e6023b27094818081e81b9804,"Original INR lakh×0.01; unaudited limited-review authority filing, not CAG-audited. Publication day unknown. Financial periods retain their own observation cutoff, including reprinted comparatives. Classic sources/applications statement; reported capital-road-work includes net fixed block. This original balance sheet is not silently restated using the separate SEBI Working table.",NHAI,2026,reserves_surplus_inr_crore,7753.4476,official_measured,official,,,,,,,,NHAI_standalone_balance_sheet|National Highway,,nhai,,,nhai,,2026-03-31,,2026-03-31,reported,limited_review_unaudited,f5ec8c532d75ee286d62ec1663e25258f11eac3e6023b27094818081e81b9804,,
nhai,NHAI,agency,NHAI,All India,National Highway,road_capital_work_in_progress_inr_crore,659763.6482,INR crore,65976364.82,INR lakh,,2025-09-30,balance_sheet_snapshot,actual,NHAI_standalone_balance_sheet,2025-09-30,,nhai_financial_results_2025_26_to_2026_06,https://nhai.gov.in/nhai/sites/default/files/mix_file/Quarterly_Financials_for_the_Quarter_ended_on_30th_September_2025.pdf,PDF p2; NHAI_standalone_balance_sheet; road_capital_work_in_progress_inr_crore; 2025-09-30 column,official_measured,True,175094a77bd0bfe7b9022afd00b0c9959692bb10a55e571949276b141a765f07,"Original INR lakh×0.01; unaudited limited-review authority filing, not CAG-audited. Publication day unknown. Financial periods retain their own observation cutoff, including reprinted comparatives. Classic sources/applications statement; reported capital-road-work includes net fixed block. This original balance sheet is not silently restated using the separate SEBI Working table.",NHAI,2025,road_capital_work_in_progress_inr_crore,659763.6482,official_measured,official,,,,,,,,NHAI_standalone_balance_sheet|National Highway,,nhai,,,nhai,,2025-09-30,,2025-09-30,reported,limited_review_unaudited,175094a77bd0bfe7b9022afd00b0c9959692bb10a55e571949276b141a765f07,,
nhai,NHAI,agency,NHAI,All India,National Highway,road_capital_work_in_progress_inr_crore,554253.0878,INR crore,55425308.78,INR lakh,,2026-03-31,balance_sheet_snapshot,actual,NHAI_standalone_balance_sheet,2026-03-31,,nhai_financial_results_2025_26_to_2026_06,https://nhai.gov.in/nhai/sites/default/files/mix_file/Quarterly_Financials_for_the_Quarter_ended_on_31st_March_2026.pdf,PDF p2; NHAI_standalone_balance_sheet; road_capital_work_in_progress_inr_crore; 2026-03-31 column,official_measured,True,f5ec8c532d75ee286d62ec1663e25258f11eac3e6023b27094818081e81b9804,"Original INR lakh×0.01; unaudited limited-review authority filing, not CAG-audited. Publication day unknown. Financial periods retain their own observation cutoff, including reprinted comparatives. Classic sources/applications statement; reported capital-road-work includes net fixed block. This original balance sheet is not silently restated using the separate SEBI Working table.",NHAI,2026,road_capital_work_in_progress_inr_crore,554253.0878,official_measured,official,,,,,,,,NHAI_standalone_balance_sheet|National Highway,,nhai,,,nhai,,2026-03-31,,2026-03-31,reported,limited_review_unaudited,f5ec8c532d75ee286d62ec1663e25258f11eac3e6023b27094818081e81b9804,,
nhai,NHAI,agency,NHAI,All India,National Highway,secured_borrowings_inr_crore,193759.20760000002,INR crore,19375920.76,INR lakh,,2025-06-30,balance_sheet_snapshot,actual,NHAI_standalone_debt_working,2025-06-30,,nhai_financial_results_2025_26_to_2026_06,https://nhai.gov.in/nhai/sites/default/files/mix_file/Quarterly_Financials_for_the_Quarter_ended-on_30_June_2025.pdf,PDF p4; NHAI_standalone_debt_working; secured_borrowings_inr_crore; 2025-06-30 column,official_measured,True,ceec789c08d5a5e81cac05776bbd82030c1f9d9765798fc7133080387efdfe85,"Original INR lakh×0.01; unaudited limited-review authority filing, not CAG-audited. Publication day unknown. Financial periods retain their own observation cutoff, including reprinted comparatives. SEBI Working stock table; no sums of missing lease/short-term borrowing cells. September2025 uses the same-end-date YTD stock column consistent with its balance sheet. June2026 March2026 comparatives explicitly recast; original filing remains archived.",NHAI,2025,secured_borrowings_inr_crore,193759.20760000002,official_measured,official,,,,,,,,NHAI_standalone_debt_working|National Highway,,nhai,,,nhai,,2025-06-30,,2025-06-30,reported,limited_review_unaudited,ceec789c08d5a5e81cac05776bbd82030c1f9d9765798fc7133080387efdfe85,,
nhai,NHAI,agency,NHAI,All India,National Highway,secured_borrowings_inr_crore,192597.5866,INR crore,19259758.66,INR lakh,,2025-09-30,balance_sheet_snapshot,actual,NHAI_standalone_balance_sheet,2025-09-30,,nhai_financial_results_2025_26_to_2026_06,https://nhai.gov.in/nhai/sites/default/files/mix_file/Quarterly_Financials_for_the_Quarter_ended_on_30th_September_2025.pdf,PDF p2; NHAI_standalone_balance_sheet; secured_borrowings_inr_crore; 2025-09-30 column,official_measured,True,175094a77bd0bfe7b9022afd00b0c9959692bb10a55e571949276b141a765f07,"Original INR lakh×0.01; unaudited limited-review authority filing, not CAG-audited. Publication day unknown. Financial periods retain their own observation cutoff, including reprinted comparatives. Classic sources/applications statement; reported capital-road-work includes net fixed block. This original balance sheet is not silently restated using the separate SEBI Working table.",NHAI,2025,secured_borrowings_inr_crore,192597.5866,official_measured,official,,,,,,,,NHAI_standalone_balance_sheet|National Highway,,nhai,,,nhai,,2025-09-30,,2025-09-30,reported,limited_review_unaudited,175094a77bd0bfe7b9022afd00b0c9959692bb10a55e571949276b141a765f07,,
nhai,NHAI,agency,NHAI,All India,National Highway,secured_borrowings_inr_crore,192597.5866,INR crore,19259758.66,INR lakh,,2025-09-30,balance_sheet_snapshot,actual,NHAI_standalone_debt_working,2025-09-30,,nhai_financial_results_2025_26_to_2026_06,https://nhai.gov.in/nhai/sites/default/files/mix_file/Quarterly_Financials_for_the_Quarter_ended_on_30th_September_2025.pdf,PDF p6; NHAI_standalone_debt_working; secured_borrowings_inr_crore; 2025-09-30 column,official_measured,True,175094a77bd0bfe7b9022afd00b0c9959692bb10a55e571949276b141a765f07,"Original INR lakh×0.01; unaudited limited-review authority filing, not CAG-audited. Publication day unknown. Financial periods retain their own observation cutoff, including reprinted comparatives. SEBI Working stock table; no sums of missing lease/short-term borrowing cells. September2025 uses the same-end-date YTD stock column consistent with its balance sheet. June2026 March2026 comparatives explicitly recast; original filing remains archived.",NHAI,2025,secured_borrowings_inr_crore,192597.5866,official_measured,official,,,,,,,,NHAI_standalone_debt_working|National Highway,,nhai,,,nhai,,2025-09-30,,2025-09-30,reported,limited_review_unaudited,175094a77bd0bfe7b9022afd00b0c9959692bb10a55e571949276b141a765f07,,
nhai,NHAI,agency,NHAI,All India,National Highway,secured_borrowings_inr_crore,191915.3176,INR crore,19191531.76,INR lakh,,2025-12-31,balance_sheet_snapshot,actual,NHAI_standalone_debt_working,2025-12-31,,nhai_financial_results_2025_26_to_2026_06,https://nhai.gov.in/nhai/sites/default/files/mix_file/Quarterly_Financials_for_the_Quarter_ended_on_31st_December_2025.pdf,PDF p4; NHAI_standalone_debt_working; secured_borrowings_inr_crore; 2025-12-31 column,official_measured,True,84d6384e7ab6c246d80df7732ad640053c999a9339d16757f64a91185506a443,"Original INR lakh×0.01; unaudited limited-review authority filing, not CAG-audited. Publication day unknown. Financial periods retain their own observation cutoff, including reprinted comparatives. SEBI Working stock table; no sums of missing lease/short-term borrowing cells. September2025 uses the same-end-date YTD stock column consistent with its balance sheet. June2026 March2026 comparatives explicitly recast; original filing remains archived.",NHAI,2025,secured_borrowings_inr_crore,191915.3176,official_measured,official,,,,,,,,NHAI_standalone_debt_working|National Highway,,nhai,,,nhai,,2025-12-31,,2025-12-31,reported,limited_review_unaudited,84d6384e7ab6c246d80df7732ad640053c999a9339d16757f64a91185506a443,,
nhai,NHAI,agency,NHAI,All India,National Highway,secured_borrowings_inr_crore,188216.5722,INR crore,18821657.22,INR lakh,,2026-03-31,balance_sheet_snapshot,actual,NHAI_standalone_balance_sheet,2026-03-31,,nhai_financial_results_2025_26_to_2026_06,https://nhai.gov.in/nhai/sites/default/files/mix_file/Quarterly_Financials_for_the_Quarter_ended_on_31st_March_2026.pdf,PDF p2; NHAI_standalone_balance_sheet; secured_borrowings_inr_crore; 2026-03-31 column,official_measured,True,f5ec8c532d75ee286d62ec1663e25258f11eac3e6023b27094818081e81b9804,"Original INR lakh×0.01; unaudited limited-review authority filing, not CAG-audited. Publication day unknown. Financial periods retain their own observation cutoff, including reprinted comparatives. Classic sources/applications statement; reported capital-road-work includes net fixed block. This original balance sheet is not silently restated using the separate SEBI Working table.",NHAI,2026,secured_borrowings_inr_crore,188216.5722,official_measured,official,,,,,,,,NHAI_standalone_balance_sheet|National Highway,,nhai,,,nhai,,2026-03-31,,2026-03-31,reported,limited_review_unaudited,f5ec8c532d75ee286d62ec1663e25258f11eac3e6023b27094818081e81b9804,,
nhai,NHAI,agency,NHAI,All India,National Highway,secured_borrowings_inr_crore,188216.5722,INR crore,18821657.22,INR lakh,,2026-03-31,balance_sheet_snapshot,actual,NHAI_standalone_debt_working,2026-03-31,,nhai_financial_results_2025_26_to_2026_06,https://nhai.gov.in/nhai/sites/default/files/mix_file/Quarterly_Financials_for_the_Quarter_ended_on_30th_June_2026.pdf,PDF p4; NHAI_standalone_debt_working; secured_borrowings_inr_crore; 2026-03-31 column,official_measured,True,d3eb43cde399c827cfc0d7f12384559ec76120450bef526cfc75f3c1d7b799d0,"Original INR lakh×0.01; unaudited limited-review authority filing, not CAG-audited. Publication day unknown. Financial periods retain their own observation cutoff, including reprinted comparatives. SEBI Working stock table; no sums of missing lease/short-term borrowing cells. September2025 uses the same-end-date YTD stock column consistent with its balance sheet. June2026 March2026 comparatives explicitly recast; original filing remains archived.",NHAI,2026,secured_borrowings_inr_crore,188216.5722,official_measured,official,,,,,,,,NHAI_standalone_debt_working|National Highway,,nhai,,,nhai,,2026-06-30,,2026-03-31,revised,limited_review_unaudited,d3eb43cde399c827cfc0d7f12384559ec76120450bef526cfc75f3c1d7b799d0,,
nhai,NHAI,agency,NHAI,All India,National Highway,secured_borrowings_inr_crore,187303.7117,INR crore,18730371.17,INR lakh,,2026-06-30,balance_sheet_snapshot,actual,NHAI_standalone_debt_working,2026-06-30,,nhai_financial_results_2025_26_to_2026_06,https://nhai.gov.in/nhai/sites/default/files/mix_file/Quarterly_Financials_for_the_Quarter_ended_on_30th_June_2026.pdf,PDF p4; NHAI_standalone_debt_working; secured_borrowings_inr_crore; 2026-06-30 column,official_measured,True,d3eb43cde399c827cfc0d7f12384559ec76120450bef526cfc75f3c1d7b799d0,"Original INR lakh×0.01; unaudited limited-review authority filing, not CAG-audited. Publication day unknown. Financial periods retain their own observation cutoff, including reprinted comparatives. SEBI Working stock table; no sums of missing lease/short-term borrowing cells. September2025 uses the same-end-date YTD stock column consistent with its balance sheet. June2026 March2026 comparatives explicitly recast; original filing remains archived.",NHAI,2026,secured_borrowings_inr_crore,187303.7117,official_measured,official,,,,,,,,NHAI_standalone_debt_working|National Highway,,nhai,,,nhai,,2026-06-30,,2026-06-30,reported,limited_review_unaudited,d3eb43cde399c827cfc0d7f12384559ec76120450bef526cfc75f3c1d7b799d0,,
nhai,NHAI,agency,NHAI,All India,National Highway,small_value_assets_charged_off_inr_crore,0.0345,INR crore,3.45,INR lakh,2025-04-01,2025-06-30,fiscal_quarter,actual,NHAI_standalone_income_expenditure,2025-06-30,,nhai_financial_results_2025_26_to_2026_06,https://nhai.gov.in/nhai/sites/default/files/mix_file/Quarterly_Financials_for_the_Quarter_ended-on_30_June_2025.pdf,PDF p2; NHAI_standalone_income_expenditure; small_value_assets_charged_off_inr_crore; 2025-06-30 column,official_measured,True,ceec789c08d5a5e81cac05776bbd82030c1f9d9765798fc7133080387efdfe85,"Original INR lakh×0.01; unaudited limited-review authority filing, not CAG-audited. Publication day unknown. Financial periods retain their own observation cutoff, including reprinted comparatives. NHAI acts as implementing agency for Government assets; deficit is not a commercial operating margin. Quarter and fiscal YTD/annual are separate scopes. June2026 notes(g),(i) explicitly recast March2026 quarter/year comparatives.",NHAI,2025,small_value_assets_charged_off_inr_crore,0.0345,official_measured,official,,,,,,,,NHAI_standalone_income_expenditure|National Highway,,nhai,,,nhai,,2025-06-30,,2025-04-01 to 2025-06-30,reported,limited_review_unaudited,ceec789c08d5a5e81cac05776bbd82030c1f9d9765798fc7133080387efdfe85,,
nhai,NHAI,agency,NHAI,All India,National Highway,small_value_assets_charged_off_inr_crore,0.08789999999999999,INR crore,8.79,INR lakh,2025-04-01,2025-09-30,fiscal_year_ytd,actual,NHAI_standalone_income_expenditure,2025-09-30,,nhai_financial_results_2025_26_to_2026_06,https://nhai.gov.in/nhai/sites/default/files/mix_file/Quarterly_Financials_for_the_Quarter_ended_on_30th_September_2025.pdf,PDF p3; NHAI_standalone_income_expenditure; small_value_assets_charged_off_inr_crore; 2025-09-30 column,official_measured,True,175094a77bd0bfe7b9022afd00b0c9959692bb10a55e571949276b141a765f07,"Original INR lakh×0.01; unaudited limited-review authority filing, not CAG-audited. Publication day unknown. Financial periods retain their own observation cutoff, including reprinted comparatives. NHAI acts as implementing agency for Government assets; deficit is not a commercial operating margin. Quarter and fiscal YTD/annual are separate scopes. June2026 notes(g),(i) explicitly recast March2026 quarter/year comparatives.",NHAI,2025,small_value_assets_charged_off_inr_crore,0.08789999999999999,official_measured,official,,,,,,,,NHAI_standalone_income_expenditure|National Highway,,nhai,,,nhai,,2025-09-30,,2025-04-01 to 2025-09-30,reported,limited_review_unaudited,175094a77bd0bfe7b9022afd00b0c9959692bb10a55e571949276b141a765f07,,
nhai,NHAI,agency,NHAI,All India,National Highway,small_value_assets_charged_off_inr_crore,0.1374,INR crore,13.74,INR lakh,2025-04-01,2025-12-31,fiscal_year_ytd,actual,NHAI_standalone_income_expenditure,2025-12-31,,nhai_financial_results_2025_26_to_2026_06,https://nhai.gov.in/nhai/sites/default/files/mix_file/Quarterly_Financials_for_the_Quarter_ended_on_31st_December_2025.pdf,PDF p2; NHAI_standalone_income_expenditure; small_value_assets_charged_off_inr_crore; 2025-12-31 column,official_measured,True,84d6384e7ab6c246d80df7732ad640053c999a9339d16757f64a91185506a443,"Original INR lakh×0.01; unaudited limited-review authority filing, not CAG-audited. Publication day unknown. Financial periods retain their own observation cutoff, including reprinted comparatives. NHAI acts as implementing agency for Government assets; deficit is not a commercial operating margin. Quarter and fiscal YTD/annual are separate scopes. June2026 notes(g),(i) explicitly recast March2026 quarter/year comparatives.",NHAI,2025,small_value_assets_charged_off_inr_crore,0.1374,official_measured,official,,,,,,,,NHAI_standalone_income_expenditure|National Highway,,nhai,,,nhai,,2025-12-31,,2025-04-01 to 2025-12-31,reported,limited_review_unaudited,84d6384e7ab6c246d80df7732ad640053c999a9339d16757f64a91185506a443,,
nhai,NHAI,agency,NHAI,All India,National Highway,small_value_assets_charged_off_inr_crore,0.2446,INR crore,24.46,INR lakh,2025-04-01,2026-03-31,fiscal_year,actual,NHAI_standalone_income_expenditure,2026-03-31,,nhai_financial_results_2025_26_to_2026_06,https://nhai.gov.in/nhai/sites/default/files/mix_file/Quarterly_Financials_for_the_Quarter_ended_on_30th_June_2026.pdf,PDF p2; NHAI_standalone_income_expenditure; small_value_assets_charged_off_inr_crore; 2026-03-31 column,official_measured,True,d3eb43cde399c827cfc0d7f12384559ec76120450bef526cfc75f3c1d7b799d0,"Original INR lakh×0.01; unaudited limited-review authority filing, not CAG-audited. Publication day unknown. Financial periods retain their own observation cutoff, including reprinted comparatives. NHAI acts as implementing agency for Government assets; deficit is not a commercial operating margin. Quarter and fiscal YTD/annual are separate scopes. June2026 notes(g),(i) explicitly recast March2026 quarter/year comparatives.",NHAI,2026,small_value_assets_charged_off_inr_crore,0.2446,official_measured,official,,,,,,,,NHAI_standalone_income_expenditure|National Highway,,nhai,,,nhai,,2026-06-30,,2025-04-01 to 2026-03-31,revised,limited_review_unaudited,d3eb43cde399c827cfc0d7f12384559ec76120450bef526cfc75f3c1d7b799d0,,
nhai,NHAI,agency,NHAI,All India,National Highway,small_value_assets_charged_off_inr_crore,0.0534,INR crore,5.34,INR lakh,2025-07-01,2025-09-30,fiscal_quarter,actual,NHAI_standalone_income_expenditure,2025-09-30,,nhai_financial_results_2025_26_to_2026_06,https://nhai.gov.in/nhai/sites/default/files/mix_file/Quarterly_Financials_for_the_Quarter_ended_on_30th_September_2025.pdf,PDF p3; NHAI_standalone_income_expenditure; small_value_assets_charged_off_inr_crore; 2025-09-30 column,official_measured,True,175094a77bd0bfe7b9022afd00b0c9959692bb10a55e571949276b141a765f07,"Original INR lakh×0.01; unaudited limited-review authority filing, not CAG-audited. Publication day unknown. Financial periods retain their own observation cutoff, including reprinted comparatives. NHAI acts as implementing agency for Government assets; deficit is not a commercial operating margin. Quarter and fiscal YTD/annual are separate scopes. June2026 notes(g),(i) explicitly recast March2026 quarter/year comparatives.",NHAI,2025,small_value_assets_charged_off_inr_crore,0.0534,official_measured,official,,,,,,,,NHAI_standalone_income_expenditure|National Highway,,nhai,,,nhai,,2025-09-30,,2025-07-01 to 2025-09-30,reported,limited_review_unaudited,175094a77bd0bfe7b9022afd00b0c9959692bb10a55e571949276b141a765f07,,
nhai,NHAI,agency,NHAI,All India,National Highway,small_value_assets_charged_off_inr_crore,0.0495,INR crore,4.95,INR lakh,2025-10-01,2025-12-31,fiscal_quarter,actual,NHAI_standalone_income_expenditure,2025-12-31,,nhai_financial_results_2025_26_to_2026_06,https://nhai.gov.in/nhai/sites/default/files/mix_file/Quarterly_Financials_for_the_Quarter_ended_on_31st_December_2025.pdf,PDF p2; NHAI_standalone_income_expenditure; small_value_assets_charged_off_inr_crore; 2025-12-31 column,official_measured,True,84d6384e7ab6c246d80df7732ad640053c999a9339d16757f64a91185506a443,"Original INR lakh×0.01; unaudited limited-review authority filing, not CAG-audited. Publication day unknown. Financial periods retain their own observation cutoff, including reprinted comparatives. NHAI acts as implementing agency for Government assets; deficit is not a commercial operating margin. Quarter and fiscal YTD/annual are separate scopes. June2026 notes(g),(i) explicitly recast March2026 quarter/year comparatives.",NHAI,2025,small_value_assets_charged_off_inr_crore,0.0495,official_measured,official,,,,,,,,NHAI_standalone_income_expenditure|National Highway,,nhai,,,nhai,,2025-12-31,,2025-10-01 to 2025-12-31,reported,limited_review_unaudited,84d6384e7ab6c246d80df7732ad640053c999a9339d16757f64a91185506a443,,
nhai,NHAI,agency,NHAI,All India,National Highway,small_value_assets_charged_off_inr_crore,0.1072,INR crore,10.72,INR lakh,2026-01-01,2026-03-31,fiscal_quarter,actual,NHAI_standalone_income_expenditure,2026-03-31,,nhai_financial_results_2025_26_to_2026_06,https://nhai.gov.in/nhai/sites/default/files/mix_file/Quarterly_Financials_for_the_Quarter_ended_on_30th_June_2026.pdf,PDF p2; NHAI_standalone_income_expenditure; small_value_assets_charged_off_inr_crore; 2026-03-31 column,official_measured,True,d3eb43cde399c827cfc0d7f12384559ec76120450bef526cfc75f3c1d7b799d0,"Original INR lakh×0.01; unaudited limited-review authority filing, not CAG-audited. Publication day unknown. Financial periods retain their own observation cutoff, including reprinted comparatives. NHAI acts as implementing agency for Government assets; deficit is not a commercial operating margin. Quarter and fiscal YTD/annual are separate scopes. June2026 notes(g),(i) explicitly recast March2026 quarter/year comparatives.",NHAI,2026,small_value_assets_charged_off_inr_crore,0.1072,official_measured,official,,,,,,,,NHAI_standalone_income_expenditure|National Highway,,nhai,,,nhai,,2026-06-30,,2026-01-01 to 2026-03-31,revised,limited_review_unaudited,d3eb43cde399c827cfc0d7f12384559ec76120450bef526cfc75f3c1d7b799d0,,
nhai,NHAI,agency,NHAI,All India,National Highway,small_value_assets_charged_off_inr_crore,0.10869999999999999,INR crore,10.87,INR lakh,2026-04-01,2026-06-30,fiscal_quarter,actual,NHAI_standalone_income_expenditure,2026-06-30,,nhai_financial_results_2025_26_to_2026_06,https://nhai.gov.in/nhai/sites/default/files/mix_file/Quarterly_Financials_for_the_Quarter_ended_on_30th_June_2026.pdf,PDF p2; NHAI_standalone_income_expenditure; small_value_assets_charged_off_inr_crore; 2026-06-30 column,official_measured,True,d3eb43cde399c827cfc0d7f12384559ec76120450bef526cfc75f3c1d7b799d0,"Original INR lakh×0.01; unaudited limited-review authority filing, not CAG-audited. Publication day unknown. Financial periods retain their own observation cutoff, including reprinted comparatives. NHAI acts as implementing agency for Government assets; deficit is not a commercial operating margin. Quarter and fiscal YTD/annual are separate scopes. June2026 notes(g),(i) explicitly recast March2026 quarter/year comparatives.",NHAI,2026,small_value_assets_charged_off_inr_crore,0.10869999999999999,official_measured,official,,,,,,,,NHAI_standalone_income_expenditure|National Highway,,nhai,,,nhai,,2026-06-30,,2026-04-01 to 2026-06-30,reported,limited_review_unaudited,d3eb43cde399c827cfc0d7f12384559ec76120450bef526cfc75f3c1d7b799d0,,
nhai,NHAI,agency,NHAI,All India,National Highway,toll_adjusted_ploughback_cash_inr_crore,45357.0,INR crore,4535700.0,INR lakh,2025-04-01,2026-03-31,fiscal_year,actual,NHAI_standalone_cash_flow,2026-03-31,,nhai_financial_results_2025_26_to_2026_06,https://nhai.gov.in/nhai/sites/default/files/mix_file/Quarterly_Financials_for_the_Quarter_ended_on_31st_March_2026.pdf,PDF p4; NHAI_standalone_cash_flow; toll_adjusted_ploughback_cash_inr_crore; 2026-03-31 column,official_measured,True,f5ec8c532d75ee286d62ec1663e25258f11eac3e6023b27094818081e81b9804,"Original INR lakh×0.01; unaudited limited-review authority filing, not CAG-audited. Publication day unknown. Financial periods retain their own observation cutoff, including reprinted comparatives. Cash-flow bond interest differs from establishment finance charges. Adjusted toll ploughback cash is neither gross toll collection nor gross CFI deposit. Negative repayments retain their printed sign.",NHAI,2026,toll_adjusted_ploughback_cash_inr_crore,45357.0,official_measured,official,,,,,,,,NHAI_standalone_cash_flow|National Highway,,nhai,,,nhai,,2026-03-31,,2025-04-01 to 2026-03-31,reported,limited_review_unaudited,f5ec8c532d75ee286d62ec1663e25258f11eac3e6023b27094818081e81b9804,,
nhai,NHAI,agency,NHAI,All India,National Highway,toll_collection_inr_crore,8028.1152,INR crore,802811.52,INR lakh,2025-04-01,2025-06-30,fiscal_quarter,actual,NHAI_gross_toll_collections,2025-06-30,,nhai_financial_results_2025_26_to_2026_06,https://nhai.gov.in/nhai/sites/default/files/mix_file/Quarterly_Financials_for_the_Quarter_ended_on_30th_September_2025.pdf,PDF p7; NHAI_gross_toll_collections; toll_collection_inr_crore; 2025-06-30 column,official_measured,True,175094a77bd0bfe7b9022afd00b0c9959692bb10a55e571949276b141a765f07,"Original INR lakh×0.01; unaudited limited-review authority filing, not CAG-audited. Publication day unknown. Financial periods retain their own observation cutoff, including reprinted comparatives. Gross collections, CFI deposits, cash ploughback and contingent claims are separate metrics, not additive revenue. Claims in June2026 filing refer to31March2026; June-quarter claims were not compiled. Clipped December CFI deposit and March ambiguous comparative quarter label are omitted. September notes(g) explicitly recast June2025 comparative toll/claim figures.",NHAI,2025,toll_collection_inr_crore,8028.1152,official_measured,official,,,,,,,,NHAI_gross_toll_collections|National Highway,,nhai,,,nhai,,2025-09-30,,2025-04-01 to 2025-06-30,revised,limited_review_unaudited,175094a77bd0bfe7b9022afd00b0c9959692bb10a55e571949276b141a765f07,,
nhai,NHAI,agency,NHAI,All India,National Highway,toll_collection_inr_crore,9236.8985,INR crore,923689.85,INR lakh,2025-07-01,2025-09-30,fiscal_quarter,actual,NHAI_gross_toll_collections,2025-09-30,,nhai_financial_results_2025_26_to_2026_06,https://nhai.gov.in/nhai/sites/default/files/mix_file/Quarterly_Financials_for_the_Quarter_ended_on_30th_September_2025.pdf,PDF p7; NHAI_gross_toll_collections; toll_collection_inr_crore; 2025-09-30 column,official_measured,True,175094a77bd0bfe7b9022afd00b0c9959692bb10a55e571949276b141a765f07,"Original INR lakh×0.01; unaudited limited-review authority filing, not CAG-audited. Publication day unknown. Financial periods retain their own observation cutoff, including reprinted comparatives. Gross collections, CFI deposits, cash ploughback and contingent claims are separate metrics, not additive revenue. Claims in June2026 filing refer to31March2026; June-quarter claims were not compiled. Clipped December CFI deposit and March ambiguous comparative quarter label are omitted. September notes(g) explicitly recast June2025 comparative toll/claim figures.",NHAI,2025,toll_collection_inr_crore,9236.8985,official_measured,official,,,,,,,,NHAI_gross_toll_collections|National Highway,,nhai,,,nhai,,2025-09-30,,2025-07-01 to 2025-09-30,reported,limited_review_unaudited,175094a77bd0bfe7b9022afd00b0c9959692bb10a55e571949276b141a765f07,,
nhai,NHAI,agency,NHAI,All India,National Highway,toll_collection_inr_crore,8494.0221,INR crore,849402.21,INR lakh,2025-10-01,2025-12-31,fiscal_quarter,actual,NHAI_gross_toll_collections,2025-12-31,,nhai_financial_results_2025_26_to_2026_06,https://nhai.gov.in/nhai/sites/default/files/mix_file/Quarterly_Financials_for_the_Quarter_ended_on_31st_December_2025.pdf,PDF p5; NHAI_gross_toll_collections; toll_collection_inr_crore; 2025-12-31 column,official_measured,True,84d6384e7ab6c246d80df7732ad640053c999a9339d16757f64a91185506a443,"Original INR lakh×0.01; unaudited limited-review authority filing, not CAG-audited. Publication day unknown. Financial periods retain their own observation cutoff, including reprinted comparatives. Gross collections, CFI deposits, cash ploughback and contingent claims are separate metrics, not additive revenue. Claims in June2026 filing refer to31March2026; June-quarter claims were not compiled. Clipped December CFI deposit and March ambiguous comparative quarter label are omitted. September notes(g) explicitly recast June2025 comparative toll/claim figures.",NHAI,2025,toll_collection_inr_crore,8494.0221,official_measured,official,,,,,,,,NHAI_gross_toll_collections|National Highway,,nhai,,,nhai,,2025-12-31,,2025-10-01 to 2025-12-31,reported,limited_review_unaudited,84d6384e7ab6c246d80df7732ad640053c999a9339d16757f64a91185506a443,,
nhai,NHAI,agency,NHAI,All India,National Highway,toll_collection_inr_crore,10539.5287,INR crore,1053952.87,INR lakh,2026-01-01,2026-03-31,fiscal_quarter,actual,NHAI_gross_toll_collections,2026-03-31,,nhai_financial_results_2025_26_to_2026_06,https://nhai.gov.in/nhai/sites/default/files/mix_file/Quarterly_Financials_for_the_Quarter_ended_on_31st_March_2026.pdf,PDF p7; NHAI_gross_toll_collections; toll_collection_inr_crore; 2026-03-31 column,official_measured,True,f5ec8c532d75ee286d62ec1663e25258f11eac3e6023b27094818081e81b9804,"Original INR lakh×0.01; unaudited limited-review authority filing, not CAG-audited. Publication day unknown. Financial periods retain their own observation cutoff, including reprinted comparatives. Gross collections, CFI deposits, cash ploughback and contingent claims are separate metrics, not additive revenue. Claims in June2026 filing refer to31March2026; June-quarter claims were not compiled. Clipped December CFI deposit and March ambiguous comparative quarter label are omitted. September notes(g) explicitly recast June2025 comparative toll/claim figures.",NHAI,2026,toll_collection_inr_crore,10539.5287,official_measured,official,,,,,,,,NHAI_gross_toll_collections|National Highway,,nhai,,,nhai,,2026-03-31,,2026-01-01 to 2026-03-31,reported,limited_review_unaudited,f5ec8c532d75ee286d62ec1663e25258f11eac3e6023b27094818081e81b9804,,
nhai,NHAI,agency,NHAI,All India,National Highway,toll_collection_inr_crore,10692.0625,INR crore,1069206.25,INR lakh,2026-04-01,2026-06-30,fiscal_quarter,actual,NHAI_gross_toll_collections,2026-06-30,,nhai_financial_results_2025_26_to_2026_06,https://nhai.gov.in/nhai/sites/default/files/mix_file/Quarterly_Financials_for_the_Quarter_ended_on_30th_June_2026.pdf,PDF p5; NHAI_gross_toll_collections; toll_collection_inr_crore; 2026-06-30 column,official_measured,True,d3eb43cde399c827cfc0d7f12384559ec76120450bef526cfc75f3c1d7b799d0,"Original INR lakh×0.01; unaudited limited-review authority filing, not CAG-audited. Publication day unknown. Financial periods retain their own observation cutoff, including reprinted comparatives. Gross collections, CFI deposits, cash ploughback and contingent claims are separate metrics, not additive revenue. Claims in June2026 filing refer to31March2026; June-quarter claims were not compiled. Clipped December CFI deposit and March ambiguous comparative quarter label are omitted. September notes(g) explicitly recast June2025 comparative toll/claim figures.",NHAI,2026,toll_collection_inr_crore,10692.0625,official_measured,official,,,,,,,,NHAI_gross_toll_collections|National Highway,,nhai,,,nhai,,2026-06-30,,2026-04-01 to 2026-06-30,reported,limited_review_unaudited,d3eb43cde399c827cfc0d7f12384559ec76120450bef526cfc75f3c1d7b799d0,,
nhai,NHAI,agency,NHAI,All India,National Highway,toll_deposit_cfi_inr_crore,8071.9733,INR crore,807197.33,INR lakh,2025-04-01,2025-06-30,fiscal_quarter,actual,NHAI_toll_deposits_CFI,2025-06-30,,nhai_financial_results_2025_26_to_2026_06,https://nhai.gov.in/nhai/sites/default/files/mix_file/Quarterly_Financials_for_the_Quarter_ended_on_30th_September_2025.pdf,PDF p7; NHAI_toll_deposits_CFI; toll_deposit_cfi_inr_crore; 2025-06-30 column,official_measured,True,175094a77bd0bfe7b9022afd00b0c9959692bb10a55e571949276b141a765f07,"Original INR lakh×0.01; unaudited limited-review authority filing, not CAG-audited. Publication day unknown. Financial periods retain their own observation cutoff, including reprinted comparatives. Gross collections, CFI deposits, cash ploughback and contingent claims are separate metrics, not additive revenue. Claims in June2026 filing refer to31March2026; June-quarter claims were not compiled. Clipped December CFI deposit and March ambiguous comparative quarter label are omitted. September notes(g) explicitly recast June2025 comparative toll/claim figures.",NHAI,2025,toll_deposit_cfi_inr_crore,8071.9733,official_measured,official,,,,,,,,NHAI_toll_deposits_CFI|National Highway,,nhai,,,nhai,,2025-09-30,,2025-04-01 to 2025-06-30,revised,limited_review_unaudited,175094a77bd0bfe7b9022afd00b0c9959692bb10a55e571949276b141a765f07,,
nhai,NHAI,agency,NHAI,All India,National Highway,toll_deposit_cfi_inr_crore,8923.214100000001,INR crore,892321.41,INR lakh,2025-07-01,2025-09-30,fiscal_quarter,actual,NHAI_toll_deposits_CFI,2025-09-30,,nhai_financial_results_2025_26_to_2026_06,https://nhai.gov.in/nhai/sites/default/files/mix_file/Quarterly_Financials_for_the_Quarter_ended_on_30th_September_2025.pdf,PDF p7; NHAI_toll_deposits_CFI; toll_deposit_cfi_inr_crore; 2025-09-30 column,official_measured,True,175094a77bd0bfe7b9022afd00b0c9959692bb10a55e571949276b141a765f07,"Original INR lakh×0.01; unaudited limited-review authority filing, not CAG-audited. Publication day unknown. Financial periods retain their own observation cutoff, including reprinted comparatives. Gross collections, CFI deposits, cash ploughback and contingent claims are separate metrics, not additive revenue. Claims in June2026 filing refer to31March2026; June-quarter claims were not compiled. Clipped December CFI deposit and March ambiguous comparative quarter label are omitted. September notes(g) explicitly recast June2025 comparative toll/claim figures.",NHAI,2025,toll_deposit_cfi_inr_crore,8923.214100000001,official_measured,official,,,,,,,,NHAI_toll_deposits_CFI|National Highway,,nhai,,,nhai,,2025-09-30,,2025-07-01 to 2025-09-30,reported,limited_review_unaudited,175094a77bd0bfe7b9022afd00b0c9959692bb10a55e571949276b141a765f07,,
nhai,NHAI,agency,NHAI,All India,National Highway,toll_deposit_cfi_inr_crore,10169.380500000001,INR crore,1016938.05,INR lakh,2026-01-01,2026-03-31,fiscal_quarter,actual,NHAI_toll_deposits_CFI,2026-03-31,,nhai_financial_results_2025_26_to_2026_06,https://nhai.gov.in/nhai/sites/default/files/mix_file/Quarterly_Financials_for_the_Quarter_ended_on_31st_March_2026.pdf,PDF p7; NHAI_toll_deposits_CFI; toll_deposit_cfi_inr_crore; 2026-03-31 column,official_measured,True,f5ec8c532d75ee286d62ec1663e25258f11eac3e6023b27094818081e81b9804,"Original INR lakh×0.01; unaudited limited-review authority filing, not CAG-audited. Publication day unknown. Financial periods retain their own observation cutoff, including reprinted comparatives. Gross collections, CFI deposits, cash ploughback and contingent claims are separate metrics, not additive revenue. Claims in June2026 filing refer to31March2026; June-quarter claims were not compiled. Clipped December CFI deposit and March ambiguous comparative quarter label are omitted. September notes(g) explicitly recast June2025 comparative toll/claim figures.",NHAI,2026,toll_deposit_cfi_inr_crore,10169.380500000001,official_measured,official,,,,,,,,NHAI_toll_deposits_CFI|National Highway,,nhai,,,nhai,,2026-03-31,,2026-01-01 to 2026-03-31,reported,limited_review_unaudited,f5ec8c532d75ee286d62ec1663e25258f11eac3e6023b27094818081e81b9804,,
nhai,NHAI,agency,NHAI,All India,National Highway,toll_deposit_cfi_inr_crore,10700.8666,INR crore,1070086.66,INR lakh,2026-04-01,2026-06-30,fiscal_quarter,actual,NHAI_toll_deposits_CFI,2026-06-30,,nhai_financial_results_2025_26_to_2026_06,https://nhai.gov.in/nhai/sites/default/files/mix_file/Quarterly_Financials_for_the_Quarter_ended_on_30th_June_2026.pdf,PDF p5; NHAI_toll_deposits_CFI; toll_deposit_cfi_inr_crore; 2026-06-30 column,official_measured,True,d3eb43cde399c827cfc0d7f12384559ec76120450bef526cfc75f3c1d7b799d0,"Original INR lakh×0.01; unaudited limited-review authority filing, not CAG-audited. Publication day unknown. Financial periods retain their own observation cutoff, including reprinted comparatives. Gross collections, CFI deposits, cash ploughback and contingent claims are separate metrics, not additive revenue. Claims in June2026 filing refer to31March2026; June-quarter claims were not compiled. Clipped December CFI deposit and March ambiguous comparative quarter label are omitted. September notes(g) explicitly recast June2025 comparative toll/claim figures.",NHAI,2026,toll_deposit_cfi_inr_crore,10700.8666,official_measured,official,,,,,,,,NHAI_toll_deposits_CFI|National Highway,,nhai,,,nhai,,2026-06-30,,2026-04-01 to 2026-06-30,reported,limited_review_unaudited,d3eb43cde399c827cfc0d7f12384559ec76120450bef526cfc75f3c1d7b799d0,,
nhai,NHAI,agency,NHAI,All India,National Highway,total_assets_inr_crore,1309371.5479000001,INR crore,130937154.79,INR lakh,,2025-06-30,balance_sheet_snapshot,actual,NHAI_standalone_debt_working,2025-06-30,,nhai_financial_results_2025_26_to_2026_06,https://nhai.gov.in/nhai/sites/default/files/mix_file/Quarterly_Financials_for_the_Quarter_ended-on_30_June_2025.pdf,PDF p4; NHAI_standalone_debt_working; total_assets_inr_crore; 2025-06-30 column,official_measured,True,ceec789c08d5a5e81cac05776bbd82030c1f9d9765798fc7133080387efdfe85,"Original INR lakh×0.01; unaudited limited-review authority filing, not CAG-audited. Publication day unknown. Financial periods retain their own observation cutoff, including reprinted comparatives. SEBI Working stock table; no sums of missing lease/short-term borrowing cells. September2025 uses the same-end-date YTD stock column consistent with its balance sheet. June2026 March2026 comparatives explicitly recast; original filing remains archived.",NHAI,2025,total_assets_inr_crore,1309371.5479000001,official_measured,official,,,,,,,,NHAI_standalone_debt_working|National Highway,,nhai,,,nhai,,2025-06-30,,2025-06-30,reported,limited_review_unaudited,ceec789c08d5a5e81cac05776bbd82030c1f9d9765798fc7133080387efdfe85,,
nhai,NHAI,agency,NHAI,All India,National Highway,total_assets_inr_crore,1400535.5913,INR crore,140053559.13,INR lakh,,2025-09-30,balance_sheet_snapshot,actual,NHAI_standalone_debt_working,2025-09-30,,nhai_financial_results_2025_26_to_2026_06,https://nhai.gov.in/nhai/sites/default/files/mix_file/Quarterly_Financials_for_the_Quarter_ended_on_30th_September_2025.pdf,PDF p6; NHAI_standalone_debt_working; total_assets_inr_crore; 2025-09-30 column,official_measured,True,175094a77bd0bfe7b9022afd00b0c9959692bb10a55e571949276b141a765f07,"Original INR lakh×0.01; unaudited limited-review authority filing, not CAG-audited. Publication day unknown. Financial periods retain their own observation cutoff, including reprinted comparatives. SEBI Working stock table; no sums of missing lease/short-term borrowing cells. September2025 uses the same-end-date YTD stock column consistent with its balance sheet. June2026 March2026 comparatives explicitly recast; original filing remains archived.",NHAI,2025,total_assets_inr_crore,1400535.5913,official_measured,official,,,,,,,,NHAI_standalone_debt_working|National Highway,,nhai,,,nhai,,2025-09-30,,2025-09-30,reported,limited_review_unaudited,175094a77bd0bfe7b9022afd00b0c9959692bb10a55e571949276b141a765f07,,
nhai,NHAI,agency,NHAI,All India,National Highway,total_assets_inr_crore,1413208.3972999998,INR crore,141320839.73,INR lakh,,2025-12-31,balance_sheet_snapshot,actual,NHAI_standalone_debt_working,2025-12-31,,nhai_financial_results_2025_26_to_2026_06,https://nhai.gov.in/nhai/sites/default/files/mix_file/Quarterly_Financials_for_the_Quarter_ended_on_31st_December_2025.pdf,PDF p4; NHAI_standalone_debt_working; total_assets_inr_crore; 2025-12-31 column,official_measured,True,84d6384e7ab6c246d80df7732ad640053c999a9339d16757f64a91185506a443,"Original INR lakh×0.01; unaudited limited-review authority filing, not CAG-audited. Publication day unknown. Financial periods retain their own observation cutoff, including reprinted comparatives. SEBI Working stock table; no sums of missing lease/short-term borrowing cells. September2025 uses the same-end-date YTD stock column consistent with its balance sheet. June2026 March2026 comparatives explicitly recast; original filing remains archived.",NHAI,2025,total_assets_inr_crore,1413208.3972999998,official_measured,official,,,,,,,,NHAI_standalone_debt_working|National Highway,,nhai,,,nhai,,2025-12-31,,2025-12-31,reported,limited_review_unaudited,84d6384e7ab6c246d80df7732ad640053c999a9339d16757f64a91185506a443,,
nhai,NHAI,agency,NHAI,All India,National Highway,total_assets_inr_crore,1437862.3388999999,INR crore,143786233.89,INR lakh,,2026-03-31,balance_sheet_snapshot,actual,NHAI_standalone_debt_working,2026-03-31,,nhai_financial_results_2025_26_to_2026_06,https://nhai.gov.in/nhai/sites/default/files/mix_file/Quarterly_Financials_for_the_Quarter_ended_on_30th_June_2026.pdf,PDF p4; NHAI_standalone_debt_working; total_assets_inr_crore; 2026-03-31 column,official_measured,True,d3eb43cde399c827cfc0d7f12384559ec76120450bef526cfc75f3c1d7b799d0,"Original INR lakh×0.01; unaudited limited-review authority filing, not CAG-audited. Publication day unknown. Financial periods retain their own observation cutoff, including reprinted comparatives. SEBI Working stock table; no sums of missing lease/short-term borrowing cells. September2025 uses the same-end-date YTD stock column consistent with its balance sheet. June2026 March2026 comparatives explicitly recast; original filing remains archived.",NHAI,2026,total_assets_inr_crore,1437862.3388999999,official_measured,official,,,,,,,,NHAI_standalone_debt_working|National Highway,,nhai,,,nhai,,2026-06-30,,2026-03-31,revised,limited_review_unaudited,d3eb43cde399c827cfc0d7f12384559ec76120450bef526cfc75f3c1d7b799d0,,
nhai,NHAI,agency,NHAI,All India,National Highway,total_assets_inr_crore,1465842.545,INR crore,146584254.5,INR lakh,,2026-06-30,balance_sheet_snapshot,actual,NHAI_standalone_debt_working,2026-06-30,,nhai_financial_results_2025_26_to_2026_06,https://nhai.gov.in/nhai/sites/default/files/mix_file/Quarterly_Financials_for_the_Quarter_ended_on_30th_June_2026.pdf,PDF p4; NHAI_standalone_debt_working; total_assets_inr_crore; 2026-06-30 column,official_measured,True,d3eb43cde399c827cfc0d7f12384559ec76120450bef526cfc75f3c1d7b799d0,"Original INR lakh×0.01; unaudited limited-review authority filing, not CAG-audited. Publication day unknown. Financial periods retain their own observation cutoff, including reprinted comparatives. SEBI Working stock table; no sums of missing lease/short-term borrowing cells. September2025 uses the same-end-date YTD stock column consistent with its balance sheet. June2026 March2026 comparatives explicitly recast; original filing remains archived.",NHAI,2026,total_assets_inr_crore,1465842.545,official_measured,official,,,,,,,,NHAI_standalone_debt_working|National Highway,,nhai,,,nhai,,2026-06-30,,2026-06-30,reported,limited_review_unaudited,d3eb43cde399c827cfc0d7f12384559ec76120450bef526cfc75f3c1d7b799d0,,
nhai,NHAI,agency,NHAI,All India,National Highway,total_expenditure_inr_crore,1287.8474,INR crore,128784.74,INR lakh,2025-04-01,2025-06-30,fiscal_quarter,actual,NHAI_standalone_income_expenditure,2025-06-30,,nhai_financial_results_2025_26_to_2026_06,https://nhai.gov.in/nhai/sites/default/files/mix_file/Quarterly_Financials_for_the_Quarter_ended-on_30_June_2025.pdf,PDF p2; NHAI_standalone_income_expenditure; total_expenditure_inr_crore; 2025-06-30 column,official_measured,True,ceec789c08d5a5e81cac05776bbd82030c1f9d9765798fc7133080387efdfe85,"Original INR lakh×0.01; unaudited limited-review authority filing, not CAG-audited. Publication day unknown. Financial periods retain their own observation cutoff, including reprinted comparatives. NHAI acts as implementing agency for Government assets; deficit is not a commercial operating margin. Quarter and fiscal YTD/annual are separate scopes. June2026 notes(g),(i) explicitly recast March2026 quarter/year comparatives.",NHAI,2025,total_expenditure_inr_crore,1287.8474,official_measured,official,,,,,,,,NHAI_standalone_income_expenditure|National Highway,,nhai,,,nhai,,2025-06-30,,2025-04-01 to 2025-06-30,reported,limited_review_unaudited,ceec789c08d5a5e81cac05776bbd82030c1f9d9765798fc7133080387efdfe85,,
nhai,NHAI,agency,NHAI,All India,National Highway,total_expenditure_inr_crore,3252.5444,INR crore,325254.44,INR lakh,2025-04-01,2025-09-30,fiscal_year_ytd,actual,NHAI_standalone_income_expenditure,2025-09-30,,nhai_financial_results_2025_26_to_2026_06,https://nhai.gov.in/nhai/sites/default/files/mix_file/Quarterly_Financials_for_the_Quarter_ended_on_30th_September_2025.pdf,PDF p3; NHAI_standalone_income_expenditure; total_expenditure_inr_crore; 2025-09-30 column,official_measured,True,175094a77bd0bfe7b9022afd00b0c9959692bb10a55e571949276b141a765f07,"Original INR lakh×0.01; unaudited limited-review authority filing, not CAG-audited. Publication day unknown. Financial periods retain their own observation cutoff, including reprinted comparatives. NHAI acts as implementing agency for Government assets; deficit is not a commercial operating margin. Quarter and fiscal YTD/annual are separate scopes. June2026 notes(g),(i) explicitly recast March2026 quarter/year comparatives.",NHAI,2025,total_expenditure_inr_crore,3252.5444,official_measured,official,,,,,,,,NHAI_standalone_income_expenditure|National Highway,,nhai,,,nhai,,2025-09-30,,2025-04-01 to 2025-09-30,reported,limited_review_unaudited,175094a77bd0bfe7b9022afd00b0c9959692bb10a55e571949276b141a765f07,,
nhai,NHAI,agency,NHAI,All India,National Highway,total_expenditure_inr_crore,5823.918299999999,INR crore,582391.83,INR lakh,2025-04-01,2025-12-31,fiscal_year_ytd,actual,NHAI_standalone_income_expenditure,2025-12-31,,nhai_financial_results_2025_26_to_2026_06,https://nhai.gov.in/nhai/sites/default/files/mix_file/Quarterly_Financials_for_the_Quarter_ended_on_31st_December_2025.pdf,PDF p2; NHAI_standalone_income_expenditure; total_expenditure_inr_crore; 2025-12-31 column,official_measured,True,84d6384e7ab6c246d80df7732ad640053c999a9339d16757f64a91185506a443,"Original INR lakh×0.01; unaudited limited-review authority filing, not CAG-audited. Publication day unknown. Financial periods retain their own observation cutoff, including reprinted comparatives. NHAI acts as implementing agency for Government assets; deficit is not a commercial operating margin. Quarter and fiscal YTD/annual are separate scopes. June2026 notes(g),(i) explicitly recast March2026 quarter/year comparatives.",NHAI,2025,total_expenditure_inr_crore,5823.918299999999,official_measured,official,,,,,,,,NHAI_standalone_income_expenditure|National Highway,,nhai,,,nhai,,2025-12-31,,2025-04-01 to 2025-12-31,reported,limited_review_unaudited,84d6384e7ab6c246d80df7732ad640053c999a9339d16757f64a91185506a443,,
nhai,NHAI,agency,NHAI,All India,National Highway,total_expenditure_inr_crore,9999.0203,INR crore,999902.03,INR lakh,2025-04-01,2026-03-31,fiscal_year,actual,NHAI_standalone_income_expenditure,2026-03-31,,nhai_financial_results_2025_26_to_2026_06,https://nhai.gov.in/nhai/sites/default/files/mix_file/Quarterly_Financials_for_the_Quarter_ended_on_30th_June_2026.pdf,PDF p2; NHAI_standalone_income_expenditure; total_expenditure_inr_crore; 2026-03-31 column,official_measured,True,d3eb43cde399c827cfc0d7f12384559ec76120450bef526cfc75f3c1d7b799d0,"Original INR lakh×0.01; unaudited limited-review authority filing, not CAG-audited. Publication day unknown. Financial periods retain their own observation cutoff, including reprinted comparatives. NHAI acts as implementing agency for Government assets; deficit is not a commercial operating margin. Quarter and fiscal YTD/annual are separate scopes. June2026 notes(g),(i) explicitly recast March2026 quarter/year comparatives.",NHAI,2026,total_expenditure_inr_crore,9999.0203,official_measured,official,,,,,,,,NHAI_standalone_income_expenditure|National Highway,,nhai,,,nhai,,2026-06-30,,2025-04-01 to 2026-03-31,revised,limited_review_unaudited,d3eb43cde399c827cfc0d7f12384559ec76120450bef526cfc75f3c1d7b799d0,,
nhai,NHAI,agency,NHAI,All India,National Highway,total_expenditure_inr_crore,1964.6970000000001,INR crore,196469.7,INR lakh,2025-07-01,2025-09-30,fiscal_quarter,actual,NHAI_standalone_income_expenditure,2025-09-30,,nhai_financial_results_2025_26_to_2026_06,https://nhai.gov.in/nhai/sites/default/files/mix_file/Quarterly_Financials_for_the_Quarter_ended_on_30th_September_2025.pdf,PDF p3; NHAI_standalone_income_expenditure; total_expenditure_inr_crore; 2025-09-30 column,official_measured,True,175094a77bd0bfe7b9022afd00b0c9959692bb10a55e571949276b141a765f07,"Original INR lakh×0.01; unaudited limited-review authority filing, not CAG-audited. Publication day unknown. Financial periods retain their own observation cutoff, including reprinted comparatives. NHAI acts as implementing agency for Government assets; deficit is not a commercial operating margin. Quarter and fiscal YTD/annual are separate scopes. June2026 notes(g),(i) explicitly recast March2026 quarter/year comparatives.",NHAI,2025,total_expenditure_inr_crore,1964.6970000000001,official_measured,official,,,,,,,,NHAI_standalone_income_expenditure|National Highway,,nhai,,,nhai,,2025-09-30,,2025-07-01 to 2025-09-30,reported,limited_review_unaudited,175094a77bd0bfe7b9022afd00b0c9959692bb10a55e571949276b141a765f07,,
nhai,NHAI,agency,NHAI,All India,National Highway,total_expenditure_inr_crore,2571.3739,INR crore,257137.39,INR lakh,2025-10-01,2025-12-31,fiscal_quarter,actual,NHAI_standalone_income_expenditure,2025-12-31,,nhai_financial_results_2025_26_to_2026_06,https://nhai.gov.in/nhai/sites/default/files/mix_file/Quarterly_Financials_for_the_Quarter_ended_on_31st_December_2025.pdf,PDF p2; NHAI_standalone_income_expenditure; total_expenditure_inr_crore; 2025-12-31 column,official_measured,True,84d6384e7ab6c246d80df7732ad640053c999a9339d16757f64a91185506a443,"Original INR lakh×0.01; unaudited limited-review authority filing, not CAG-audited. Publication day unknown. Financial periods retain their own observation cutoff, including reprinted comparatives. NHAI acts as implementing agency for Government assets; deficit is not a commercial operating margin. Quarter and fiscal YTD/annual are separate scopes. June2026 notes(g),(i) explicitly recast March2026 quarter/year comparatives.",NHAI,2025,total_expenditure_inr_crore,2571.3739,official_measured,official,,,,,,,,NHAI_standalone_income_expenditure|National Highway,,nhai,,,nhai,,2025-12-31,,2025-10-01 to 2025-12-31,reported,limited_review_unaudited,84d6384e7ab6c246d80df7732ad640053c999a9339d16757f64a91185506a443,,
nhai,NHAI,agency,NHAI,All India,National Highway,total_expenditure_inr_crore,4175.102,INR crore,417510.2,INR lakh,2026-01-01,2026-03-31,fiscal_quarter,actual,NHAI_standalone_income_expenditure,2026-03-31,,nhai_financial_results_2025_26_to_2026_06,https://nhai.gov.in/nhai/sites/default/files/mix_file/Quarterly_Financials_for_the_Quarter_ended_on_30th_June_2026.pdf,PDF p2; NHAI_standalone_income_expenditure; total_expenditure_inr_crore; 2026-03-31 column,official_measured,True,d3eb43cde399c827cfc0d7f12384559ec76120450bef526cfc75f3c1d7b799d0,"Original INR lakh×0.01; unaudited limited-review authority filing, not CAG-audited. Publication day unknown. Financial periods retain their own observation cutoff, including reprinted comparatives. NHAI acts as implementing agency for Government assets; deficit is not a commercial operating margin. Quarter and fiscal YTD/annual are separate scopes. June2026 notes(g),(i) explicitly recast March2026 quarter/year comparatives.",NHAI,2026,total_expenditure_inr_crore,4175.102,official_measured,official,,,,,,,,NHAI_standalone_income_expenditure|National Highway,,nhai,,,nhai,,2026-06-30,,2026-01-01 to 2026-03-31,revised,limited_review_unaudited,d3eb43cde399c827cfc0d7f12384559ec76120450bef526cfc75f3c1d7b799d0,,
nhai,NHAI,agency,NHAI,All India,National Highway,total_expenditure_inr_crore,2137.0889,INR crore,213708.89,INR lakh,2026-04-01,2026-06-30,fiscal_quarter,actual,NHAI_standalone_income_expenditure,2026-06-30,,nhai_financial_results_2025_26_to_2026_06,https://nhai.gov.in/nhai/sites/default/files/mix_file/Quarterly_Financials_for_the_Quarter_ended_on_30th_June_2026.pdf,PDF p2; NHAI_standalone_income_expenditure; total_expenditure_inr_crore; 2026-06-30 column,official_measured,True,d3eb43cde399c827cfc0d7f12384559ec76120450bef526cfc75f3c1d7b799d0,"Original INR lakh×0.01; unaudited limited-review authority filing, not CAG-audited. Publication day unknown. Financial periods retain their own observation cutoff, including reprinted comparatives. NHAI acts as implementing agency for Government assets; deficit is not a commercial operating margin. Quarter and fiscal YTD/annual are separate scopes. June2026 notes(g),(i) explicitly recast March2026 quarter/year comparatives.",NHAI,2026,total_expenditure_inr_crore,2137.0889,official_measured,official,,,,,,,,NHAI_standalone_income_expenditure|National Highway,,nhai,,,nhai,,2026-06-30,,2026-04-01 to 2026-06-30,reported,limited_review_unaudited,d3eb43cde399c827cfc0d7f12384559ec76120450bef526cfc75f3c1d7b799d0,,
nhai,NHAI,agency,NHAI,All India,National Highway,total_income_inr_crore,722.6231,INR crore,72262.31,INR lakh,2025-04-01,2025-06-30,fiscal_quarter,actual,NHAI_standalone_income_expenditure,2025-06-30,,nhai_financial_results_2025_26_to_2026_06,https://nhai.gov.in/nhai/sites/default/files/mix_file/Quarterly_Financials_for_the_Quarter_ended-on_30_June_2025.pdf,PDF p2; NHAI_standalone_income_expenditure; total_income_inr_crore; 2025-06-30 column,official_measured,True,ceec789c08d5a5e81cac05776bbd82030c1f9d9765798fc7133080387efdfe85,"Original INR lakh×0.01; unaudited limited-review authority filing, not CAG-audited. Publication day unknown. Financial periods retain their own observation cutoff, including reprinted comparatives. NHAI acts as implementing agency for Government assets; deficit is not a commercial operating margin. Quarter and fiscal YTD/annual are separate scopes. June2026 notes(g),(i) explicitly recast March2026 quarter/year comparatives.",NHAI,2025,total_income_inr_crore,722.6231,official_measured,official,,,,,,,,NHAI_standalone_income_expenditure|National Highway,,nhai,,,nhai,,2025-06-30,,2025-04-01 to 2025-06-30,reported,limited_review_unaudited,ceec789c08d5a5e81cac05776bbd82030c1f9d9765798fc7133080387efdfe85,,
nhai,NHAI,agency,NHAI,All India,National Highway,total_income_inr_crore,1459.4288000000001,INR crore,145942.88,INR lakh,2025-04-01,2025-09-30,fiscal_year_ytd,actual,NHAI_standalone_income_expenditure,2025-09-30,,nhai_financial_results_2025_26_to_2026_06,https://nhai.gov.in/nhai/sites/default/files/mix_file/Quarterly_Financials_for_the_Quarter_ended_on_30th_September_2025.pdf,PDF p3; NHAI_standalone_income_expenditure; total_income_inr_crore; 2025-09-30 column,official_measured,True,175094a77bd0bfe7b9022afd00b0c9959692bb10a55e571949276b141a765f07,"Original INR lakh×0.01; unaudited limited-review authority filing, not CAG-audited. Publication day unknown. Financial periods retain their own observation cutoff, including reprinted comparatives. NHAI acts as implementing agency for Government assets; deficit is not a commercial operating margin. Quarter and fiscal YTD/annual are separate scopes. June2026 notes(g),(i) explicitly recast March2026 quarter/year comparatives.",NHAI,2025,total_income_inr_crore,1459.4288000000001,official_measured,official,,,,,,,,NHAI_standalone_income_expenditure|National Highway,,nhai,,,nhai,,2025-09-30,,2025-04-01 to 2025-09-30,reported,limited_review_unaudited,175094a77bd0bfe7b9022afd00b0c9959692bb10a55e571949276b141a765f07,,
nhai,NHAI,agency,NHAI,All India,National Highway,total_income_inr_crore,2899.6522999999997,INR crore,289965.23,INR lakh,2025-04-01,2025-12-31,fiscal_year_ytd,actual,NHAI_standalone_income_expenditure,2025-12-31,,nhai_financial_results_2025_26_to_2026_06,https://nhai.gov.in/nhai/sites/default/files/mix_file/Quarterly_Financials_for_the_Quarter_ended_on_31st_December_2025.pdf,PDF p2; NHAI_standalone_income_expenditure; total_income_inr_crore; 2025-12-31 column,official_measured,True,84d6384e7ab6c246d80df7732ad640053c999a9339d16757f64a91185506a443,"Original INR lakh×0.01; unaudited limited-review authority filing, not CAG-audited. Publication day unknown. Financial periods retain their own observation cutoff, including reprinted comparatives. NHAI acts as implementing agency for Government assets; deficit is not a commercial operating margin. Quarter and fiscal YTD/annual are separate scopes. June2026 notes(g),(i) explicitly recast March2026 quarter/year comparatives.",NHAI,2025,total_income_inr_crore,2899.6522999999997,official_measured,official,,,,,,,,NHAI_standalone_income_expenditure|National Highway,,nhai,,,nhai,,2025-12-31,,2025-04-01 to 2025-12-31,reported,limited_review_unaudited,84d6384e7ab6c246d80df7732ad640053c999a9339d16757f64a91185506a443,,
nhai,NHAI,agency,NHAI,All India,National Highway,total_income_inr_crore,3714.3221999999996,INR crore,371432.22,INR lakh,2025-04-01,2026-03-31,fiscal_year,actual,NHAI_standalone_income_expenditure,2026-03-31,,nhai_financial_results_2025_26_to_2026_06,https://nhai.gov.in/nhai/sites/default/files/mix_file/Quarterly_Financials_for_the_Quarter_ended_on_30th_June_2026.pdf,PDF p2; NHAI_standalone_income_expenditure; total_income_inr_crore; 2026-03-31 column,official_measured,True,d3eb43cde399c827cfc0d7f12384559ec76120450bef526cfc75f3c1d7b799d0,"Original INR lakh×0.01; unaudited limited-review authority filing, not CAG-audited. Publication day unknown. Financial periods retain their own observation cutoff, including reprinted comparatives. NHAI acts as implementing agency for Government assets; deficit is not a commercial operating margin. Quarter and fiscal YTD/annual are separate scopes. June2026 notes(g),(i) explicitly recast March2026 quarter/year comparatives.",NHAI,2026,total_income_inr_crore,3714.3221999999996,official_measured,official,,,,,,,,NHAI_standalone_income_expenditure|National Highway,,nhai,,,nhai,,2026-06-30,,2025-04-01 to 2026-03-31,revised,limited_review_unaudited,d3eb43cde399c827cfc0d7f12384559ec76120450bef526cfc75f3c1d7b799d0,,
nhai,NHAI,agency,NHAI,All India,National Highway,total_income_inr_crore,736.8057000000001,INR crore,73680.57,INR lakh,2025-07-01,2025-09-30,fiscal_quarter,actual,NHAI_standalone_income_expenditure,2025-09-30,,nhai_financial_results_2025_26_to_2026_06,https://nhai.gov.in/nhai/sites/default/files/mix_file/Quarterly_Financials_for_the_Quarter_ended_on_30th_September_2025.pdf,PDF p3; NHAI_standalone_income_expenditure; total_income_inr_crore; 2025-09-30 column,official_measured,True,175094a77bd0bfe7b9022afd00b0c9959692bb10a55e571949276b141a765f07,"Original INR lakh×0.01; unaudited limited-review authority filing, not CAG-audited. Publication day unknown. Financial periods retain their own observation cutoff, including reprinted comparatives. NHAI acts as implementing agency for Government assets; deficit is not a commercial operating margin. Quarter and fiscal YTD/annual are separate scopes. June2026 notes(g),(i) explicitly recast March2026 quarter/year comparatives.",NHAI,2025,total_income_inr_crore,736.8057000000001,official_measured,official,,,,,,,,NHAI_standalone_income_expenditure|National Highway,,nhai,,,nhai,,2025-09-30,,2025-07-01 to 2025-09-30,reported,limited_review_unaudited,175094a77bd0bfe7b9022afd00b0c9959692bb10a55e571949276b141a765f07,,
nhai,NHAI,agency,NHAI,All India,National Highway,total_income_inr_crore,1440.2235,INR crore,144022.35,INR lakh,2025-10-01,2025-12-31,fiscal_quarter,actual,NHAI_standalone_income_expenditure,2025-12-31,,nhai_financial_results_2025_26_to_2026_06,https://nhai.gov.in/nhai/sites/default/files/mix_file/Quarterly_Financials_for_the_Quarter_ended_on_31st_December_2025.pdf,PDF p2; NHAI_standalone_income_expenditure; total_income_inr_crore; 2025-12-31 column,official_measured,True,84d6384e7ab6c246d80df7732ad640053c999a9339d16757f64a91185506a443,"Original INR lakh×0.01; unaudited limited-review authority filing, not CAG-audited. Publication day unknown. Financial periods retain their own observation cutoff, including reprinted comparatives. NHAI acts as implementing agency for Government assets; deficit is not a commercial operating margin. Quarter and fiscal YTD/annual are separate scopes. June2026 notes(g),(i) explicitly recast March2026 quarter/year comparatives.",NHAI,2025,total_income_inr_crore,1440.2235,official_measured,official,,,,,,,,NHAI_standalone_income_expenditure|National Highway,,nhai,,,nhai,,2025-12-31,,2025-10-01 to 2025-12-31,reported,limited_review_unaudited,84d6384e7ab6c246d80df7732ad640053c999a9339d16757f64a91185506a443,,
nhai,NHAI,agency,NHAI,All India,National Highway,total_income_inr_crore,814.6699000000001,INR crore,81466.99,INR lakh,2026-01-01,2026-03-31,fiscal_quarter,actual,NHAI_standalone_income_expenditure,2026-03-31,,nhai_financial_results_2025_26_to_2026_06,https://nhai.gov.in/nhai/sites/default/files/mix_file/Quarterly_Financials_for_the_Quarter_ended_on_30th_June_2026.pdf,PDF p2; NHAI_standalone_income_expenditure; total_income_inr_crore; 2026-03-31 column,official_measured,True,d3eb43cde399c827cfc0d7f12384559ec76120450bef526cfc75f3c1d7b799d0,"Original INR lakh×0.01; unaudited limited-review authority filing, not CAG-audited. Publication day unknown. Financial periods retain their own observation cutoff, including reprinted comparatives. NHAI acts as implementing agency for Government assets; deficit is not a commercial operating margin. Quarter and fiscal YTD/annual are separate scopes. June2026 notes(g),(i) explicitly recast March2026 quarter/year comparatives.",NHAI,2026,total_income_inr_crore,814.6699000000001,official_measured,official,,,,,,,,NHAI_standalone_income_expenditure|National Highway,,nhai,,,nhai,,2026-06-30,,2026-01-01 to 2026-03-31,revised,limited_review_unaudited,d3eb43cde399c827cfc0d7f12384559ec76120450bef526cfc75f3c1d7b799d0,,
nhai,NHAI,agency,NHAI,All India,National Highway,total_income_inr_crore,770.6931,INR crore,77069.31,INR lakh,2026-04-01,2026-06-30,fiscal_quarter,actual,NHAI_standalone_income_expenditure,2026-06-30,,nhai_financial_results_2025_26_to_2026_06,https://nhai.gov.in/nhai/sites/default/files/mix_file/Quarterly_Financials_for_the_Quarter_ended_on_30th_June_2026.pdf,PDF p2; NHAI_standalone_income_expenditure; total_income_inr_crore; 2026-06-30 column,official_measured,True,d3eb43cde399c827cfc0d7f12384559ec76120450bef526cfc75f3c1d7b799d0,"Original INR lakh×0.01; unaudited limited-review authority filing, not CAG-audited. Publication day unknown. Financial periods retain their own observation cutoff, including reprinted comparatives. NHAI acts as implementing agency for Government assets; deficit is not a commercial operating margin. Quarter and fiscal YTD/annual are separate scopes. June2026 notes(g),(i) explicitly recast March2026 quarter/year comparatives.",NHAI,2026,total_income_inr_crore,770.6931,official_measured,official,,,,,,,,NHAI_standalone_income_expenditure|National Highway,,nhai,,,nhai,,2026-06-30,,2026-04-01 to 2026-06-30,reported,limited_review_unaudited,d3eb43cde399c827cfc0d7f12384559ec76120450bef526cfc75f3c1d7b799d0,,
nhai,NHAI,agency,NHAI,All India,National Highway,unsecured_borrowings_inr_crore,47853.012800000004,INR crore,4785301.28,INR lakh,,2025-09-30,balance_sheet_snapshot,actual,NHAI_standalone_balance_sheet,2025-09-30,,nhai_financial_results_2025_26_to_2026_06,https://nhai.gov.in/nhai/sites/default/files/mix_file/Quarterly_Financials_for_the_Quarter_ended_on_30th_September_2025.pdf,PDF p2; NHAI_standalone_balance_sheet; unsecured_borrowings_inr_crore; 2025-09-30 column,official_measured,True,175094a77bd0bfe7b9022afd00b0c9959692bb10a55e571949276b141a765f07,"Original INR lakh×0.01; unaudited limited-review authority filing, not CAG-audited. Publication day unknown. Financial periods retain their own observation cutoff, including reprinted comparatives. Classic sources/applications statement; reported capital-road-work includes net fixed block. This original balance sheet is not silently restated using the separate SEBI Working table.",NHAI,2025,unsecured_borrowings_inr_crore,47853.012800000004,official_measured,official,,,,,,,,NHAI_standalone_balance_sheet|National Highway,,nhai,,,nhai,,2025-09-30,,2025-09-30,reported,limited_review_unaudited,175094a77bd0bfe7b9022afd00b0c9959692bb10a55e571949276b141a765f07,,
nhai,NHAI,agency,NHAI,All India,National Highway,unsecured_borrowings_inr_crore,14059.1451,INR crore,1405914.51,INR lakh,,2026-03-31,balance_sheet_snapshot,actual,NHAI_standalone_balance_sheet,2026-03-31,,nhai_financial_results_2025_26_to_2026_06,https://nhai.gov.in/nhai/sites/default/files/mix_file/Quarterly_Financials_for_the_Quarter_ended_on_31st_March_2026.pdf,PDF p2; NHAI_standalone_balance_sheet; unsecured_borrowings_inr_crore; 2026-03-31 column,official_measured,True,f5ec8c532d75ee286d62ec1663e25258f11eac3e6023b27094818081e81b9804,"Original INR lakh×0.01; unaudited limited-review authority filing, not CAG-audited. Publication day unknown. Financial periods retain their own observation cutoff, including reprinted comparatives. Classic sources/applications statement; reported capital-road-work includes net fixed block. This original balance sheet is not silently restated using the separate SEBI Working table.",NHAI,2026,unsecured_borrowings_inr_crore,14059.1451,official_measured,official,,,,,,,,NHAI_standalone_balance_sheet|National Highway,,nhai,,,nhai,,2026-03-31,,2026-03-31,reported,limited_review_unaudited,f5ec8c532d75ee286d62ec1663e25258f11eac3e6023b27094818081e81b9804,,
nhai,NHAI,agency,NHAI,All India,National Highway,work_expenses_inr_crore,1135.2076,INR crore,113520.76,INR lakh,2025-04-01,2025-06-30,fiscal_quarter,actual,NHAI_standalone_income_expenditure,2025-06-30,,nhai_financial_results_2025_26_to_2026_06,https://nhai.gov.in/nhai/sites/default/files/mix_file/Quarterly_Financials_for_the_Quarter_ended-on_30_June_2025.pdf,PDF p2; NHAI_standalone_income_expenditure; work_expenses_inr_crore; 2025-06-30 column,official_measured,True,ceec789c08d5a5e81cac05776bbd82030c1f9d9765798fc7133080387efdfe85,"Original INR lakh×0.01; unaudited limited-review authority filing, not CAG-audited. Publication day unknown. Financial periods retain their own observation cutoff, including reprinted comparatives. NHAI acts as implementing agency for Government assets; deficit is not a commercial operating margin. Quarter and fiscal YTD/annual are separate scopes. June2026 notes(g),(i) explicitly recast March2026 quarter/year comparatives.",NHAI,2025,work_expenses_inr_crore,1135.2076,official_measured,official,,,,,,,,NHAI_standalone_income_expenditure|National Highway,,nhai,,,nhai,,2025-06-30,,2025-04-01 to 2025-06-30,reported,limited_review_unaudited,ceec789c08d5a5e81cac05776bbd82030c1f9d9765798fc7133080387efdfe85,,
nhai,NHAI,agency,NHAI,All India,National Highway,work_expenses_inr_crore,2835.9661,INR crore,283596.61,INR lakh,2025-04-01,2025-09-30,fiscal_year_ytd,actual,NHAI_standalone_income_expenditure,2025-09-30,,nhai_financial_results_2025_26_to_2026_06,https://nhai.gov.in/nhai/sites/default/files/mix_file/Quarterly_Financials_for_the_Quarter_ended_on_30th_September_2025.pdf,PDF p3; NHAI_standalone_income_expenditure; work_expenses_inr_crore; 2025-09-30 column,official_measured,True,175094a77bd0bfe7b9022afd00b0c9959692bb10a55e571949276b141a765f07,"Original INR lakh×0.01; unaudited limited-review authority filing, not CAG-audited. Publication day unknown. Financial periods retain their own observation cutoff, including reprinted comparatives. NHAI acts as implementing agency for Government assets; deficit is not a commercial operating margin. Quarter and fiscal YTD/annual are separate scopes. June2026 notes(g),(i) explicitly recast March2026 quarter/year comparatives.",NHAI,2025,work_expenses_inr_crore,2835.9661,official_measured,official,,,,,,,,NHAI_standalone_income_expenditure|National Highway,,nhai,,,nhai,,2025-09-30,,2025-04-01 to 2025-09-30,reported,limited_review_unaudited,175094a77bd0bfe7b9022afd00b0c9959692bb10a55e571949276b141a765f07,,
nhai,NHAI,agency,NHAI,All India,National Highway,work_expenses_inr_crore,5446.3330000000005,INR crore,544633.3,INR lakh,2025-04-01,2025-12-31,fiscal_year_ytd,actual,NHAI_standalone_income_expenditure,2025-12-31,,nhai_financial_results_2025_26_to_2026_06,https://nhai.gov.in/nhai/sites/default/files/mix_file/Quarterly_Financials_for_the_Quarter_ended_on_31st_December_2025.pdf,PDF p2; NHAI_standalone_income_expenditure; work_expenses_inr_crore; 2025-12-31 column,official_measured,True,84d6384e7ab6c246d80df7732ad640053c999a9339d16757f64a91185506a443,"Original INR lakh×0.01; unaudited limited-review authority filing, not CAG-audited. Publication day unknown. Financial periods retain their own observation cutoff, including reprinted comparatives. NHAI acts as implementing agency for Government assets; deficit is not a commercial operating margin. Quarter and fiscal YTD/annual are separate scopes. June2026 notes(g),(i) explicitly recast March2026 quarter/year comparatives.",NHAI,2025,work_expenses_inr_crore,5446.3330000000005,official_measured,official,,,,,,,,NHAI_standalone_income_expenditure|National Highway,,nhai,,,nhai,,2025-12-31,,2025-04-01 to 2025-12-31,reported,limited_review_unaudited,84d6384e7ab6c246d80df7732ad640053c999a9339d16757f64a91185506a443,,
nhai,NHAI,agency,NHAI,All India,National Highway,work_expenses_inr_crore,9347.835000000001,INR crore,934783.5,INR lakh,2025-04-01,2026-03-31,fiscal_year,actual,NHAI_standalone_income_expenditure,2026-03-31,,nhai_financial_results_2025_26_to_2026_06,https://nhai.gov.in/nhai/sites/default/files/mix_file/Quarterly_Financials_for_the_Quarter_ended_on_30th_June_2026.pdf,PDF p2; NHAI_standalone_income_expenditure; work_expenses_inr_crore; 2026-03-31 column,official_measured,True,d3eb43cde399c827cfc0d7f12384559ec76120450bef526cfc75f3c1d7b799d0,"Original INR lakh×0.01; unaudited limited-review authority filing, not CAG-audited. Publication day unknown. Financial periods retain their own observation cutoff, including reprinted comparatives. NHAI acts as implementing agency for Government assets; deficit is not a commercial operating margin. Quarter and fiscal YTD/annual are separate scopes. June2026 notes(g),(i) explicitly recast March2026 quarter/year comparatives.",NHAI,2026,work_expenses_inr_crore,9347.835000000001,official_measured,official,,,,,,,,NHAI_standalone_income_expenditure|National Highway,,nhai,,,nhai,,2026-06-30,,2025-04-01 to 2026-03-31,revised,limited_review_unaudited,d3eb43cde399c827cfc0d7f12384559ec76120450bef526cfc75f3c1d7b799d0,,
nhai,NHAI,agency,NHAI,All India,National Highway,work_expenses_inr_crore,1700.7585000000001,INR crore,170075.85,INR lakh,2025-07-01,2025-09-30,fiscal_quarter,actual,NHAI_standalone_income_expenditure,2025-09-30,,nhai_financial_results_2025_26_to_2026_06,https://nhai.gov.in/nhai/sites/default/files/mix_file/Quarterly_Financials_for_the_Quarter_ended_on_30th_September_2025.pdf,PDF p3; NHAI_standalone_income_expenditure; work_expenses_inr_crore; 2025-09-30 column,official_measured,True,175094a77bd0bfe7b9022afd00b0c9959692bb10a55e571949276b141a765f07,"Original INR lakh×0.01; unaudited limited-review authority filing, not CAG-audited. Publication day unknown. Financial periods retain their own observation cutoff, including reprinted comparatives. NHAI acts as implementing agency for Government assets; deficit is not a commercial operating margin. Quarter and fiscal YTD/annual are separate scopes. June2026 notes(g),(i) explicitly recast March2026 quarter/year comparatives.",NHAI,2025,work_expenses_inr_crore,1700.7585000000001,official_measured,official,,,,,,,,NHAI_standalone_income_expenditure|National Highway,,nhai,,,nhai,,2025-09-30,,2025-07-01 to 2025-09-30,reported,limited_review_unaudited,175094a77bd0bfe7b9022afd00b0c9959692bb10a55e571949276b141a765f07,,
nhai,NHAI,agency,NHAI,All India,National Highway,work_expenses_inr_crore,2610.3669,INR crore,261036.69,INR lakh,2025-10-01,2025-12-31,fiscal_quarter,actual,NHAI_standalone_income_expenditure,2025-12-31,,nhai_financial_results_2025_26_to_2026_06,https://nhai.gov.in/nhai/sites/default/files/mix_file/Quarterly_Financials_for_the_Quarter_ended_on_31st_December_2025.pdf,PDF p2; NHAI_standalone_income_expenditure; work_expenses_inr_crore; 2025-12-31 column,official_measured,True,84d6384e7ab6c246d80df7732ad640053c999a9339d16757f64a91185506a443,"Original INR lakh×0.01; unaudited limited-review authority filing, not CAG-audited. Publication day unknown. Financial periods retain their own observation cutoff, including reprinted comparatives. NHAI acts as implementing agency for Government assets; deficit is not a commercial operating margin. Quarter and fiscal YTD/annual are separate scopes. June2026 notes(g),(i) explicitly recast March2026 quarter/year comparatives.",NHAI,2025,work_expenses_inr_crore,2610.3669,official_measured,official,,,,,,,,NHAI_standalone_income_expenditure|National Highway,,nhai,,,nhai,,2025-12-31,,2025-10-01 to 2025-12-31,reported,limited_review_unaudited,84d6384e7ab6c246d80df7732ad640053c999a9339d16757f64a91185506a443,,
nhai,NHAI,agency,NHAI,All India,National Highway,work_expenses_inr_crore,3901.5020000000004,INR crore,390150.2,INR lakh,2026-01-01,2026-03-31,fiscal_quarter,actual,NHAI_standalone_income_expenditure,2026-03-31,,nhai_financial_results_2025_26_to_2026_06,https://nhai.gov.in/nhai/sites/default/files/mix_file/Quarterly_Financials_for_the_Quarter_ended_on_30th_June_2026.pdf,PDF p2; NHAI_standalone_income_expenditure; work_expenses_inr_crore; 2026-03-31 column,official_measured,True,d3eb43cde399c827cfc0d7f12384559ec76120450bef526cfc75f3c1d7b799d0,"Original INR lakh×0.01; unaudited limited-review authority filing, not CAG-audited. Publication day unknown. Financial periods retain their own observation cutoff, including reprinted comparatives. NHAI acts as implementing agency for Government assets; deficit is not a commercial operating margin. Quarter and fiscal YTD/annual are separate scopes. June2026 notes(g),(i) explicitly recast March2026 quarter/year comparatives.",NHAI,2026,work_expenses_inr_crore,3901.5020000000004,official_measured,official,,,,,,,,NHAI_standalone_income_expenditure|National Highway,,nhai,,,nhai,,2026-06-30,,2026-01-01 to 2026-03-31,revised,limited_review_unaudited,d3eb43cde399c827cfc0d7f12384559ec76120450bef526cfc75f3c1d7b799d0,,
nhai,NHAI,agency,NHAI,All India,National Highway,work_expenses_inr_crore,1901.3663000000001,INR crore,190136.63,INR lakh,2026-04-01,2026-06-30,fiscal_quarter,actual,NHAI_standalone_income_expenditure,2026-06-30,,nhai_financial_results_2025_26_to_2026_06,https://nhai.gov.in/nhai/sites/default/files/mix_file/Quarterly_Financials_for_the_Quarter_ended_on_30th_June_2026.pdf,PDF p2; NHAI_standalone_income_expenditure; work_expenses_inr_crore; 2026-06-30 column,official_measured,True,d3eb43cde399c827cfc0d7f12384559ec76120450bef526cfc75f3c1d7b799d0,"Original INR lakh×0.01; unaudited limited-review authority filing, not CAG-audited. Publication day unknown. Financial periods retain their own observation cutoff, including reprinted comparatives. NHAI acts as implementing agency for Government assets; deficit is not a commercial operating margin. Quarter and fiscal YTD/annual are separate scopes. June2026 notes(g),(i) explicitly recast March2026 quarter/year comparatives.",NHAI,2026,work_expenses_inr_crore,1901.3663000000001,official_measured,official,,,,,,,,NHAI_standalone_income_expenditure|National Highway,,nhai,,,nhai,,2026-06-30,,2026-04-01 to 2026-06-30,reported,limited_review_unaudited,d3eb43cde399c827cfc0d7f12384559ec76120450bef526cfc75f3c1d7b799d0,,
